id,title,reason,description,create_time,equipment,location,gz_tag,qj_tag,xw_tag
2632,铁马XC2200舟桥车怠速不稳,经过冷静地分析，点火线圈有高压火，喷油器工作正常喷油。这种情况不能启动可能有两种原因,一辆铁马XC2200舟桥车，行驶里程超过14万km。该车怠速耸车，转速忽高忽低。,2017/1/1 0:00,铁马XC2200舟桥车,北京,怠速不稳,混合气,没有阅读说明书
2633,汉阳HY473AS半挂牵引车怠速不稳,经过冷静地分析，点火线圈有高压火，喷油器工作正常喷油。检查进气管路没有破损，拔掉四个 缸喷油器的电源控制插头，打马达，车启动了，但是3s后烧完进气道内剩余燃油又一次熄火。最后得出结论原因是混合气过稀。,一辆汉阳HY473AS半挂牵引车，行驶里程超过13万km。该车怠速耸车，转速忽高忽低。,2017/1/1 0:00,汉阳HY473AS半挂牵引车,北京,怠速不稳,混合气,操作分心
2634,铁马XC2200舟桥车怠速不稳,经过冷静地分析，点火线圈有高压火，喷油器工作正常喷油。插上喷油器电源手头，车启动了，但怠速时还是耸车，忽高忽低要熄火的样子。最后得出结论原因是混合气过浓。,一辆铁马XC2200舟桥车，行驶里程超过14万km。该车怠速耸车，转速忽高忽低。,2017/1/1 0:00,铁马XC2200舟桥车,北京,怠速不稳,混合气,驾驶不当
2635,ZSL92式轮式步兵战车启动困难,经过冷静地分析，点火线圈有问题，不定时出现打火失败的现象。更换之后就没有此现象的发生了。,一辆2000年8月出厂的ZSL92式轮式步兵战车，装备名称AEP直列4缸电喷发动机、排量1.8L，行驶1.7万km。早晨启动时，发动机启动困难，需多次启动才能成功。此现象己有半月有余。,2017/1/1 0:00,ZSL92式轮式步兵战车,北京,启动困难,点火器,粗心
2636,HY473（6×6）牵引车启动困难,更换点火开关该车冷启动正常，故障排除。点火开关工作不良的原因,HY473（6×6）牵引车行驶里程为16万km。近来该车常出现天冷不易启动，热车时启动正常。出现该故障现象后，在修车地的更换了各式原件，但故障依旧。最后向我服务站求救。,2017/1/1 0:00,HY473（6×6）牵引车,北京,启动困难,点火开关,修理不当
2637,东风铁甲启动困难,更换点火开关之后便冷启动正常。点火开关工作不良的原因,东风铁甲行驶里程为11万km。近来该车常出现寒冷天气不易启动的情况，非寒冷天气时启动正常。出现该故障现象后，在修车地更换了各式原件，但故障依旧。,2017/1/1 0:00,东风铁甲,北京,启动困难,点火开关,修理不当
2638,WZ901保安车启动困难,更换了点火开关后冷启动正常，故障已排除。点火开关工作不良的原因,WZ901保安车行驶里程为11万km。近来该车天冷不易启动，需要打火很久才能启动，而热天时则启动正常。出现该故障现象后，在修车厂进行过检修，更换了点火线圈、缸线、水温传感器等等，但故障依旧。,2017/1/5 0:00,WZ901保安车,北京,启动困难,点火开关,不懂保养汽车
2639,WJ94轮式装甲防暴车启动困难,更换了点火开关后冷启动正常，故障已排除。点火开关工作不良的原因,WJ94轮式装甲防暴车行驶里程为10万km。近来该车天冷不易启动，需要打火多次才能启动，而热天时则启动正常。出现该故障现象后，在修车厂进行过检修，更换了齿轮箱、中间轴、齿轮、挡杆拔叉等等，但故障依旧。,2017/1/5 0:00,WJ94轮式装甲防暴车,北京,启动困难,点火开关,粗心
2640,HY962半挂平板车启动困难,之后更换了点火开关，故障便排除。经过分析，原因是点火开关内部触点老化磨损，由接触不良导致电压下降，冷车电压下降致使该车难以启动。,"HY962半挂平板车行驶里程为1.7万km。近段时间此车天冷时不易启动，需要打火很多次才能启动，而正常天气时启动正常。出现该故障现象后进行过检修，更换了后桥,空气悬架系统,平衡块,钢板,轮胎,钢板弹簧等等，但故障依旧。",2017/1/5 0:00,HY962半挂平板车,北京,启动困难,点火开关,知道故障不修理
2641,解放CA1091汽车分电器盖窜气故障,一开始判断部分缸不工作，经断火试验后，一、五缸不工作，但在准备进一步检查火花塞工作时，无意中把一缸的高压线碰掉了，发现发动机的抖动现象减轻，再对五缸进行断火试验，其工作状态良好，把一缸的高压线接上后，发动机抖动明显，初步分析为一、五缸的窜电造成的，打开分电器盖检查，发现分电器盖一、五缸的旁插孔之间有一细小的裂纹。更换新的分电器盖，故障排除。,有一辆解放CA1091汽车，保养分时电器后试车时发现，发动机严重抖动，排气管冒黑烟，且汽车行驶无力。,2017/1/5 0:00,解放CA1091汽车,北京,分电器盖窜气故障,分电器盖,没有阅读说明书
2642,解放CA1091汽车分电器盖窜气故障,根据以上情况初步判断电路正常，故障就出在起动机上，对起动机进行拆检，发现起动机较脏，换向器有轻微的烧蚀，进一步检查没有发现其它问题，再装复试验，故障依旧，经过进一步分解检查，发现电枢绕组与转子轴脱焊，造成两者之间轴向移动，发生空转现象。对其脱焊处进行焊接处理，故障排除。,一辆解放CA1091汽车在行驶6万公里以后，出现起动机起动时打滑现象，驾驶员起初发现故障时，没有及时送修，最后导致起动机空转不能正常起动。,2017/1/5 0:00,解放CA1091汽车,北京,电枢轴脱焊造成起动机空转,电枢轴,不懂保养汽车
2643,解放CA1091汽车分电器盖窜气故障,首先怀疑是化油器有问题，对化油器平面、油道加浓装置全面检查，一切正常，拔出各缸分缸线进行跳火试验，火花强烈，电路不存在问题，又对各缸火花塞进行保养后再试车，故障依旧，用举升机把车架支起，发动车辆，踏下离合器，拔动变速杆均没有发现异常，但发现传动轴发出嘎嘎的声音，拆下传动轴进行 检查，发现一个十字轴严重磨损，滚针已折断三根，导致十字轴与滚针轴承配合松旷，导致发动机的动力不能全部地传给后桥，传动效率低，致使没耗增加，动力性下降。更换十字轴总成，故障排除。,一辆解放CA1091运输车，在平整的路上行驶，动力够用，但耗油量大，在上坡或重载等全负荷状态下行驶，动力不足。,2017/1/5 0:00,解放CA1091汽车,北京,万向十字轴磨损导致动力不足,万向十字轴,驾驶不当
2644,解放CA1091汽车分电器盖窜气故障,拆下火花塞，发现有机油等杂质，重新更换火花塞后，故障依旧，于是怀疑是长六缸气门研磨时不合格造成的，拆下气缸盖，检查气门，没有发现异常，检查活塞时，发现第一道气门断裂。检查气缸壁时，发现缸肩没有括过。刮削缸肩后，更换新环装复后试车，故障消除。,一辆解放CA1091汽车三级保养后，行驶不足三千公里时，第六缸出现工作不良。,2017/1/7 0:00,解放CA1091汽车,北京,活塞环折断,活塞,没有阅读说明书
2645,CA1092E运输车发动机连续开锅故障,按发动机开锅的故障进行分步检查排除，首先对水泵和节温器进行检查，用手握住水箱进水管中部，同时提高发动机的转速，手感压力明显增强，且水箱加水口处有翻水现象，说明水泵和节温器工作正常，用手按风扇皮带挠度，松紧度适当，此时怀疑发动机 开锅后，发动机水道内积有水蒸气，致使冷却水难以加足，为此让发动机怠速时加水，加满水后继续行驶，不久又开锅，。停车进行全面检查，发现发动机在高速时风扇有停滞现象，降低了转速，拆下皮带，发现皮带表面附有一层油污，致使发动机 高速时水泵的传速不能于水泵同步。更换新的风扇皮带后，故障排除。,边防某团有一台CA1092E型载重车，行驶不到30公里发动机出现开锅现象，当时以为是冷却水不足引起，加足冷却水继续行驶，不久又出现同样的故障。,2017/1/7 0:00,CA1092E运输车,北京,开锅故障,发动机,责任心不强
2646,解放CA1091汽车机油尺屡次跳出何故,装好机油尺，起动车辆且加速运转一段时间，机油尺又跳了出来，且有气泡冒出，，说明内曲轴箱内有高压气体，故障可能出在曲轴箱通风装置上，经检查发现与通风管相连的单向阀口被堵塞，导致曲轴箱内的废气压力增加，其它部位又处于密封状态，造成了机油尺屡次跳出的原因。清洗、保养单向阀后装复，故障排除。,有一辆CA1091运输车，机油尺屡次跳出，且有明显的声音，发现机油尺口有机油溅出。,2017/1/7 0:00,解放CA1091汽车,北京,机油尺屡次跳出,机油尺,不定时检查车况
2647,解放CA1091运输车消声器经常爆裂,出现消声器放炮的原因初步判断有两种可能，一种是点火过迟、一种为混合气过浓。从这两方面入手进行检查，首先从电路入手，检查点火是否过迟，并调整，故障没有得到解决；检查化油器的油平面，油平面正常，还是从电路方面进行检查，发现点火系时好时坏，重点检查分电器，拆下分时电器进行检查，发现分电器的低压线有磨破的地方，导致一时工作良好，一时工作不良，对应的油路仍然工作，没有燃烧的油排到消声器中，引起燃烧导致消声器放炮、甚至爆裂。把分电器内部装用的硬质橡胶的低压线更换成软质线，故障排除。,我部有一台CA1091运输车经过2年的使用后，消声器经常出现有轻微的放炮声，最后，导致消声器爆裂。,2017/1/7 0:00,解放CA1091汽车,北京,消声器爆裂,消音器,驾驶不当
2648,解放CA1090汽车气缸盖上有沙眼引起水箱开锅,分析引起开锅的原因有,一台解放CA1090运输车，在行驶过程中水箱开锅，打开发动机机盖时，发现从水箱溢出白色泡沫，并有微量的机油味。,2017/1/13 0:00,解放CA1090汽车,北京,水箱开锅,水箱,意外
2649,解放CA1092汽车发动机工作不良,经检查，油路通畅，换一化油器，未能排除故障。拨出各缸高压线试火，各缸有火，但火花较弱，查看分电器触点，有严重烧蚀现象；更换白金后试车，发动机工作有所好转，但故障并未根除。时间不长，故障又重新出现，再看分电器触点又有烧蚀现象，拆下分电器容电器引线刮火火花强烈，说明容电器良好，最后对爆燃限制器进行检查，取一12V直流试灯，一端接爆燃限制器一个插孔引出的黑线，加一端搭铁，此灯不亮，说明爆燃限制器损坏。更换已损坏的爆燃限制器，故障彻底排除。,一辆CA1092型汽车，发动机起动困难，即使起动，发动机运转也不平稳，且有熄火征兆和排气管有突突声及冒黑烟。,2017/1/13 0:00,解放CA1092汽车,北京,发动机工作不良,燃爆限制器,修理不当
2650, EQ1090型汽车运货出现震动,先检查底盘各部位螺栓紧固连接情况，有无装配不合理和漏油等现象，未发现异常。后支车试运转检查离合器、变速器、传动轴、后桥，均无异响。再针对司机介绍的情况，将重点放在后桥、传动轴的拆解检验上，特别是对后桥各部间隙、啮合印痕进行了测量，未发现有造成异响的原因。最后装复后进行重载试验，故障依然存在。但此时发现后桥钢板弹簧两侧片数虽然一致，但左、右高度不一致。经检查，右钢板弹簧的中间垫板装反了。重新装复后试验，异响排除。原来，中间垫板装反后，造成左、右钢板弹簧高度变化不一致，且受力不均，导致了异响和振动。,一辆 EQ1090型汽车，大修后承接时行驶正常，但载货行驶时传动部分出现振动和异响，特别是重载时异响更加明显，以至于不能长途运输物资。,2017/1/13 0:00,EQ1090型汽车,北京,异响,垫板,上次修理失当
2651, EQ1090型汽车起动机轴承磨损导致起动困,本车为教练车，起动机使用频繁，造成轴承磨损量过大，才使转子与定子相互摩擦。前期由于磨损较小，转子与定子之间时而短路，时而不短路，虽然还能转动，但转矩却达不到发动机起动时所需的数值。后期由于磨损加剧，转子与定子之间短路更加严重，起动机不能转动且发热。起动机轴承磨损严重，已难以修复，只能更换新品。,一辆EQlo90型教练车，无论冷车和热车，在用起动机起动时，先期是转矩变小，难以起动，后来逐渐变得不能转动。,2017/1/13 0:00,EQ1090型汽车,北京,启动困难,起动机轴承,知道故障不修理
2652, EQ1090型汽车行驶无力,当用手摇臂泵油时，由于它和内摇臂连在一起，汽油泵泵油有力，很容易忽略是汽油泵故障。正是由于汽油泵的外摇臂与凸轮轴的偏心轮接触处明显出现沟槽，偏心轮顶动外摇臂时，由于间隙增大，使汽油泵膜片行程减小，吸油量不足，不能满足汽车急加速及大负荷运行的要求，致使出现上述故障。,我部一辆EQ1090型汽车，在一般工况下行驶时（中、小负荷）动力尚可，但急加速及大负荷运行时，动力明显不足。,2017/1/13 0:00,EQ1090型汽车,北京,行驶无力,汽油泵,驾驶不当
2653, EQ1090E型汽车不启动,关闭点火开关，用试灯检查继电器电源接柱，试灯亮，正常。连接复合继电器电源与点火锁接柱，起动机无反应，鉴于已多次更换继电器，需进一步检查。连接复合继电器电源与起动机接往，起动机运转正常，说明起动机无故障，进一步确定故障有可能出在继电器之前。进一步分析电路，该型复合继电器的起动继电器线圈电路受保护继电器常闭触点控制，而该触点又受保护继电器线圈电路控制。按正常情况，起动前继电器中性点接柱没有电压输人，因而触点常闭，起动继电器应  正常工作。但问题会不会出在  这部分呢？询问驾驶员充电系  工作情况，驾驶员回答发现充  电电流偏小。,一辆EQ 1090E型汽车在打开点火开关起动时，出现起动机无任何反应故障。更换了多个复合继电器与电磁起动开关均无效。,2017/1/13 0:00,EQ1090E型汽车,北京,启动困难,二极管,责任心不强
2654, 东风铁甲启动困难,关闭点火开关，用试灯检查继电器电源接柱，试灯亮。连接复合继电器电源与起动机接往，起动机运转正常，说明起动机无故障，进一步确定故障有可能出在继电器之前。进一步分析电路，该型复合继电器的起动继电器线圈电路受保护继电器常闭触点控制，而该触点又受保护继电器线圈电路控制。在点火开关关闭的情况下进一步检查用试灯检查复合继电器中性点接柱，试灯亮，此处出现异常。分解发电机，检查硅整流器，发现一支正二极管击穿短路。更换正极元件板后装复，故障排除。因正二极管短路，蓄电池电流经该二极管流经定子线圈，再经发电机N接柱后向保护继电器供电，致使常闭触点常开，起动继电器不能工作。该故障十分隐蔽，用典型的起动系故障诊断方法难以确诊。,一辆东风铁甲在打开点火开关起动时，起动机无任何反应。更换了多个复合继电器与电磁起动开关均无法修复。,2017/1/30 0:00,东风铁甲,北京,启动困难,二极管,不定时检查车况
2655, EQ1090型汽车气缸盖碗形塞锈穿故障,抽出机油尺，发现机油平面明显升高，且机油呈灰白色。拆下气缸盖检查发现，气缸垫无明显冲坏处，但由于曲轴箱、气缸已进水，加之气缸垫已老化，综合上述现象，凭经验更换了气缸垫。发动车辆行驶3km左右，原故障又出现，再检查气缸垫，未  发现冲坏现象。目测气缸体及  气缸盖，无破裂现象，本着先  简后繁的原则，对气缸盖进行  水压测试。结果发现气缸盖上  的碗形塞（俗称堵头）锈穿。更换碗形塞后试车，故障排除。由于碗形塞与气缸盖的材质不同，结构较薄，又在高温和水的浸泡环境  中工作，容易锈蚀和松脱。因此，对气缸盖碗形塞也应适时检查。,一辆EQ 1090型汽车，发动机工作时出现动力不足，发出无节奏的突突声，消声器冒黑烟。,2017/1/30 0:00,EQ1090型汽车,北京,气缸盖碗形塞锈穿,气缸,上次修理失当
2656, EQ1090E型汽车启动困难,关闭点火开关，用试灯检查继电器电源接柱，试灯亮，正常。连接复合继电器电源与点火锁接柱，起动机无反应，鉴于已多次更换继电器，需进一步检查。按正常情况，起动前继电器中性点接柱没有电压输人，因而触点常闭，起动继电器应正常工作。在点火开关关闭的情况下进一步检查用试灯检查复合继电器中性点接柱，试灯亮，此处出现异常。拆下发电机N接柱上的导线，用试灯检查该接柱，试灯亮，打开点火开关，起动正常，断定故障在发电机硅整流器。分解发电机，检查硅整流器，发现一支正二极管击穿短路。更换正极元件板后装复，故障排除。该故障十分隐蔽，用典型的起动系故障诊断方法难以确诊。,一辆EQ 1090E型汽车在打开点火开关起动时，出现起动机无任何反应故障。更换了多个复合继电器与电磁起动开关均无效。,2017/1/30 0:00,EQ1090E型汽车,北京,启动困难,二极管,没有阅读说明书
2657, EQ1090型汽车气缸盖锈穿故障,抽出机油尺，发现机油平面明显升高，且机油呈灰白色。拆下气缸盖检查发现，气缸垫已老化，凭经验更换了气缸垫。发动车辆行驶3km左右，原故障又出现，再检查气缸垫，未发现冲坏现象。目测气缸体及气缸盖，无破裂现象，本着先简后繁的原则，对气缸盖进行水压测试。发现气缸盖上的碗形塞锈穿。更换碗形塞后试车，故障排除。由于碗形塞与气缸盖的材质不同，结构较薄，又在高温和水的浸泡环境中工作，容易锈蚀和松脱。,一辆EQ 1090型汽车，发动机工作时出现动力不足，发出无节奏异响，并会黑烟。,2017/1/30 0:00,EQ1090型汽车,北京,气缸盖锈穿,气缸,没有阅读说明书
2658, EQ1090型汽车发动机汽油泵故障,该车装用EQ6l00-1 型发动机。起初以为这一现象是油箱无汽油或管路进油处破裂造成。检查发现，汽油管路正常。对汽油泵进行手泵油和机械泵油性能比较，状态良好，但发现汽油泵开始泵油后一段时间，燃油不能控制在油泵内的油腔里，不但进不了化油器，反而倒流进油箱内。拆下汽油泵油杯盖，取出进、出油阀，检查弹簧、阀片和密封圈，发现出油阀与阀片密封不良。本想将阀座与阀片稍为研磨一下，因在野外，条件不具备，只好将进、出油阀进行调换试验，故障随即排除，而且泵油性能明显提高。,一辆EQ 1090型汽车在进人大别山人烟稀少地区路途中，突然出现燃料系向发动机供油时断时续，造成发动机最终熄火。,2017/1/30 0:00,EQ1090型汽车,北京,汽油泵故障,发动机,驾驶不当
2659, EQ1090型汽车电路故障,发动机在低转速时，因触点闭合时间相对较长，有足够的能量使高压线圈中感应出高电压。在用分缸线跳火进行试验时，有足够的电压击穿被腐蚀的高电阻分缸线，故表现为跳火正常；当发动机转速升高后，触点闭合时间相对缩短，无法在高压线圈中感应上很高电压，不足以击穿高电阻分缸线，而使该缸不工作，从而表现为少数缸不工作症状。当触点逐渐烧蚀，通过的电流愈来愈小，使高压线圈中的感应电压逐渐变化，表现出发动机由高速时少数缸不工作而逐渐演化为中速、低速。急速时少数缸不工作的现象，待换修白金触点后又好转。,一辆EQ1090型汽车，已行驶 6万多 km。行驶中逐渐感到动力下降，化油器回大放炮，难以起步。经检查发现白金触点烧蚀，修磨后发动机能正常工作。但不久又出现上述故障现象。如此每行驶20多km，需修磨一次触点。检查分电器上电容器，性能良好；又并联上一只电容器，此故障现象依然存在。,2017/1/30 0:00,EQ1090型汽车,北京,分缸线故障,分缸线,上次修理失当
2660, EQ1090E型严重漏油,该车原来的木质油封条配合松旷造成漏油，用石棉线代替后问题更加严重，说明填塞石棉线的方法不当。经拆卸 第7道主轴承盖检查，果然发现石棉线垫得太多，超出了气缸体主轴承盖的平面，使第7道主轴承盖与气缸体接触平面间形成缝隙，主轴承盖上的油封与曲轴主轴颈间产生缝隙，造成严重漏油。先拆掉离合器壳底盖，将油迹擦干，再使发动机运转，确认机油从第7道主轴瓦盖两侧流出。将多余的石棉线去掉铲平后，装复试验，故障排除。,一辆已经行驶1万 km的  EQ1090E型汽车，发动机后端出现严重漏油。拆检时，发现曲轴后主轴承盖（第7道主轴承盖）的木质油封条配合松旷，用石棉线代替后漏油更加严重。机油从离合器壳底盖小孔处流出，离合器壳内都是机油，但飞轮上无机油。经仔细观察，发现机油是从第7道主轴承盖两侧流出的。,2017/1/30 0:00,EQ1090型汽车,北京,漏油,轴承,修理不当
2661, EQ1090型汽车行驶摇头,根据故障现象，首先对前轮进行换位，并调整前轮前束，保养轮毂轴承和横、直拉杆之后进行试车，摇头现象仍存在；更换转向主销衬套后再试车，也无明显好转。经反复检查，怀疑可能是前钢板弹簧销配合松旷引起。在拆卸、保养钢板弹簧时发现，钢板销衬套已严重磨损并破裂。更换钢板销衬套后试车，行驶正常。,一辆EQ 1090型汽车在进人大别山人烟稀少地区路途中，突然出现燃料系向发动机供油时断时续，造成发动机最终熄火。,2017/2/5 0:00,EQ1090型汽车,北京,行驶摇头,钢板销衬套,没有阅读说明书
2662, EQ1092FY型汽车漏水,当发动机工作时，因机体温度升高，冷却水受热膨胀而将多余的水通过水箱盖排水阀门排人膨胀水箱，而发动机熄火冷却后，机体温度降低，冷却水冷却，体积缩小。在水箱工作正常时，膨胀水箱里的水在真空作用下，通过水箱盖回水问将水补人水箱。当水箱盖回水间卡死时，膨胀水箱内的水无法补回水箱，在真空作用下，上水管被吸瘪开裂。,我部一辆EQ 1092FY型汽车在送修前已更换5次水箱上水管，每次更换后行驶不久，就被吸瘪开裂，造成漏水。,2017/2/5 0:00,EQ1090型汽车,北京,漏水,水箱盖,修理不当
2663, EQ1090型汽车发动机正时齿轮损坏,EQ 1090型汽车有关技术标准规定，发动机气缸体上曲轴轴承孔轴线与凸轮轴轴承孔轴线的平面度公差为0．10mm，两轴的第一道轴承孔的轴线距离应为133．35+0.05mm。从标准的要求来看，两齿轮的中心距只能大而不能小。一对相啮合的标准齿轮在分度圆与节圆重合时即出现无齿侧隙啮合。此两齿轮中心距都小于标准中心距，再加上正时齿轮的传动比为2 ,一辆运行了20万 km的 EQ1090型汽车大修后，出现每行驶300km－500km时，正时齿轮即损坏。吊下发动机解体检查，对装正时齿轮的发动机曲轴和凸轮轴轴颈的径向跳动进行测量，没有发现问题。在对发动机气缸体上的曲轴轴线与凸轮轴轴线间的距离进行测量时，发现此距离为133．20mm，比标准要求小了0．15mm，从而造成正时齿轮损坏。,2017/2/5 0:00,EQ1090型汽车,北京,齿轮损坏,齿轮,上次修理失当
2664, EQ1090型汽车发动机齿轮损坏,EQ 1090型汽车有关技术标准规定，发动机气缸体上曲轴轴承孔轴线与凸轮轴轴承孔轴线的平面度公差为0．10mm，两轴的第一道轴承孔的轴线距离应为133．35+0.05mm。从标准的要求来看，两齿轮的中心距只能大而不能小。此两齿轮中心距都小于标准中心距，再加上正时齿轮的传动比为2 ,一辆运行了20万 km的 EQ1090型汽车出现每行驶300km－500km时，齿轮即损坏。在对发动机气缸体上的曲轴轴线与凸轮轴轴线间的距离进行测量时，发现此距离比标准要求小了0．17mm，从而造成正时齿轮损坏。,2017/2/5 0:00,EQ1090型汽车,北京,齿轮损坏,齿轮,粗心
2665, EQ1090型汽车起动困难 ,正常情况下，发动机中、高速时电器设备是由发电机供电，怠速时则由蓄电地供电。经分析，故障出在电源保险装置或电流表的可能很大。检查发现电流表接线柱松动，绝缘胶垫烧焦，但未接铁。这是由于电流表接线柱松动，电流表通电不畅，在烧坏绝缘胶垫的同时电阻增大，使电流表通过的电流仅能维持发动机用手摇柄起动所需的电能，而不能克服起动继电器触点弹簧的拉力，故起动发动机时起动机不转。而开灯或按喇叭时要消耗电能，使点火系不能正常工作，并导致发动机怠速熄火。更换绝缘胶垫，紧固电流表接线柱，故障现象消失。,一辆东风 EQ1090型汽车，起动发动机时起动机不转，但用手摇柄却能顺利起动。怠速时，不能使用电器设备。如开灯或按喇叭，发动机就熄火，而中、高速时使用各种电器设备对发动机无影响。开始怀疑蓄电池电压不足，用螺丝刀短接起动机蓄电池接柱与起动机磁场接柱，起动机立即转动，说明蓄电池电量充足，起动机完好。故障有可能出在点火开关至起动继电器的电路中。检查从点火开关至起动继电器线路、继电器线圈等均无异常现象。,2017/2/5 0:00,EQ1090型汽车,北京,起动困难 ,电流表,没有阅读说明书
2666, EQ1090型汽车起动困难 ,正常情况下，发动机中、高速时电器设备是由发电机供电。经分析，故障出在电源保险装置或电流表的可能很大。检查发现电流表接线柱松动，绝缘胶垫烧焦，但未接铁。而开灯或按喇叭时要消耗电能，使点火系不能正常工作，并导致发动机怠速熄火。更换绝缘胶垫，故障现象消失。,一辆东风 EQ1090型汽车，起动发动机时起动机不转，但用手摇柄却能顺利起动。如开灯或按喇叭，发动机就熄火，而中、高速时使用各种电器设备对发动机无影响。开始怀疑蓄电池电压不足，用螺丝刀短接起动机蓄电池接柱与起动机磁场接柱，起动机立即转动，起动机完好。,2017/2/5 0:00,EQ1090型汽车,北京,起动困难 ,电流表,不懂保养汽车
2667, EQ144型汽车轮胎异常,经检修发现后桥左后钢板弹簧中心螺栓切断，左后板簧总成在后桥壳上的位置也发生了改变，左右轴距差超限（达5 mm以上）。虽然两前轮位于直线行驶，但因后桥两边轮胎已向右偏转了一定角度，致使汽车自动向左转动，须用手向右拉动方向盘，才能保持直线行驶。同时，由于汽车轴距发生了改变，引起了轮胎偏磨。更换新件，故障消失。,一辆东风 EQ144型汽车，经一段时间的使用后发现左后轮胎磨胎现象比较严重。其胎冠正中有大块帘线露出，胎肩磨成锯齿形，其它胎也有轻度伤胎现象。而且在行驶中方向盘要用手向右拉住，否则会自动跑向左边；右转弯时和急转弯处均要打倒车才能通过。,2017/2/5 0:00,EQ144型汽车,北京,轮胎异常,轮胎,操作分心
2668, EQ1090型汽车变速器重载跳档  ,分析该变速器重载跳挡的原因是,一辆东风E01090型汽车在行驶中出现下列现象,2017/2/5 0:00,EQ1090型汽车,北京,发动机固定螺栓松脱,发动机,上次修理失当
2669, EQ1090型汽车硅整流发电机不发电,发电机发电时，在电枢接线柱上短路试火所产生的电流可能将三相绕组和整流二极管烧坏，而刮火电流的突然变化会使三相绕组感应出高压电，可能将二极管反向击穿。我们可用下列方法检查判断其发生的部位。①对磁场线路的检查方法是，接通点火开关档，用起子杆部靠近发电机的后端。若起子杆有被磁力吸引的现象，说明发电机磁场线圈工作正常；若不受磁力吸引，则应卸掉发电机磁场导线接线柱“F”上的接头，在该接线柱上刮火。若无电火花，可能是点火开关至磁场线圈间出现断路。如,我部一辆东风 EQ1090型汽车发电机在正常行驶时，突然出现不发电故障。经检查发现，此故障是因为一项检查调节器磁场接线柱上的导线接头松脱故障时方法不当，将整流二极管烧坏，致使发电机不发电。,2017/2/15 0:00,EQ1090型汽车,北京,发电机故障,发电机,上次修理失当
2670, EQ1090型汽车分异响,经分析，原来是分电器传动轴弯曲后，由于磨损，其径向间隙增大至1．54mm，导致在运转中产生磨擦和异响。该声响在怠速较小，当转速提高到中这时最大，高速时由于杂音干扰反而听不清楚。,考虑到凸轮轴轴承的异响应是一种有节奏的问响，而该发动机在提高转这时响声加大，且凸轮轴附近没有震动感，因此排除了对凸轮轴轴承异响和凸轮轴正时齿轮响的怀疑，检查气门挺杆，也未发现异常。经分析认为故障可能是分电器传动轴严重磨损或弯曲变形而造成的异响。为此，我们更换了分电器传动轴，异响消除。,2017/2/15 0:00,EQ1090型汽车,北京,电器传动轴松动,电器传动轴,知道故障不修理
2671, EQ1090型汽车起动困难,由于驾驶员在保养化油器时，加速油道出油阀钢球掉人气缸，而导致踩动加速踏板时，钢球不能上行堵住虹吸孔，加速油道供油泄漏，造成起动较困难和没有加速性能。且在加速过程中，由于节气门陡然开启，而加速喷嘴不能参与供油，机械加浓和真空加浓装置又来不及参与工作，所以造成瞬时混合气过稀，导致发动机在急加速时熄火。又由于钢球落人气缸中导致异响，在此提醒驾驶员朋友们，在保养化油器时，一定要细心，不要漏装、错装，以免引起不应有的故障。,一辆 EQ1090型运输车，驾驶员就车保养化油器后，出现如下故障,2017/2/15 0:00,EQ1090型汽车,北京,起动困难 ,化油器,上次修理失当
2672, EQ1090型汽车启动困难,造成故障的原因是通风单向阀弹簧过硬。当使用起动机时，曲轴单向阀不能吸附在阀座上，使大量空气直接经单向阀座大孔经进气管进人气缸，降低了化油器的真空度，不仅造成混合气过稀，而且混合气也难以进人气缸，导致发动机起动困难。,一辆刚保养过的 EQ1090型汽车，在冷、热状态下均不易启动，特别是热车时，而当推车或向化油器中倒人适量汽油时，却易发动。,2017/2/15 0:00,EQ1090型汽车,北京,启动困难,曲轴箱通风单向阀,意外
2673, EQ1090型汽车冒黑烟,根据现象，首先进行断火检查，各气缸工作无明显变化。拆下各高压线，吊火检查，故障依然存在，且各分缸线跳火良好。其次路试时没有发现动力下降，可以排除气缸漏气的假想。通过进一步分析，认为少数缸不工作的可能性较大，于是检查、清洗火花塞之后，发现三缸火花塞绝缘陶瓷有裂纹，导致三缸不工作，换新品后，故障消失。,一辆东风EQ1090型汽车，发动机高。中、低速时消声器发出有节奏的“突突”声，且怠速稍高和慢加速时现象明显，拉阻风门无好转，观察尾气稍有黑烟。,2017/2/15 0:00,EQ1090型汽车,北京,冒黑烟,火花塞,操作分心
2674, EQ1090型汽车变速器跳挡,针对变速器各装置正常却频繁跳挡的现象，怀疑故障可能是出在离合器或飞轮、飞轮壳等部位。拆下离合器检查，未发现异常。当从发动机缸体上拆下飞轮壳时，发现没有装飞轮壳定位销。,一辆东风  EQ1090型汽车大修后，变速器出现跳挡现象。拆下变速器检查，其操纵机构、传动机构均无故障。,2017/2/15 0:00,EQ1090型汽车,北京,变速器跳挡,变速器,操作分心
2675, EQ1090型汽车行驶无力,可能是火花塞工作不好，逐缸试火，发现第五缸火花塞不工作，卸下后，发现火花塞绝缘瓷击穿短路，造成五缸工作不良。更换新火花塞后，故障依然存在。检查又发现电容器绝缘不好，致使高压电时强时弱，使发动机点火不良。更换电容器后，故障全部消除。,一辆  EQ1090型汽车在运行中，发动机发出“突突”声，排气管放炮，行驶无力，温度升高。按照常规办法，首先判断为油路故障，认为是混合气过浓引起的，经检查，浮子室油面不高，其它方面也正常，不存在混合气过浓问题。尔后，判断为电路故障，首先怀疑低压电路有问题，拆开分电器益看白金，间隙合适，上下触点有轻微烧蚀。擦磨触点后发动试验，故障仍未消除。又打开分电器盖，发现白金卡簧脱出，上白金上、下窜动使触点接触不良，高压火花时强时弱，导致发动机动力不足。,2017/2/19 0:00,EQ1090型汽车,北京,行驶无力,混合气,不懂保养汽车
2676, EQ1090型汽车爆燃,发动机爆燃与压缩比有关，一定型号的分电器只能适用于具有一定压缩比的发动机。此次大修后的发动机仍装用原型号的分电器，即与压缩比6．75相对应的p632型分电器。经过测量，大修后的压缩比为7．0，此时分电器应选用FD632C型或FD632D型。而用FD632型分电器的离心提前角在各种转速下都比后者大，其真空提前角在任何的真空度下也都比后者大。爆燃的原因是大修后将FD632型分电器装在压缩比为7．0的发动机上，使发动机点火偏早。,一辆EQ1090型汽车，经过大修后，能正常起动，但不久即发生爆燃现象。,2017/2/19 0:00,EQ1090型汽车,北京,爆燃,气缸,驾驶不当
2677, EQ1090型汽车行驶无力,可能是火花塞工作不好，逐缸试火，发现第五缸火花塞不工作，卸下后，发现火花塞绝缘瓷击穿短路，造成五缸工作不良。更换新火花塞后，故障依然存在。检查又发现电容器绝缘不好，致使高压电时强时弱，使发动机点火不良。更换电容器后，故障全部消除。,一辆  EQ1090型汽车在运行中，发动机发出“突突”声，排气管放炮，行驶无力，温度升高。按照常规办法，首先判断为油路故障，认为是混合气过浓引起的，经检查，浮子室油面不高，其它方面也正常，不存在混合气过浓问题。尔后，判断为电路故障，首先怀疑低压电路有问题，拆开分电器益看白金，间隙合适，上下触点有轻微烧蚀。擦磨触点后发动试验，故障仍未消除。又打开分电器盖，发现白金卡簧脱出，上白金上、下窜动使触点接触不良，高压火花时强时弱，导致发动机动力不足。,2017/2/19 0:00,EQ1090型汽车,北京,行驶无力,混合气,责任心不强
2678, EQ1090型汽车蓄电池损坏,众所周知，电流表上的绝缘垫上应有突台，其突出部分应嵌人仪表盘壳的孔中，将仪表盘亮与负接线柱隔开。经过驾驶员认真检查后发现，这辆车上的电流表负接线柱绝缘垫圈是用不合格的平面绝缘垫圈代替的。这样一来电流表的负接线柱在仪表盘壳中不能定位，使负接线柱与仪表盘壳两者之间有轻微接触，造成缓慢漏电。此电流未通过电流表，故从电流表上不能发现。更换线束总成时，由于只拆掉了电源导线接头的螺母，未拆掉电流表接线柱的固定螺母，故不易发现垫圈问题。,某部一辆进行过大修的EQ1090型汽车，行驶不到一年就用坏了好几个蓄电池。开始时驾驶员认为是电路中有短路故障，但一直查不出短路的部位，在更换了电源、点火和起动电线束总成后，还是不能解决问题。偶然在一次行车途中，汽车在爬坡时受到颠簸后，驾驶员突然发现仪表盘背面冒出电火花。于是将车停住，一面踏下加速踏板，一面寻找放电部位。结果查明跳火发生在仪表盘背后电流表的负接线柱处，并发现仪表盘壳在负接线柱周围有电火花烧蚀的痕迹。因此，判定蓄电池的损坏是该处短路所造成的。,2017/2/19 0:00,EQ1090型汽车,北京,蓄电池损坏,蓄电池,意外
2679, EQ1090型汽车大量漏油,经维修人员检查分析，这一故障是机油泵传动轴断开造成的。众所周知，由于这种型号汽车机油泵在传动齿轮下部，其传动轴联轴节插口处有应力集中现象，发动机工作时，有可能从该处断开。而分电器传动轴插口在传动  齿轮上部，且负荷较机油泵小，故  不易断开。一旦机油泵传动轴断  开，机油泵便停止供油，而分电器  却能正常工作。这时，若不注意观察仪表，发动机轴瓦就可能烧坏，甚至抱死，使曲轴报废。,一辆东风 EQ1091型汽车在中速行驶时，突然机油压力过低，指示灯发亮。同时机油压力表指针指“0”。,2017/2/19 0:00,EQ1090型汽车,北京,大量漏油,机油泵,不定时检查车况
2680, EQ1090型汽车爆燃,导致曲轴箱爆燃的主要条件是,一辆EQ109O型汽车行驶约2万公里后，驾驶员对曲轴箱通风装置等部位进行了保养。起动试车时，伴随着化油器“回火”，曲轴箱突然发生爆燃，爆燃形成的高压气体将加机油口盖冲出数米远，险些伤人。,2017/2/19 0:00,EQ1090型汽车,北京,爆燃,曲轴箱,驾驶不当
2681, EQ1090型汽车跳挡,拆检变速器，发现第二轴（输出轴）后边突缘的锁紧螺母严重松动，而其它各机件如齿轮机构、操纵机构均完好无损。分析认为，造成跳挡的原因是第二轴后突缘锁紧螺母严重松动，致使第二轴前后窜动，引起跳挡，而锁紧螺母松动是因为锁紧螺母下的碟形垫片装反而不起锁止作用造成的。正确的安装方法是,一辆EQ1090 型汽车在行驶中无论加油或收油，只要发动机曲轴转速变化，三挡就会立即跳到空挡。,2017/2/19 0:00,EQ1090型汽车,北京,跳挡,垫片,意外
2682, EQ1090型汽车启动困难,在出现该故障的初期，由于凸轮轮轴正时齿轮与齿毁间松动的间隙较小，所以对配气相位和点火正时影响也较小。随着凸轮正时齿轮的不断工作，作用在齿轮上的冲击力使齿毅和齿轮间的间隙越来越大，从而造成原配气相位位移，改变了原有的点火正时角度，因而就出现了上述发动机起动越来越困难的情况。维修时消除此间隙，故障也随之排除。,一辆EQ1090型汽车，最初起动性能良好。但该车运行一段时间后，发现有起动困难的现象，且重载时明显感到发动机动力下降。再继续使用数月时间，这种现象越来越严重，最后就是用手摇起动也只是偶有起动迹象，拖车起动也相当困难。,2017/2/19 0:00,EQ1090型汽车,北京,启动困难,齿轮,操作分心
2683, EQ1090型汽车熄火困难,事后得知，一名学员在检查电路时，无意中将起子触到发电机的电枢接柱上，擦出强烈火花。他担心会因此烧坏发电机，并自作聪明地认为若是在关闭点火开关后能切断蓄电池与发电机之间的连接，就不会出现火花。于是，他就私自把发电机电枢接往至点火开关I接柱的粉红色导线拆下接到了Ⅱ接柱上。这样，虽能消除火花，却导致了发动机不能熄火。原  因是交流发电机具有低速发电的特性，而此时发电机直接与点火线圈的导线相连，所以即使关闭了点火开关，甚至是关掉电源总开关，发电机仍可为点火线圈低压线路供电，致使发动机不能熄火。,一辆东风 EQ1090E型教练车在驾训途中，关闭点火开关后发动机不能熄火；再关闭电源总开关，仍然不能熄火。查听其怠速运转的声音，没有异常响声且运转平稳，只得对其强制熄火并进行检查。,2017/2/19 0:00,EQ1090型汽车,北京,熄火困难,发电机,修理不当
2684, EQ1090型汽车启动困难,将松动的螺钉拧紧后，起动试车，一切恢复正常。既然进气管漏气，为什么发动机前三个缸能工作呢？原来，松动漏气的螺钉比较靠后，所以前面三个缸依然能形成较正常的混合气，发动机就是依靠这三个缸勉强工作的。,一辆EQ1090汽油车，行驶中突然感觉缺缸，驾驶员以为是点火系有故障，经检查未发现问题。再起动发动机试验，发现有漏气声，且后三个缸同时不工作。,2017/2/19 0:00,EQ1090型汽车,北京,启动困难,发动机,意外
2685, EQ1090型汽车异响,因压盘弹簧弹力不足，导致从动盘与飞轮结合不紧，加之传动钢片一端松动，压盘与离合器盖之间沿圆周方向产生相对移动，飞轮和离合器盖上的转矩传递到压盘上时就会损失一部分，且传递不均匀，便出现了起步时车身发抖、离合器发响现象。,一辆 EQ1090型汽车，行驶5．5万公里后，起步时车身抖动和离合器发出响声，起步后，症状则减轻。,2017/3/12 0:00,EQ1090型汽车,北京,异响,离合器,粗心
2686, 东风铁甲开锅,发动机怠速运转时，由于转速较低，风扇尚能正常运转，发动机不会出现过热现象。当发动机中、高速运转时，风扇与水泵轴之间出现了相对运动，致使风扇的转速低于水泵轴的转速，冷却效果明显变差，水箱极易出现“开锅”。将锁块插进风扇轴的槽内，风扇与轴便成为一体，风扇的转速即能随水泵轴转速的变化而变化，即冷却作用可以根据需要而自动调节，发动机便不会出现过热现象。,一辆东风铁甲，怠速运转时发动机温度正常，但中速运转不到10分钟，发动机就过热，水箱随即“开锅”。,2017/3/12 0:00,东风铁甲,北京,开锅,发动机,操作分心
2687, EQ1090型汽车车灯不亮,更换烧断的保险丝，按原线装好后，故障即排除。此故障本不复杂，但是由于测灯能亮而忽略了对保险丝的检查，致使问题复杂化，这是由于没有注意该车的结构特点造成的。因为在 EQ1090型汽车上，灯光继电器除了保护车灯开关外，当保险丝断路后还能自动接通侧灯电路，以免灯光全部熄火而发生事故。,一辆 EQ1090型汽车，灯开关无论开到哪个挡位，侧灯都亮，其余灯均不亮。,2017/3/12 0:00,EQ1090型汽车,北京,车灯不亮,保险丝,修理不当
2688, EQ1090型汽车行驶无力,该故障源于变速器第一轴前端轴承。该变速器第一轴由两个轴承支承，其前端通过滚珠轴承安装在飞轮中心座孔内，后端则用滚柱轴承安装在变速器壳前壁的轴承孔内。工作中，后端轴承靠变速器内的齿轮油润滑，而前端轴承则需外注润滑油润滑。由于外注润滑油的油嘴在离合器油底壳内，不易被发现，注油也较难，因而使变速器第一轴前端轴承得不到充分润滑而不灵活，其结果是第一轴随同飞轮一起转动，挂挡时便出现齿轮撞击声，而且挂不进挡。一旦该轴承严重烧蚀，还将造成离合器片或第一轴常啮齿轮损坏。,一辆刚行驶11000公里的 EQ1090型汽车，日常使用中性能良好，但在一次运输途中变速器突然挂不进挡，且发出齿轮撞击声。,2017/3/12 0:00,EQ1090型汽车,北京,行驶无力,变速器,责任心不强
2689, EQ1090型启动困难,由于发动机与车架的搭铁线长期使用又没有进行维护，致使固定螺栓几乎锈断，其电阻明显增大，电流便不能顺利由蓄电池负极构成回路，致使用起动机起动困难。当用手摇柄摇车时，手摇柄将保险杠与发动机相连，充当了临时搭铁线。这样，手摇柄在保险杠上转动时，相当于蓄电池正负极之间碰刮，所以产生火花。,一辆EQ1090型汽车，因用起动机起动困难而用手摇柄摇车，但手摇柄转动时保险杠出现火花，发动机也不易发动。,2017/3/12 0:00,EQ1090型汽车,北京,启动困难,发动机,知道故障不修理
2690, EQ2080型汽车启动困难,此种车型采用起动  继电器和充电指示控制继电器相  结合的组合继电器。起动继电器有一对常开触点，用来接通或切断吸引线圈和保持线圈的电路。充电指示控制继电器有一对常闭触点，其电磁铁线圈由发电机中性点供电。正常情况下，发动机起动后发电机即建立电压，中性点便以一定的电压对充电指示控制继电器线圈供电。当中性点电压达到额定值的  1／2后，线圈通过的电流使铁芯产生吸力而使触点张开，起动继电器则因线圈的电路切断而使触点张开，起动机便停止运转。二极管击穿后，中性点电压保持额定值，致使充电指示控制继电器触点总是处于张开状态，起动继电器触点也就不再闭合，所以起动机不能转动。,一辆 EQ2080型特种车，将点火开关置于起动挡后，起动机继电器出现“咋嚓”响声，但起动机不转。用万用表检查继电器及起动机开关，均未发现异常；用起子将继电器最后一组触点连接后车辆随即起动，断开后发动机  又熄火；检查发电机中性线有电，  判断为发电机二极管击穿。,2017/3/12 0:00,EQ2080型汽车,北京,启动困难,起动机,不懂保养汽车
2691, EQ1092F1A型汽车行驶无力,调压阀的主要作用是当贮气筒达到规定气压后自动调节贮气筒的气压。当贮气筒的气压未达到调节气压值时，调压阀阀体在弹簧张力作用下将气压调节孔封闭；而当贮气筒的气压达到调节值时，贮气筒内的气体压力即克服调压阀弹簧的张力，调压阀阀体即离开气压调节孔，空压机内的压缩气体便由此间隙排人大气。当储气筒的气压低于调节值时，调压阀阀体在弹簧张力作用下，又将气压调节孔封闭，从而保持储气筒内的气压恒定。上述故障中，由于阀体进水，造成阀体和弹簧生锈卡死。使阀体与排气阀座间始终有间隙，空压机的压缩气体便由此排人大气而不能向贮气筒充气。由于在一段时间内多辆汽车出现同一故障，可能具有一定的普遍性，因此建议大家加强对该部件的保养，一旦出现此类故障，应有针对性地进行检查和排除。,3辆EQ1092F1A型汽车，行驶中相继出现气压表指针慢慢回零的现象。没过几日，一辆状态一直良好的该型汽车，在行驶途中又出现上述现象。,2017/3/12 0:00,EQ1092F1A型汽车,北京,行驶无力,贮气筒,意外
2692, EQ1090E型汽车启动困难,EQ1090E型汽车制动系统中，在双腔并列膜片式制动阀到后轮制动气室之间的管路中装有膜片式快放阀，其作用是当松开制动踏板时，使后轮制动气室放气时间缩短，保证后轮制动迅速解除。为保证快放阀工作正常，使用中应经常放掉贮气筒中积存的水分，否则，这些带有机油的水分随压缩空气进人快放阀，将使其膜片发胀，从而造成解除制动时制动气室的压缩气体不能迅速排出。该车制动发咬问题就是由此而来。,一辆EQ1090E型汽车（装用双管路气压式制动系统），行驶中后制动器出现发咬故障。,2017/3/12 0:00,EQ1090E型汽车,北京,启动困难,贮气筒,操作分心
2693, EQ1090型汽车异响,由于分电器低压导线大部分钢丝已折断，其横截面积大大减小，从而使初级电路的电阻明显增大，通过的电流则明显减小，致使点火线圈产生的高压不足。这样，当发动机温度低时，虽然起动较困难，车辆还基本能正常行驶；随着行驶里程的增加，发动机温度升高后点火线圈的温度也随之升高，其电阻值便随温度的升高而增大，结果点火线圈产生的高压电就更加不足，致使高压火花更弱甚至断火，气缸中的可燃混合气便不能燃烧或燃烧不完全。当这些未被点燃或未完全燃烧的可燃混合气排人消声器后，一旦遇到废气中的火星就会爆燃。这就是该车在行驶一段路程后出现“放炮” 的原因。,一辆EQ1090型汽车，行驶中排气消声器老“放炮”，检查发现分电器触点有烧蚀现象。用砂条修磨触点并调间隙整后发动机起动、运转均正常，但行驶约50公里，排气消声器又出现“放炮”现象。,2017/3/12 0:00,EQ1090型汽车,北京,异响,混合气,驾驶不当
2694, EQ1090型行驶无力,由于该车变速器2、3挡同步器齿套前、后不对称，即其一面有9毫米的凸肩，另一面则无此凸肩，当将其装反后，会使齿套向凸肩相反的方向移动9毫米。这个距离正好可将2、3挡变速叉置于2、3挡齿套外，虽然变速器盖仍能装上，装复后挂2挡变速杆也能到位，但变速杆拨动2、3挡变速叉时，2、3挡同步器齿套并未随之移动，所以无动力输出。,一辆EQ1090型汽车，大修后试车时挂2挡变速杆能到位，但无动力输出；挂3档时却挂不进去，其它挡工作均正常。,2017/3/12 0:00,EQ1090型汽车,北京,行驶无力,变速器,责任心不强
2695, EQ1090型转向困难,用三角木塞在左前轮后方，起动发动机后向后倒车，使钢板弹簧回位，然后紧固U型螺栓。经试车，故障已消失。由于左钢板弹簧U型螺栓松动，造成该钢板弹簧后移，这样，汽车左转弯时就因轮胎与钢板弹簧摩擦而出现转向不足的故障。,一辆 EQ1090型汽车，山路行驶时出现一边转向不足的故障，正常情况下打一把转向盘就可通过的弯道，需要打几把并倒车后才能通过。,2017/3/12 0:00,EQ1090型汽车,北京,转向困难,车垫,没有阅读说明书
2696, EQ1090型启动困难,更换该绝缘垫后，经试车，故障已排除。由于发电机中性点接柱与发电机电枢线圈连通，导致起动复合继电器中性点接柱电压过高，促使充电指示继电器发生动作，切断了起动继电器的电路，起动开关便不起作用，起动机也就不转了。,一辆 EQ1090型汽车，打开点火开关充电指示灯能亮，但把起动开关转到起动位置起动机却不转动。,2017/3/30 0:00,EQ1090型汽车,北京,启动困难,起动机,操作分心
2697, EQ1090型怠速不稳,由于该车分电器低压线接柱与活动触点臂弹片间的连线接触不良，发动机不工作或低速运转时，在没有震动或轻微震动情况下，通过的低压电流还能使中央高压线产生较强的火花；而随着发动机转速的升高或车辆行驶速度加快，震动随之加剧，接触不良的情况便更加严重，致使高压火花时强时弱甚至断火，车辆即出现上述故障。,一辆 EQ1090型载货车，低速时发动机运转正常，而在中速以上则工作不稳，有抖振现象，且化油器回火、消声器放炮和冒黑烟，其症状有点象多缸火花塞工作不良。尤其在重载时动力明显不足，车速不能随油门加大而迅速提高，甚至无法正常行驶。,2017/3/30 0:00,EQ1090型汽车,北京,怠速不稳,发动机,上次修理失当
2698,EQ1141G2八平柴汽车容易熄火,该车采用的循环球式转向器由两个传动副组成,一辆EQ1090型汽车，行驶中转动转向盘时重时轻。,2017/3/30 0:00,EQ1090型汽车,北京,方向盘故障,方向盘,没有阅读说明书
2699, EQ1090型方向盘故障,由于该车容电器的绝缘盖板中央引出导线的端头与铝箔纸连接不牢，发动机低速时，触点闭合时间较长，初级线圈中通过的电流较大，基本能保证点火所需的火花强度；而发动机转速增高时，触点闭合的时间相对缩短，通过的电流随之减小，以至不能保证火花塞两极间的跳火强度，发动机便不能正常工作，甚至熄火。,一辆 EQ1090型新车，低速行驶一切正常，但踩下加速踏板加油时很难加速，爬坡感觉没劲，而且排气管发吐、冒黑烟，发动机突然熄火后起动很困难。,2017/3/30 0:00,EQ1090型汽车,北京,容易熄火,发电机,上次修理失当
2700, EQ1090型容易熄火,由于该车经常行驶在不平道路上，长时间的剧烈颠簸，造成离合器总泵进油管接头破裂漏油，并使液压管路中进人了空气，离合器操纵系统便不能正常工作，从而造成换挡困难。,一辆 EQll08G6D型柴油车，行驶约2 000公里后，行车时换挡十分困难，停车后换挡仍很困难。,2017/3/30 0:00,EQll08G6D型柴油车,北京,换挡困难,储油罐,驾驶不当
2701, EQll08G6D型柴油车换挡困难,因为 EQ1030型汽车对高压火花的要求比较高，必须有蓝色的强火花，发动机才能顺利起动并正常工作。由此提醒我们，排除故障时既要遵循一般规律，采用通常的办法，又要根据不同的车型、不同的要求，针对具体情况进行分析研究，才能快速、准确地解决问题。,一辆EQ1030轻型客货两用汽车，正常行驶中熄火后，发动机再也无法起动。,2017/3/30 0:00,EQ1090型汽车,北京,容易熄火,车垫,操作分心
2702, EQ1090型容易熄火,由于该车点火线圈上附加电阻两端的低压导线接错，发动机工作时，在初级电路中就不再串联附加电阻；附加电阻不起作用后，便使初级电流增大，因此容易烧蚀断电器触点。,一辆EQ1090型载货车，因火花塞跳火弱而更换了点火线圈，但行驶不到200公里，就烧毁了3副断电器触点，有时甚至将触点烧掉。,2017/3/30 0:00,EQ1090型汽车,北京,触点烧蚀,点火线圈,不懂保养汽车
2703, EQ1090型断电器触点烧蚀,这 3辆车均在川藏公路执行运输任务，驾驶员亦是第一次驾驶该型车，在同样的环境。同样的条件下出现同样的故障，基本上可以排除产品质量造成的问题。笔者认为，出现上述故障现象，有二个主要原因,3辆长年在川藏公路行驶的EQll08G型汽车，离合器先后出现打滑现象，并逐渐失去离合功能。,2017/3/30 0:00,EQll08G型汽车,西藏,换挡困难,离合器,粗心
2704,SY132型行驶无力,根据设计原理，此电阻线的作用主要是自动调节、稳定初级电流和改善发动机点火系的性能，其电阻值应能随温度升高而迅速增大、随温度降低而迅速减小，所以对该电阻线是有特殊要求的。而驾驶员更换此电阻线时，并未考虑其特殊性，只是随意换上了一根普通电阻线，致使无法满足随温度升高电阻值应迅速增大的要求，点火线圈便因“＋”接柱上电流增加而过热，造成了高速断火故障。由此提醒车辆驾驶和维修人员，在车辆电器维修中，要切实弄清各机（零）件的作用和性能，并按标准和要求选择配件，切不可随意更换，以免造成人为故障。,某部一辆EQ2080型汽车，执行任务过程中出现发动机高速断火现象，而且点火线圈过热。,2017/3/30 0:00,EQ2080型汽车,北京,容易熄火,发动机,不懂保养汽车
2705, EQll08G型汽车换挡困难,正常情况下，润滑油从外壳座的进油孔进人后，沿着外壳座与滤清器圆周分布的圆孔进人滤芯与外壳内壁之间的空腔，经过纸质滤芯滤去杂质后，沿着滤芯中心孔上流，经外壳座的出油口进人主油道。当滤清器与外壳座的型号不一致时，外壳座的油孔与滤清器上的进油孔便不能完全相对，使得滤清器上的进油孔被部分遮挡，导致进人润滑油滤清器和主油道的机油量减少，从而出现润滑油压力低的故障。,一辆EQll08型柴油汽车，发动机在额定转速时，润滑油压力始终在150千帕（标准值应为397千帕），致使汽车无法正常行驶。,2017/4/9 0:00,EQll08型柴油汽车,北京,行驶无力,发动机,不定时检查车况
2706,EQ2080型汽车容易熄火,因炊事挂车导线插头与主车插座各插孔的电流通路不一致，当开右转向灯时，右转向灯的电流到达主车后插孔时恰好与炊事挂车线束的搭铁线相连，于是出现了右转向搭铁故障，从而烧坏了转向闪光器。,一辆EQll08G型柴油车，一次出车前发现左转向灯正常，但打开右转向灯开关灯却不亮，且出现焦臭味。,2017/4/9 0:00,EQll08G型柴油车,北京,车灯不亮,车灯,驾驶不当
2707,EQll08型柴油汽车行驶无力,依据挂车制动阀的工作原理，车辆正常行驶时，由手控间来的压缩气体在挂车制动阀的中腔保持一定压力，使膜片带动阀芯下移将挂车制动阀的上腔排气门打开，排出挂车制动管路的压缩气体，解除挂车制动效能，并保持弹簧制动器的压力，解除驻车制动效能。当挂车制动阀下腔室膜片破损后，由手控问来的压缩气体从膜片下方通往中、后桥制动管路（控制阀第二回路）的通气孔进人双腔制动控制阀和挂车制动阀上腔室，因此出现双腔制动控制阀和挂车制动阀漏气现象。同时，进人中、后桥制动管路的部分压缩气体的压力作用在中、后桥气压制动继动阀上，使其部分开启，储气筒的压缩气体便经制动继动阀和快放阀进人中、后桥制动气室，使中、后桥制动器产生并保持制动效能，且随储气筒压力大小而变化；又因管路漏气使气压表指数下降迅速，当降至无法克服弹簧制动器的弹簧张力时，驻车制动器即产生制动作用，致使弹簧制动器和中、后桥制动毅发烫，车辆行驶困难，发动机负荷增加，排气管冒黑烟等现象。拉起弹簧制动器手控阀，驻车制动处于制动状态时，手控间进气门关闭、排气门打开（排出弹簧制动器内压缩空气）。此时，由手控间至挂车制动阀管路内无压缩空气来源，待管路内原有压缩气体漏完后，中、后桥气压制动继动阀上便无压缩气体作用，中、后桥制动气室中的压缩气体即由快放阀排出，前述制动作用解除，漏气现象随之消失。遇此故障，也可在拆除驻车制动联动装置的情况下，拉起弹簧制动器的手控间手柄作为急救措施。,一辆EQ2102型越野汽车，行驶中突然气压过低、蜂鸣器断续报警，且行驶很困难，同时伴有双腔制动控制阀和挂车制动阀漏气、气压上升慢、排气管冒黑烟等现象。停车后拉起弹簧制动器手控阀手柄并锁定，双腔制动控制阀和挂车制动阀漏气声即消失，触摸弹簧制动器和中、后桥制动器，有烫手感。,2017/4/9 0:00,EQ2102型,北京,行驶无力,制动阀,责任心不强
2708,EQll08G型柴油车车灯不亮,由于起动机“B”接柱火线烧断一半，致使其电阻增大，通过的电流减小，起动机的转矩与转速下降，故转动无力，且指示灯发暗。此故障排除后，由于起动机型号不对，驱动齿轮的齿数不同，用起动机起动发动机时，便因起动机驱动齿轮不能与飞轮齿圈完全啮合而出现撞击声，且发动机不能起动。,一辆 EQ1090E型汽车，更换起动机后用起动机起动发动机时，起动机驱动齿轮与飞轮齿圈有撞击声，发动机不能起动，且指示灯发暗，用起动电源也解决不了问题。,2017/4/9 0:00,EQ1090E型汽车,北京,启动困难,起动机,知道故障不修理
2709,EQ2102型行驶无力,飞轮壳破裂除质量原因外，一般是由于固定螺栓松动或其拧紧力矩不一，使其受力不均，致使工作中出现严重冲击、抖动造成的。该车故障则是由于大修发动机时，离合器压盘的平衡块没有按规定位置安装，致使工作中因失去平衡而产生严重的冲击、抖动造成的。,一辆EQ1090型汽车，大修发动机后行驶不到 2 000公里，就发现离合器分离不彻底。,2017/4/9 0:00,EQ1090型汽车,北京,换挡困难,离合器,驾驶不当
2710,EQ1090E型汽车启动困难,正常情况下，随发动机转速的提高分电器离心块被甩开一定角度而使点火提前。由于该分电器轴端与凸轮间错装了弹簧垫圈，限位螺钉拧紧后凸轮就不能相对于轴自如转动，致使不能提前顶开触点而使点火提前，结果便形成了点火过迟的种种现象。由此告诫驾修人员，维修、保养汽车时，分解的零件一定要摆放有序，以免装错而影响总成、机件的性能。,一辆 EQ1090型汽车，保养后出现发动机不易起动，汽车行驶无力，加速时车速不能随之提高，且发闷、有时排气管放炮等现象。,2017/4/9 0:00,EQ1090型汽车,北京,行驶无力,发动机,操作分心
2711,EQ1090型汽车换挡困难,弧面碟形弹簧垫片正确安装时，其支承面因受锁紧螺母的正力矩而产生反作用力，起到自锁作用，达到了不用开口销锁止而安全可靠、安装方便的目的。若其方向装反，锁紧螺母就会自然松动，致使第二轴的轴向间隙变大，严重时将引起第二轴前、后窜动，作用力通过齿轮、拨叉轴、拨叉反作用于变速杆而引起跳挡。如不及时排除，不仅会引起3挡跳挡和4、5挡同步器不正常损坏，而且会造成4、5挡齿毂前端面与5挡齿毂后端面的严重磨损。,一辆 EQ1090型载货汽车，行驶中踩下或松开加速踏板时（即发动机负荷突变时），变速杆即从3挡跳人空挡。,2017/4/9 0:00,EQ1090型汽车,北京,换挡困难,离合器,不定时检查车况
2712,EQ1090型汽车行驶无力,对双腔膜片式制动阀来说，当限位杆未完全回位时，即相当于轻微制动状态，这时分管前轮制动的制动腔的阀门并未开启，所以2前轮没有出现制动“发咬”现象，只有很少量的压缩空气进人后桥2分泵。但由于2后轮制动回位弹簧的张力不等（左大右小），分泵内的少量压缩空气能将右后轮2制动蹄张开，却无法使左后轮2制动蹄张开，因而就出现了右后轮制动“发咬”的故障。,一辆EQ1090型汽车，行驶中右后轮制动‘发咬”。按常规对制动鼓与制动摩擦片的间隙进行调整，故障未能排除。,2017/4/9 0:00,EQ1090型汽车,北京,启动困难,制动器,没有阅读说明书
2713,EQ1090型汽车换挡困难,该车发电机的激磁电流是由蓄电池供给的，点火开关打开时，蓄电池的电流经点火开关、充电指示灯、发电机激磁绕组和调节器构成回路。当充电指示灯损坏（不亮）后，发动机工作时发电机即因无激磁电流而不能正常发电（这是由该车发电机的结构决定的），蓄电池消耗的电能得不到及时补充，起动机便因蓄电池缺电而不能正常工作，发动机也就无法起动。,一辆 EQll08G型柴  油汽车，正常使用中出现用起动机  不能起动发动机的故障。,2017/4/9 0:00,EQll08G型车,北京,车灯不亮,车灯,没有阅读说明书
2714,EQ1090型汽车启动困难,从表面看，此故障是由于溢流阀有轻微渗漏造成的，而根本原因则是加注了不洁净的燃油，油中的杂质进人溢流阀后使其关闭不严，空气即由此进人油路而形成气阻。这样，用起动机起动发动机时，难以在短时间内供足燃油，所以无法起动；而将车拖动一段距离后，较长时间的连续供油，基本上将油路中的空气排净，发动机也就能起动了。,一辆EQ2102平头柴油越野汽车，每天出车时发动机无法用起动机起动，而需用车拖一段距离（约20米左右）发动机才能起动；熄火后再用起动机起动却能顺利着车，且动力性、经济性均正常。,2017/4/9 0:00,EQ2102型汽车,北京,启动困难,发动机,修理不当
2715,EQll08G型车灯不亮,由于散热器放水开关被水垢和泥沙等杂物堵塞，开始放水时由于散热器里水位较高，水压尚能使水较快地流出；随着散热器中水位降低，水压逐渐下降，水流随之变小，致使在下水室的水还没有放完，下水室及回水管里的水就已结冰了。这样，第二天出车时散热器里的水便无法通过回水管进行大循环，于是就出现了散热器“开锅”的现象。散热器“开锅”后，热量逐渐向下水室和回水管传导，待其中的冰完全溶化后，散热器中的冷却水即恢复大循环，这就是汽车行驶10多分钟后散热器不再“开锅”的原因。,一辆EQ1090型载货车，冬季每天出车前给冷却系加满水后，行驶约10多公里就出现散热器“开锅”现象；停车约10分钟左右再起动运行，散热器则不再发生“开锅”现象，汽车也能正常行驶。,2017/4/21 0:00,EQ1090型汽车,北京,开锅,散热器,没有阅读说明书
2716,EQ2102型汽车启动困难,经研磨、清洗后装复，喷油泵工作恢复正常，柴油机顺利起动。,一辆东风翻斗车（装用 6105QC型柴油机），起动时无论如何也不着火。,2017/4/21 0:00,6105QC型,北京,启动困难,喷油泵,没有阅读说明书
2717,EQ1090型汽车开锅,更换锈蚀的柱塞后，故障现象不再出现。由于该车长时间q放，喷油泵润滑油中含的水分便使柱塞锈蚀而卡死，而且正好使齿条停在高速位置，所以柴油机只有高速而无法调速。,一辆装有6110型柴油机的汽车，停放很长时间后起动时，刚一着火柴油机就处于高速运转状态，放松加速踏板转速也不下降而且有“飞车”之势。,2017/4/21 0:00,6110型,北京,换挡困难,喷油泵,驾驶不当
2718,6105QC型启动困难,由于散热器放水开关被水垢和泥沙等杂物堵塞，开始放水时由于散热器里水位较高，水压尚能使水较快地流出；随着散热器中水位降低，水压逐渐下降，水流随之变小，致使在下水室的水还没有放完，下水室及回水管里的水就已结冰了。这样，第二天出车时散热器里的水便无法通过回水管进行大循环，于是就出现了散热器“开锅”的现象。散热器“开锅”后，热量逐渐向下水室和回水管传导，待其中的冰完全溶化后，散热器中的冷却水即恢复大循环，这就是汽车行驶10多分钟后散热器不再“开锅”的原因。,一辆EQ1090型载货车，冬季每天出车前给冷却系加满水后，行驶约10多公里就出现散热器“开锅”现象；停车约10分钟左右再起动运行，散热器则不再发生“开锅”现象，汽车也能正常行驶。,2017/4/21 0:00,EQ1090型汽车,北京,开锅,散热器,不定时检查车况
2719,6110型换挡困难,接头螺栓的铜垫片在第一次紧定螺栓时表面已被挤压出现了压痕，当把它拆下重新装复时，在螺栓挤压下又产生的新压痕，且无法与原来的压痕吻合，致使在接合面上存在一定的间隙。这样，将低、高压油路中的空气排净后，发动机虽然能起动，但外界的空气仍能从该间隙中进人油路，所以发动机运转几分钟后又因供油中断而熄火。只要该间隙不消除，此故障即会反复出现，表现为油路中的空气排不净。,1辆 EQ2102型平头柴油特种车，一次训练中气缸垫冲坏，但更换缸垫后，在供油系统正常情况下发动机不能起动。,2017/4/21 0:00,EQ2102型,北京,启动困难,发动机,意外
2720,EQ1090型汽车开锅,该车分电器固定触点的应是1个M4的螺钉，且安装时还应加上亚个平垫圈和1个弹簧垫圈，以免螺钉松动和过长。但该车驾驶员在保养分电器时丢失这个螺钉及两个垫圈后，随便找了一个稍长的螺钉代替，且未加垫圈，这样螺钉长出的部分正好顶在分电器的托盘上，使得触点底板不能转动，因而造成真空调节装置失效。也就是说，在发动机满负荷时，不能保持12°－14°的点火提前角，致使发动机点火过迟而出现上述故障。据此，在维护保养汽车时一定要保管好拆下的零件，一旦丢失应按技术要求选配，哪怕是小小螺钉也马虎不得。,1辆EQ1090型载货车，驾驶员对电路进行保养后，出现耗油量明显增加、运行中加速不良且发动机温度过高等症状。,2017/4/21 0:00,EQ1090型汽车,北京,耗油过大,发动机,责任心不强
2721,EQ2102型启动困难,由于驾驶员在保养化油器时，加速油道出油阀钢球掉入气缸，导致踩坳加速油道时钢球不能上行堵住虹吸孔，加速油道供油泄漏，造成起动困难和没有加速性能。且在加速过程中，由于节气门陡然开启，而加速油嘴不能参与供油，而机械加浓和真空加浓来不及参与工作，造成瞬时混合气过稀，导致发动机在急加速时熄火。又由于钢球落入气缸内，导致异响。提醒维修保养人员在保养化油器时，一定要细心，不能错装、漏装，以免引起不应有的故障。,一辆EQ1090型运输车，驾驶员就车保养化油器后，出现以下故障,2017/4/21 0:00,EQ1090型汽车,北京,启动困难,发动机,修理不当
2722,EQ1090型耗油过大,在正常起动发动机时，附加电阻断路，当发动机起动后，附加电阻接通，使发动机正常工作。若点火线圈附加电阻断路，发动机将不能正常工作。在行驶途中遇到上述情况时，可找一根导线装饰点火线圈附加电阻的两接柱联在一起暂时使用，回单位后立即更换，长时间使用，会使点火线圈温度升高损坏。,打开点火开关，起动机带动发动机正常运转，松开点火开关，发动机立即熄火。,2017/4/21 0:00,沈飞猎鹰,北京,容易熄火,发动机,没有阅读说明书
2723,EQ1090型汽车启动困难,造成故障的原因是通风单向阀弹簧过硬。当使用起动机时，曲轴单向阀不能吸附在阀座上，使大量空气直接经单向阀座大孔经进气管进入气缸，降低了化油器的真空度，不仅造成混合气过稀，而且混合气也难以进入气缸，导致发动机起动困难。,一辆刚保养过的EQ1090型汽车，在冷、热状态下均不易起动，特别是热车时，而当推车或向化油器中倒入适量汽油时，却易改动。,2017/4/21 0:00,EQ1090型汽车,北京,启动困难,起动机,修理不当
2724,沈飞猎鹰型容易熄火,观察进排气歧管及缸体之间有烟熏痕迹，再将发动机定在异响最明显的转速，用起子堵塞漏气处，如此时异响有变化，说明进排气歧管垫烧穿。进排气歧管垫烧穿后有细微的通道与大气相通，响声是在高压气体通过时产生的。,发动机在正常运转无异响，当急加速时，进排歧管处发出有节奏的异响，发出有节奏的振动声，断火后异响消失。,2017/4/21 0:00,EQ1090型汽车,北京,异响,发动机,不定时检查车况
2725,EQ1090型启动困难,先检查底盘各部位螺栓紧固情况，有无装配不合理和漏油现象，未发现异响；后支车试运转检查离合器、变速器、传动轴、后桥均无异常；重点检查后桥、传动轴拆检，对后桥的各齿轮各间隔及啮合印痕测量，未发现异常，最后装复后进行重载，故障依然存在，此时发现后桥钢板弹簧两侧虽然片数一样，但左右两侧高度不一致。经检查，右钢板中间垫板装反了。,一辆EQ1090型汽车，大修后承接时运行正常，但轻载时传动部分出现振动和异响，重载时异响更加明显。,2017/4/21 0:00,EQ1090型汽车,北京,异响,车垫,操作分心
2726,铁马XC2200载重车异响,由于散热器放水开关被水垢和泥沙等杂物堵塞，开始放水时由于散热器里水位较高，水压尚能使水较快地流出；随着散热器中水位降低，水压逐渐下降，水流随之变小，致使在下水室的水还没有放完，下水室及回水管里的水就已结冰了。这样，第二天出车时散热器里的水便无法通过回水管进行大循环，于是就出现了散热器“开锅”的现象。散热器“开锅”后，热量逐渐向下水室和回水管传导，待其中的冰完全溶化后，散热器中的冷却水即恢复大循环，这就是汽车行驶10多分钟后散热器不再“开锅”的原因。,一辆EQ1090型载货车，冬季每天出车前给冷却系加满水后，行驶约10多公里就出现散热器“开锅”现象；停车约10分钟左右再起动运行，散热器则不再发生“开锅”现象，汽车也能正常行驶。,2017/4/21 0:00,EQ1090型汽车,北京,开锅,散热器,知道故障不修理
2727,EQ1090型汽车异响,分析一下原因,有一辆EQ1090油罐车大修发动机后，行驶不足5000公里，就更换了两次飞轮壳，且损坏的地方均为起动处。,2017/4/21 0:00,EQ1090油罐车,北京,飞轮损坏,飞轮,意外
2728,EQ1090型汽车开锅,一般情况下，有以下几种原因,一辆EQ140运输车，车辆起动困难，此现象越来越严重。,2017/4/21 0:00,EQ140型汽车,北京,启动困难,起动机,意外
2729,EQ1090油罐车飞轮损坏,根据现象，首先进行断火试验，各缸工作无明显变化，拆下各缸火花塞进行吊火试验，故障依旧存在，各缸缸线跳火良好。其次，路试时没有发现动力下降，可排除气缸漏气的可能。通过进一步分析检查，义为少数缸不工作的可能性较大，于是检查、清洗火花塞之后发现三缸火花塞绝缘陶瓷有裂纹，导致三缸不工作。更换三缸的火花塞，故障排除。,一台东风运输车，发动机高、中、低速时，消声器发出有节奏的突突声，且怠速稍高或慢加速时现象明显，拉阻风时无好转，尾气稍有黑烟。,2017/5/1 0:00,东风运输车,北京,冒黑烟,消音器,没有阅读说明书
2730,EQ140型汽车启动困难,拆下变速器检查，其操纵机构、传动机构均无故障。针对变速器各装置正常却频繁跳档的现象，怀疑故障可能是出在离合器或飞轮、飞轮壳等部位，拆下离合器检查，未发现异常。当从发动机缸体上拆下飞轮壳时，发现没有装飞轮定位销。 漏装定位销，除汽车运行时飞轮壳在缸体上会产生位移外，还会造成曲轴与变速器第一轴同心度增大，引起变速器跳档。,一台东风EQ1091运输车大修后，出现变速器跳档现象。,2017/5/1 0:00,EQ1091型汽车,北京,变速困难,变速器,责任心不强
2731,东风运输车冒黑烟,首先，从现象上看，响声随转速变化，且断火声音消失，初步判断为连杆瓦响，打开发动机气缸盖和油底壳，发现五缸活塞顶边缘有明显的撞击痕迹，摇车将五缸的活塞运动至上止点，用手压活塞有明显的运动间隙，拆下五缸的连杆轴承，发现严重烧蚀。更换五缸连杆瓦后装复，故障排除。,边防部队有一辆东风EQ245牵引车在各种转速下都出不正常的响声。怠速时发动机发出“拱、拱、拱”的撞击声，高速时发动机发出“哒哒哒”、“拱拱拱”的响声，中速时断火试验，响声减弱，其中一个缸断火，声音消失。,2017/5/1 0:00,东风EQ245,北京,异响,发动机,操作分心
2732,EQ1091型汽车变速困难,根据以往的经验，东风车烧机油有四种可能，一是通风单向阀漏装、装反或堵塞；二是配缸间隙过大；三是气门杆与气门导管间隙过大；四是进气挡油罩失效或漏装。通过拆检，上述现象一一被排除，最后察看气缸盖时，才意外发现第五缸缸口翻边处有烧蚀现象，而烧坏处与机油上油道相通，故障就出在此处。,一台东风运水车，在运行过程中，消声器中排出大量的蓝烟，烧机明显，拆下火花塞检查，五缸火花塞已被油渍湿。,2017/5/1 0:00,东风运水车,北京,冒黑烟,消音器,不懂保养汽车
2733,东风EQ245异响,停车用用慢、急加速的方法反复试车，初步确定为高压火花弱，熄火后检查中央高压线跳火情况，基本正常。尔后检查各缸的跳火情况，发现火花时强时弱，甚至有断火现象无规律。于是对高压电路重新进行检查，发现分电器内低压接柱与活动触点接触不良。由于接触不良，在没有振动时，还能正常工作，一旦在中高速行驶时，由于振动加大，出现断火现象。,有一辆EQ1090运水车，低速时发动机运转正常，而在中、高速时工作不稳，有抖振现象，且化油器回火、消声器放炮冒黑烟，重载时现象明显，动力不足，车速不能随油门变化而迅速提高。,2017/5/1 0:00,EQ1091型汽车,北京,怠速不稳,发动机,责任心不强
2734,东风运水车冒黑烟,从现象表面上看，产生此响声可能性有,一台EQ1090运水车，大修后行驶约1000公里，发动机在怠速运转时，发动机后部发出“咔啦、咔拉”的声音，断开5、6缸后声音明显，踏下离合器踏板后声音减弱。,2017/5/1 0:00,EQ1091型汽车,北京,异响,发动机,修理不当
2735,EQ1090运水车启动困难,从现象表面上看，产生此响声可能变速器齿轮损坏，或内有异物；拆下变速器后试车，响声不减弱，故障不在变速器，装复后，再发动发动机，故障依旧，拆下离合器，发现减振弹簧良好，但曲轴与飞轮的固定螺栓松动。装复离合器、变速器，试车后故障消失。,一台EQ1090运水车发动机在怠速运转时，发动机后部发出异响，断开5缸后声音明显。,2017/5/1 0:00,EQ1091型汽车,北京,异响,发动机,上次修理失当
2736,EQ1091型汽车怠速不稳,检查油路工作正常，怀疑故障在高压电路，分别对火花塞、高压线、分缸线及分电器盖、分火头进行了检查，均未发现问题，后更换了分电器总成，故障仍未消失。对各缸进行断火试验，发现个别缸有时缺火，但缺的缸不固定，怀疑低压电路有断电现象，然后对电流表、点火开关、点火线圈、分电器的导线、接头进行检查，发现点火开关至点火线圈接线处接触不良。汽车在行驶中由于振动造成接触不良处时断时连，故点火电路断电时，造成高压线缺火，但缺火的缸不固定，以致汽车加速或负荷增加时无力，排气管发出“突突”声响。将点火线圈与点火开关之间连线紧固连接好，故障排除。,一辆EQ1090运输车的发动机，起动容易，怠速工作稳定，但在上坡时，动力下降，爬坡无力，排气管发出“突突”声。,2017/5/1 0:00,EQ1091型汽车,北京,行驶无力,发动机,责任心不强
2737,EQ1091型异响,经检查，油电路均无异常，采取逐缸断火，汉将第三缸火花塞上的分缸线拨掉后，发动机的转速无明显变化，但化油器进气口响声消失，再装上分缸线，响声出现。说明第三缸有问题。于是打开气门室罩，转动曲轴，使分火头转向第三缸位置，检查第三缸点火位置，检查气门脚间隙，发现该缸的气门脚间隙过大，该缸气门脚间隙锁紧螺母松动。由于螺母松动，气门不能打开，气缸内的废气不能排出，对曲轴旋转起到阻碍作用，当进气门再次开启时，废气通过进气门由化油器排出，导致上述现象。,有一台EQ240巡逻车，在执行任务时，化油器出现有节奏的类似回火的响声，且有向外喷油现象。发动机动力明显下降。,2017/5/1 0:00,EQ240巡逻车,北京,动力不足,发动机,知道故障不修理
2738,EQ1091型异响,"检查配气相位是否准确，首先应检查第一缸供油记号对正后，飞轮与壳上的记号是否对正，凸轮轴齿轮记号是否对正.若末对正,应进行调整.再检查顶置式配气机构的摇臂限位弹簧有无漏装或折断而不起限位作用,使摇臂在摇臂轴上发生轴向移位,与气门杆尾端错开,气门不能按时关闭.对于VE泵喷油电磁阀,用欧姆表测量如数值,即可确定其是否工作.",6BT柴油机起动时转速正常，配气相位失准，气门的打开时，其与活塞在气缸中的行程不协调。如活塞在气缸中作压缩行程时，进气门与排气门打开着。新气被赶出气缸，以致气缸中没有燃烧气体，便无法起动。,2017/5/1 0:00,铁马XC2200舟桥车,北京,启动困难,喷油泵,不懂保养汽车
2739,EQ1091型汽车行驶无力,故障原因,一台WJ94轮式装甲防暴车起动时，排气管冒出大量白烟。,2017/5/1 0:00,WJ94轮式装甲防暴车,北京,冒黑烟,发动机,没有阅读说明书
2740,EQ240巡逻车动力不足,拆下变速器检查，其操纵机构、传动机构均无故障。针对变速器各装置正常却频繁跳档的现象，怀疑故障可能是出在离合器或飞轮、飞轮壳等部位，拆下离合器检查，未发现异常。当从发动机缸体上拆下飞轮壳时，发现没有装飞轮定位销。 漏装定位销，除汽车运行时飞轮壳在缸体上会产生位移外，还会造成曲轴与变速器第一轴同心度增大，引起变速器跳档。,一台东风EQ1091运输车大修后，出现变速器跳档现象。,2017/5/1 0:00,EQ1091型汽车,北京,变速困难,变速器,修理不当
2741,铁马XC2200舟桥车启动困难,按发动机开锅的故障进行分步检查排除，首先对水泵和节温器进行检查，用手握住水箱进水管中部，同时提高发动机的转速，手感压力明显增强，且水箱加水口处有翻水现象，说明水泵和节温器工作正常，用手按风扇皮带挠度，松紧度适当，此时怀疑发动机 开锅后，发动机水道内积有水蒸气，致使冷却水难以加足，为此让发动机怠速时加水，加满水后继续行驶，不久又开锅，。停车进行全面检查，发现发动机在高速时风扇有停滞现象，降低了转速，拆下皮带，发现皮带表面附有一层油污，致使发动机 高速时水泵的传速不能于水泵同步。更换新的风扇皮带后，故障排除。,边防某团有一台CA1092E型载重车，行驶不到30公里发动机出现开锅现象，当时以为是冷却水不足引起，加足冷却水继续行驶，不久又出现同样的故障。,2017/5/1 0:00,CA1092E运输车,北京,开锅故障,发动机,意外
2742,WJ94轮式装甲防暴车冒黑烟,ECU在KOER（启动机带动发动机运转）的状态下根本没有给执行器搭钱信号，现在可以初步判断为ECU损坏所至。为了不出现判断上的失误，我们又仔细地检查了ECU的所有线束和连接情况，没有发现异常现象。清除故障码再次启动还是些故障内容，而后又用数据流功能查看数据，当打启动机时，数据流显示转速信号为零，电脑已损坏了。更换电脑模块后，一次启动成功，试车一切正常。,2002年09月10日生产的奇瑞SQR7160ET车（发动机编号EC2J00515，VIN,2017/5/1 0:00,奇瑞SQR7160ET车,北京,启动困难,电脑模块,修理不当
2743,EQ1091型汽车变速困难,由于油管泄漏，发动机停车一段时间后，进油管内的先进人物汽油几乎全从泄漏之处返回油箱进油管内，自然不能保证足够的供油压力。要经过多次启动，汽油泵不断泵油，直到进油管内压力逐渐增大到正常供油压力之后，发动机才能启动更换一根油管后，再次试车，冷车、热车都启动良好，故障终于排除。,一辆2001年6月出厂的帕萨特B4轿车，排量1.8L，行驶1.4万km。车主反应早晨启动时，发动机启动困难，需多次启动才能成功。白天情况好一些，不过停车较长（3～4h）时间后也难以启动。此现象持续以及。,2017/5/1 0:00,帕萨特,沈阳,启动困难,发动机,上次修理失当
2744,CA1092E运输车发动机连续开锅故障,由于这段油管有泄漏现象，在停车一段时间后，发动机进油管内的先进人物汽油几乎全从泄漏的地方回到油箱进油管内，不能保证足够的供油压力。经过多次启动，汽油泵不断泵油，直到进油管内压力逐渐增大到正常供油压力之后，发动机才能启动更换一根油管后，装复试车，启动良好，故障得以排除。,一辆2001年5月出厂的东风铁甲。早晨启动时，发动机启动困难，需启动多次才能成功。白天情况好一些，不过停车一段时间（3～4h）后也难以启动。此现象已有半月有余。,2017/5/13 0:00,东风铁甲,沈阳,启动困难,发动机,上次修理失当
2745,奇瑞SQR7160ET车启动困难,由于油管有泄漏现象，在停车一段时间后，发动机进油管内的先进汽油从泄漏的地方回到油箱进油管内，不能保证供油有足够的压力。经多次启动，汽油泵不断泵油，直到进油管内压力逐渐增大到能够正常供油之后，发动机才能启动更换一根油管。换了之后启动良好，故障得以排除。,一辆2004年5月出厂的WZ901保安车。早晨启动困难，需启动多次才能成功。白天情况好一些，停车一段时间后也难以启动。此现象已有一月有余。,2017/5/13 0:00,WZ901保安车,沈阳,启动困难,发动机,修理不当
2746,帕萨特启动困难,由于油管的泄漏，在停车一段时间后，发动机进油管内的先通过的汽油会从泄漏的地方回到油箱的进油管内，进而无法保证供油有足够的压力。多次启动后，汽油泵不断泵油，进油管内压力逐渐增大到能够正常供油之后，发动机才能启动。更换一根油管后启动良好，故障得以排除。,一辆2004年5月出厂的铁马XC2200载重车。冬季早晨启动困难，启动多次才能启动成功。白天情况则好一些，停车一段时间后也难以启动。此现象持续一月有余。,2017/5/13 0:00,铁马XC2200载重车,沈阳,启动困难,发动机,上次修理失当
2747,东风铁甲启动困难,借用元征解码器读取数据流，发现冷启动完成后的暖车过程中，发动机喷油脉宽突然变小，且节气门开度的变化不明显，似乎一直进行着稀油过浓的修正，使得发动机转速无法上升。可以看出在发动机控制时发动机转速不可能上升，如果让它开环运行可能会有所改善。将氧传感器拆下试车，在拆下氧传感器的位置发现气流很大、很急。很显然供油没有问题，那么就是进入汽缸内的氧的含量过少。用空气压缩机向进气管吹气发现发动机工作情况大大好转，怠速稳了，急加速也没有异常。问题似乎找到了。拆下三元催化器，重新试车故障现象消失。,一辆2002年风神蓝鸟事部车，据修理厂反映修复后动力不足，故障警告灯亮，故障码显示为氧传感器故障，更换氧传感器后故障警告灯仍然亮，故障现象仍然存在。,2017/5/13 0:00,风神蓝鸟,广州,动力不足,转换器,操作分心
2748,WZ901保安车启动困难,读取其数据流，启动完成后的暖车过程中，发动机喷油脉宽突然变小，且节气门开度的变化不明显，似乎一直进行着稀油过浓的修正，使得发动机转速难以上升。可以看出发动机转速不可能上升，如果开环运行可能会有所改善。将氧传感器拆下发现氧传感器的位置发现气流很大、很急。供油没有问题，那么就是进入汽缸内的氧的含量过少。用空气压缩机向进气管吹气发现发动机工作情况大大好转，急加速也没有异常。拆下三元催化器，重新试车故障现象消失。,一辆2002年HY962半挂平板车，动力不足，故障警告灯亮，故障码显示为氧传感器故障，更换氧传感器后故障警告灯仍然亮，故障现象仍然存在。,2017/5/13 0:00,HY962半挂平板车,广州,动力不足,发动机,上次修理失当
2749,铁马XC2200载重车启动困难,读取其数据流，启动完成后的暖车过程中，且节气门开度的变化不明显，似乎一直进行着稀油过浓的修正，使得发动机转速难以上升。发动机转速不可能上升，开环运行则有所改善。将氧传感器拆下发现氧传感器的位置发现气流很大、很急。供油没有问题，那么就是进入汽缸内的氧的含量过少。用空气压缩机向进气管吹气发动机工作情况大大好转，急加速也没有异常。重新试车故障现象消失。,一辆WJ94轮式装甲防暴车动力不足，故障警告灯亮，故障码显示为氧传感器故障，更换氧传感器后故障警告灯仍然亮，故障现象仍然存在。,2017/5/13 0:00,WJ94轮式装甲防暴车,广州,动力不足,发动机,没有阅读说明书
2750,风神蓝鸟动力不足,读取其数据流，启动完成后的暖车过程中，且节气门开度的变化不明显，似乎一直进行着稀油过浓的修正，使得发动机转速难以上升。供油没有问题，那么就是进入汽缸内的氧的含量过少。用空气压缩机向进气管吹气发动机工作情况大大好转，急加速也没有异常。重新试车故障现象消失。,一辆WJ94轮式装甲防暴车动力不足，故障码显示为氧传感器故障，更换氧传感器后故障灯亮，故障现象仍然存在。,2017/5/13 0:00,WJ94轮式装甲防暴车,广州,动力不足,发动机,操作分心
2751,HY962半挂平板车动力不足,读取其数据流，启动完成后的暖车过程中，且节气门开度的变化不明显，似乎一直进行着稀油过浓的修正，使得发动机转速难以上升。发动机转速不可能上升，开环运行则有所改善。将氧传感器拆下发现氧传感器的位置发现气流很大、很急。重新试车故障现象消失。,一辆WJ94轮式装甲防暴车动力不足，故障警告灯显示亮起，故障码显示为氧传感器故障，更换氧传感器后故障现象仍然存在。,2017/5/13 0:00,WJ94轮式装甲防暴车,广州,动力不足,发动机,没有阅读说明书
2752,WJ94轮式装甲防暴车动力不足,检查油路工作正常，怀疑故障在高压电路，分别对火花塞，分火头进行了检查，均未发现问题，后更换了分电器总成，故障仍未消失。怀疑低压电路有断电现象，然后对电流表、点火开关、点火线圈、分电器的导线、接头进行检查，发现点火开关至点火线圈接线处接触不良。汽车在行驶中由于振动造成接触不良处时断时连，造成高压线缺火，但缺火的缸不固定，以致汽车加速或负荷增加时无力，排气管发出异响。将点火线圈与点火开关之间连线紧固连接好，故障排除。,一辆EQ1090运输车的发动机，起动容易，怠速工作稳定，但在爬坡无力，排气管有异响。,2017/5/13 0:00,EQ1091型汽车,北京,行驶无力,发动机,知道故障不修理
2753,WJ94轮式装甲防暴车动力不足,分别对火花塞、高压线、分缸线及分电器盖、分火头进行了检查，均未发现问题，后更换了分电器总成，故障仍未消失。汽车在行驶中由于振动造成接触不良处时断时连，故点火电路断电时，造成高压线缺火，但缺火的缸不固定，以致汽车加速或负荷增加时无力，排气管发出杂音。将点火线圈与点火开关之间连线连接好，故障排除。,一辆EQ1090运输车的发动机，起动困难，并在上坡时，动力下降，爬坡无力，排气管发出杂音。,2017/5/13 0:00,EQ1091型汽车,北京,行驶无力,发动机,意外
2754,WJ94轮式装甲防暴车动力不足,对各缸进行断火试验，发现个别缸有时缺火，但缺的缸不固定，怀疑低压电路有断电现象，然后对电流表、点火开关、点火线圈、分电器的导线、接头进行检查，发现点火开关至点火线圈接线处接触不良。汽车在行驶中由于振动造成接触不良处时断时连，故点火电路断电时，造成高压线缺火，但缺火的缸不固定，以致汽车加速或负荷增加时无力，排气管发出异响。将点火线圈连线紧固连接好，故障排除。,一辆EQ1090运输车的发动机，怠速工作稳定，但上坡无力，排气管发出异响。,2017/5/13 0:00,EQ1091型汽车,北京,行驶无力,发动机,责任心不强
2755,北汽勇士怠速不稳,经过冷静地分析，点火线圈有高压火，喷油器工作正常喷油。这种情况不能启动可能有两种原因,该车配置ATK发动机，行驶里程超过20万km。该车怠速耸车，转速忽高忽低，遇红灯时常会熄火。更奇怪的是开空调不提速，怠速转速也不爱影响（按理说，如果开空调不提速，应该出现怠速转速降低甚至熄火的现象）。,2017/1/2 0:00,北汽勇士,天津,怠速不稳,混合气,操作分心
2756,东风勇士高速熄火,装复发动机电子控制器ECU插头，然后接上蓄电池的负极，发现故障灯亮。启动发动机，非常顺利就启动了。经过分析，此车的故障为曲轴位置传感器损坏和发动机电子控制器ECU插接头不好，引起发动机电子控制器ECU搭铁不良造成的双重故障。重新加固插接头后，此车故障完全消失。,此车在高速行驶时突然熄火，再启动时无任何启动征兆。,2017/2/2 0:00,东风勇士,北京,熄火,发动机,意外
2757,燕京YJ6501冒黑烟,汽车发动机超负荷，气缸压力不足，发动机温度过低，化油器调整不当，空气滤芯堵塞，个别气缸不工作及点火过迟等。,此车排气管冒大量黑烟。,2017/1/11 0:00,燕京YJ6501,山东,冒黑烟,排气管,修理不当
2758,枭龙XL2060冒黑烟,汽车发动机超负荷，气缸压力不足，发动机温度过低，化油器调整不当，空气滤芯堵塞，个别气缸不工作及点火过迟等。,此车排气管冒大量黑烟。,2017/5/16 0:00,枭龙XL2060,北京,冒黑烟,排气管,不懂保养汽车
2759,燕京YJ6501启动困难,更换点火开关该车冷启动正常，故障排除。点火开关工作不良的原因,近来该车常出现冷车不易启动，每天早上需要启动多次才能着车，而在以前没有这种现象；热车时启动正常。出现该故障现象后，车主在郊县的几个修理厂进行过检修，更换了点火线圈、缸线、火花塞、发动机控制单元（电脑）、水温传感器，但故障依旧。,2017/6/23 0:00,燕京YJ6501,山西,启动困难,点火开关,修理不当
2760,燕京YJ6501发动机噪声大，有“隆、隆”异响,举升车辆，可看到发动机的底护板有磕碰痕迹。如果路面有障碍物而强行通过，发动机底护板就要被磕碰。底护板变形后与发动机油底壳距离变近，如果距离太近，当加速时油底壳与底护板相撞就会发出异响并使车身振动。,发动机噪声大，车辆原地踩加速踏板时，有“隆、隆”异响，发动机舱内有振动感。,2017/6/4 0:00,燕京YJ6501,北京,发动机噪声大,发动机,没有阅读说明书
2761,枭龙XL2060突然熄火后不能启动,通过对其点火控制原理进行分析后，我们找到位于驾驶员座椅下的点火控制器及点火线圈总成，拔掉其线束插头并打开点火开关，然后用万用表电压档（DCV20）分别对手头的各端子进行测量，结果发现其电源电压正常，为12.3V，而两点火信号端子的电压为0.2V。于是将点火开关转至启动档，使启动机带动发动机正常运转，同时再对两信号端子的电压即发生一致地变化。由此诊断，电脑根据所接收到的传感器信号适时地发出了点火指令，而高压不跳火，则问题可能出在点火控制器或战火线圈上。由于该点火控制器与战火线圈合装在一起，而且在来时又没有带备件，因此只好将车拖回。回到公司后，根据前面所做的检测及诊断，更换点火控制器及点火线圈总成，然后启动试车，一次启动成功。,行驶中走错路，在掉转车头的过程中发动机突然熄火。经再次启动时，发现不能着车。,2017/7/23 0:00,枭龙XL2060,黑龙江,熄火,点火控制器,修理不当
2762,奥迪A6排气管冒黑烟,经仔细分析发现，该车在外地维修时，因原车空气流量计G60的响应性变差，使其检测值不准或滞后，造成混合气空燃比不能达到最佳，燃烧不充分，从而导致加速无力、冒黑烟。当清洗空气流量计后，使其响应性暂时变好，但他们盲目换上发动机控制单元，氧传感器也未拧紧。当车行驶一段时间后，空气流量计的响应性变差，而且氧传感器也因车辆颠簸而枪支，使空气通过氧传感器与排气管间的缝隙到氧传感器的检测头周围，导致氧含量过高，使氧传感器电压值约为0.120V，即混合气过稀。当氧传感器信号付给发动机控制单元，发动机控制单元控制延长喷油时间，即增加喷油量，从而导致排气冒黑烟更浓。奥A6的空气流量计使用一段时间后，其响应性可能变差，导致加速无力、不易启动、冒黑烟等现象，而氧传感器和发动机控制单元一般不易损坏，切不可盲目更换而造成不必要的浪费。,一辆奥迪A61.8T手动档轿车行驶15万km，车主反映前段时间在外地该车出现冒黑烟、加速无力的症状。在当地服务站维修，更换了发动机控制单元、清洗了空气流量计后正常。但过了段时间后，又出现加速无力、冒黑烟的现象，且黑烟更浓。,2017/4/28 0:00,奥迪A6,黑龙江,冒黑烟,氧传感器,操作分心
2763,奥迪A2排气管冒黑烟,经仔细分析发现，该车在外地维修时，因原车空气流量计G60的响应性变差，使其检测值不准或滞后，造成混合气空燃比不能达到最佳，燃烧不充分，从而导致加速无力、冒黑烟。,一辆奥迪A2车行驶22万km，车主反映前段时间在外地该车出现冒黑烟、加速无力的症状。,2017/1/4 0:00,奥迪A2,吉林,冒黑烟,氧传感器,修理不当
2764,枭龙XL2060发动机启动困难,由于这段油管泄漏，发动机停车一段时间后，进油管内的剩余汽油几乎全从泄漏之处返回油箱进油管内，自然不能保证足够的供油压力。要经过多次启动，汽油泵不断泵油，直到进油管内压力逐渐增大到正常供油压力之后，发动机才能启动。更换一根油管后，装复试车，冷车、热车都启动良好，故障终于排除。,车主反映早晨启动时，发动机启动困难，需多次启动才能成功。白天热车时情况好一些，不过停车较长（3~4h）时间后也难以启动。此现象己有半月有余。,2017/5/4 0:00,枭龙XL2060,吉林,启动困难,进油管,上次修理失当
2765,五岳TAZ3090发动机启动困难,此段油管泄漏，发动机停车一段时间后，进油管内的剩余汽油几乎全从泄漏之处返回油箱进油管内，自然不能保证足够的供油压力。要经过多次启动，汽油泵不断泵油，直到进油管内压力逐渐增大到正常供油压力之后，发动机才能启动。更换一根油管后，装复试车，冷车、热车都启动良好，故障排除。,上午启动时，发动机启动困难，需多次启动才能成功。不过停车较长时间后也难以启动。,2017/3/2 0:00,五岳TAZ3090,内蒙古,启动困难,进油管,知道故障不修理
2766,奥迪Q3水温高,这说明问题在冷却温度传感器到仪表的线束或仪表上，发现组合仪表损坏，查询防盗密码，更换组合仪表后正常。,一辆奥迪Q3行驶9万km，车主反映水温高。,2017/2/5 0:00,奥迪Q3,吉林,水温高,组合仪表,不定时检查车况
2767,燕京YJ6501水温高,第一次装节温器时，为防止冷却液过多流出缸体，一人拿下节温器，另一人迅速把节温器装上，未仔细观察节漫器安装孔是否有水垢。把水垢清理干净后，装上节温器。装好节温器后，并更换新的冷却后试车一切正常。询问车主得知该车以前往膨胀罐中加过很多井水。若加水可产生水垢，水垢在发动机冷却水套中沉积，阻碍冷却液循环，使发动机过热。,一辆燕京YJ6501行驶28万km，车主反映正常行驶时水温高。,2017/2/26 0:00,燕京YJ6501,吉林,水温高,节温器,不懂保养汽车
2768,铁马XC2200载重车水温高,清理水垢后，装上节温器，并更换新的冷却后试车一切正常。得知该车以前往膨胀罐中加过很多井水。若加水可产生水垢，水垢在发动机冷却水套中沉积，阻碍冷却液循环，使发动机过热。,一辆铁马XC2200载重车行驶66万km，车主反映正常行驶时水温高。,2017/1/22 0:00,铁马XC2200载重车,陕西,水温高,节温器,意外
2769,奥迪A5无法启动,把车拖到了维修服务站用专门的电脑检测仪测试了一下，结果显示为须更换电脑模块。清除故障码再次启动还是些故障内容，而后又用数据流功能查看数据，当打启动机时，数据流显示转速信号为零，看起来电脑真的损坏了。更换电脑模块后，一次启动成功，试车一切正常。,一辆奥迪A5早晨停车后再启动时就无法着车。,2017/1/12 0:00,奥迪A5,吉林,启动困难,电脑模块,责任心不强
2770,枭龙XL2060发动机启动困难,发动机停车一段时间后，进油管内的汽油几乎全从泄漏之处返回油箱进油管内，自然不能保证足够的供油压力。更换一根油管后，装复试车，冷车、热车都启动良好，故障终于排除。,该车发动机启动困难，多次才能启动。,2017/1/15 0:00,枭龙XL2060,吉林,启动困难,油管,不定时检查车况
2771,沈飞猎鹰启动机故障,在驱动督办与飞轮齿环刚刚接触的瞬间，驱动齿轮受到吸引线圈的作用，一直试图进入飞轮齿环与之啮合。由于铜套被磨成圆锥形，导致中枢轴在转动时轴心线轨迹呈枣核状，驱动齿轮验证以与飞轮齿环啮合，因此，启动时伴随“咔咔”响声。据作用与反作用定理，驱动齿轮施加于飞轮齿环的力越大，其反作用力也越大。这就意味着某一次启动，油于反作用力的存在，使驱动齿轮端面与飞轮齿环端面夹角消失，驱动齿轮趁机进入飞轮齿环与之啮合，从而启动成功。,此车启动时启动机空转，并伴随“咔咔”的响声，而发动机不转。呼声似乎是驱动齿轮空转时磨碰飞轮环发出的。若反复转动点火开关，偶尔听不到“咔咔”声，则此次启动必定成功。,2017/4/18 0:00,沈飞猎鹰,吉林,启动困难,驱动齿轮,修理不当
2772,枭龙XL2060中控门锁突然失灵,装好控制模块外壳并将其恢复原样。剩下的还有驾驶员侧中央门锁电机的问题。拆下门锁机构，检查中央门锁电机（直接通电试验）发现电机不动作，用万用表测试电机线圈电阻无穷大，说明已断路。进一步拆检电机内部，发现烧蚀严重，可以判定为不可修复，只能更换。,该车在正常行驶停车后，中控锁突然失灵，按下发射器的闭锁按钮，驾驶员侧的中央门锁不动作，而其它三个门锁落锁后又自动打开，不能落锁。,2017/4/19 0:00,枭龙XL2060,吉林,中控锁故障,电机,操作分心
2773,沈飞猎鹰启动困难,为了确认MAP存在着故障，用替换法更换MAP着车后，发现进气压力未曾改变。于是检查刹车真空助力泵及其他真空软管均未发现泄漏。拆卸排气管着车（着车时旁边一人拿灭火器以防意外），故障依然。于是检查气门正时，拆卸发动机皮带轮后发现曲轴正时齿轮的定位销损坏，从而造成了发动机皮带轮的内沿凹槽磨损出现了皮带轮的错位。更换曲轴皮带轮及曲轴正时齿轮后，故障排除。,该车发动机启动困难，启动后怠速不稳，加速无力且易熄火。,2017/4/20 0:00,沈飞猎鹰,吉林,启动困难,曲轴,不懂保养汽车
2774,铁马XC2200舟桥车发动机无力故障,开始时怀疑是化油器加速泵工作不太好，经过检查未发现异常现象。后来进一步检查发现，发动机在运转过程中，化油器中、下部接合面有时有轻微渗油现象。按要求紧定化油器中、下部固定螺钉后，故障消失，汽车行驶正常。,该车在没有任何负荷的情况下，发动机各工况运转良好。在行驶过程中，换挡后一段时间内，发动机出现转速降低现象，此时汽车行驶速度减慢，行驶无力，全车抖动。,2017/3/18 0:00,铁马XC2200舟桥车,吉林,启动困难,化油器,修理不当
2775,铁马XC2200舟桥车制动向左跑偏,检查制动系统，没有发现造成定向跑偏的原因。后来，在对该车进行“三保”检查底盘时，发现右后轮钢板弹簧U型固定螺栓松动严重。将U型螺栓拧紧后试车，故障排除。,铁马XC2200舟桥车在行驶8万km左右时出现制动向左跑偏现象，而且越来越严重。,2017/3/19 0:00,铁马XC2200舟桥车,辽宁,制动跑偏,钢板弹簧栓,责任心不强
2776,长丰猎豹离合器发料,检查发现，离合器拨叉拉紧弹簧呈斜拉状态。经分析，原因是在前次修理后装复过程中没有按照规定位置装配拉紧弹簧座，从而造成拉紧弹簧不处在一个平面内，拨叉始终在倾斜状态下工作，造成分离杠杆受力不均，导致离合器发抖。,一辆长丰猎豹在一次维修后出现离合器起步发抖现象。,2017/4/5 0:00,长丰猎豹,上海,离合器发料,离合器,责任心不强
2777,铁马XC2200方舱车突然熄火,拆下分电器仔细检查，发现断电臂上的塑料轴套有一处磨穿发亮，断电臂与断电臂轴在磨穿处搭铁，造成低压电路短路。,一辆铁马XC2200方舱车使用中突然熄火，熄火后再也无法起动。,2017/5/12 0:00,铁马XC2200方舱车,辽宁,熄火,分电器断电臂,不懂保养汽车
2778,东风猛士发动机异响,拆下分电器及其附件进行全风检查，发现分电器凸轮磨损过甚，转动分电器轴、触点张开时间隙时大时小，在检查分电器轴与村套之间的间隙磨损也特别大，转动凸轮使触点张开时，用手来回晃动凸轮轴，触点间隙更大，造成了在中、高速时发动机断火，且易发生点火过早，引起回火、放炮。,行驶时化油器回火，且车向前窜动，加速很不稳定，排气管发出“突突”声；原地试车，在中、高速时，回火严重，收油门的瞬间排气管放炮。,2017/5/6 0:00,东风猛士,河南,发动机异响,火花塞,不定时检查车况
2779,奥迪A3发动机动力降低,检查后发现发动机大修时，发动机与大梁之间的搭铁线接头上的油泥没有清洗干净，而且搭铁线接头与发动机接触处螺钉没有拧紧，使发动机搭铁不良，从而导致开大灯时，电子点火器的电压下降，高压火花减弱，发动机动力下降。,一次夜间行车，司机反映一开大灯，发动机动力突降，汽车行驶无力。经停车检查并未发现异常情况，但开大灯起动发动机故障即出现，待关上大灯后，发动机立即恢复正常。,2017/5/6 0:00,奥迪A3,辽宁,发动机故障,搭铁线,意外
2780,东风猛士水温高,先是认为故障出在冷却系，就对该车冷却系各部件进行认真检修，没有发现异常。后发现该车风扇皮带绕向装反，拆下重新安装后，故障消失。,进厂大修后，发动机水温一直偏高，还经常“开锅”，严重影响该车的正常使用。,2017/5/6 0:00,东风猛士,辽宁,水温高,风扇皮带,不懂保养汽车
2781,奥迪A6怠速不稳,拆下该系统的通风管，起动发动机，快速暖机至正常温度，然后使发动机在稍高于怠速的转速下稳定运转。此时发现PCV阀的窜气量较大，估计PCV阀有故障。由此可见，该车怠速不稳、频繁熄火是由于PCV阀被粘住，怠速时不能减小开度而引起的。,一辆奥迪A6已行驶12万公里，怠速不稳，频繁熄火。,2017/2/7 0:00,奥迪A6,北京,怠速不稳,PCV阀,不定时检查车况
2782,奔驰2026（6×6）8吨级越野车发动机动力降低,检查发现压力低的气缸的进、排气门凸轮升程比标准值或低或高。由此可以确定故障出现在进、排气门与凸轮及轴承之间的机械部分，减小了进、排气门的最大开度，缩短进、排气门开启的时间，使充气不足、排气不彻底，混合气体不能正常的燃烧，使发动机点火时间提前。因此发动机工作不正常，功率下降。仔细检查发现，很少出现故障的凸轮轴承磨损失圆，从而造成凸轮轴上下摆动，影响发动机的正常运转。,一辆奔驰2026（6×6）8吨级越野车，行驶6万公里，因发动机动力下降很多，对其进行了二级保养。维修后动力还没有达到理想数值，,2017/5/6 0:00,奔驰2026（6×6）8吨级越野车,辽宁,发动机故障,凸轮轴承,上次修理失当
2783,铁马XC2200载重车充电指示灯不熄灭,更换损坏的激磁二极管后，当发电机转速正常发电时，充电指示灯即熄灭，说明故障已排除。,此车刚接通点火开关时充电指示灯亮，但当交流发电机转速正常发电后，充电指示灯仍然点亮，只是亮度稍为减弱。刚接通点火开关时充电指示灯亮，但当交流发电机转速正常发电后，充电指示灯仍然点亮，只是亮度稍为减弱。刚接通点火开关时充电指示灯亮，但当交流发电机转速正常发电后，充电指示灯仍然点亮，只是亮度稍为减弱。,2017/1/23 0:00,铁马XC2200载重车,河北,充电指示灯不熄灭,激磁二极管,操作分心
2784,枭龙XL2060无故熄火,用手摇柄慢慢摇转曲轴，终于发现触点有时能张开，有时则分离不彻底，原因是活动触点臂上的触点松动。换上一副新的触点总成，起动发动机试车，故障现象消失。,发动机低速或息速运转3分钟一4分钟即无故熄火；急加速时汽车发噎，动力明显下降，但很快又恢复正常；高速时则无上述现象。,2017/5/6 0:00,枭龙XL2060,辽宁,熄火,活动触点臂,粗心
2785,长丰猎豹水温高,检查点火正时、配气机构未发现问题；更换了水温表、节温器及气缸垫等，故障依然存在。最后在更换风扇时，发现风扇叶片的倾角不对。,发动机怠速运转20分钟一30分钟水温就达100℃，而行驶中水温却在95℃左右，但一上坡水箱就开锅。,2017/6/6 0:00,长丰猎豹,辽宁,水温高,风扇叶片,没有阅读说明书
2786,北汽勇士水温高,在更换风扇时，发现风扇叶片的倾角不对。更换风扇叶片后故障即排除。,发动机怠速运转25分钟水温就达100℃，但行驶中水温却在85℃左右，但一上坡水箱就开锅。,2017/6/6 0:00,北汽勇士,河南,水温高,风扇叶片,上次修理失当
2787,北汽勇士洗车后仪表不显示,仪表之所以全不亮，应该也是由此导致的。当发动机正常启动时，PCM和BCM要使全车用电附件在短时间内全部停止供电，以满足启动时的用电要求。平时我们在启动瞬间全车仪表灯都要熄灭，当发动机启动后钥匙处于“ON”位置时，请求启动信号被断开，PCM收不到请求启动信号，它就要与BCM恢复正常用电设备的供电，全车仪表就会点亮。此故障就是信号线路始终给PCM一个请求启动信号，所以造成PCM和BCM一直认为现在是启动阶段，故仪表灯都不亮。更换发动机罩下的保险丝盒，一切恢复正常。,此车在洗车汽用高压水枪冲后，出现仪表盘全部不显示故障。,2017/2/26 0:00,北汽勇士,辽宁,仪表不显示,保险丝,没有阅读说明书
2788,铁马XC2200舟桥车不能启动,因为电脑常电源电路接触不良而引起的电脑电压足够，但能量不够，致使电脑不能正常工作。那么常电源为什么会造成接触不良呢？一般就怀疑保险丝，查找了元件位置图，发现保险丝处于歪斜状态，将保险丝插好，把原来联结线从电瓶取下启动试车，一切正常。,由于发动机无法启动，拖至修理厂进行了一周的修理，没有修好，最后拖至我院轿车修理厂。,2017/1/19 0:00,铁马XC2200舟桥车,辽宁,启动困难,保险丝,不懂保养汽车
2789,奥迪A5不能启动,查找元件位置图，发现保险丝处于歪斜状态，将保险丝插好，把原来联结线从电瓶取下启动试车，一切正常。,此车发动机无法启动。,2017/1/16 0:00,奥迪A5,辽宁,启动困难,保险丝,上次修理失当
2790,五岳TAZ3090怠速发抖，油耗过高,从上面读取的故障中检测类型“超过下限”分析应为混合气过浓，但从氧传感器0.1V不变，喷油时间和进气压力远高于正常等情况来看，进气系统似乎有漏气现象，造成混合气过稀，电喷电脑自适应加浓。仔细检查几个可能的漏气点,该车发动机怠速时抖动明显，且油耗过高。,2017/1/16 0:00,五岳TAZ3090,辽宁,怠速不稳,蓄电池,驾驶不当
2791,北汽勇士怠速抖动厉害,读取怠速时的参数，发现蓄电池电压不正常，经常变化，且电压偏低。通过询问车主得知蓄电池使用时间已经较长，于是更换一个新蓄电池，发动机恢复正常。,该车发动机怠速时抖动明显，而且油耗过高。,2017/1/16 0:00,北汽勇士,河北,怠速不稳,蓄电池,责任心不强
2792,五岳TAZ3090发动机间歇性无法启动,电喷电脑不能解锁。更换电喷电脑后试车，故障排除。,发动机启动时时而正常，时而无法启动，无法启动时防盗指示灯闪烁报警。,2017/1/16 0:00,五岳TAZ3090,河南,发动机故障,电脑模块,上次修理失当
2793,五岳TAZ3090自动档换档冲击,分析可能为变扭器锁止电磁阀失效或CPC和RPC阀芯卡滞。之前维修人员已经检查过油平面，将变扭器锁止电磁阀和油压调节电磁阀调换过，且简单清洗过液力控制盒，更换了已经较脏污的变速箱油，但故障依旧。分析可能为清洗不彻底。将辅助液力分配器中的CPC和RPC阀芯拆出来彻底清洗一遍，将回，故障排除。,该车低速行驶时自动变速箱有换档冲击现象。感觉车身抖动明显，高速时正常。无故障灯闪烁现象。,2017/1/16 0:00,五岳TAZ3090,河北,换档冲击,电磁阀,意外
2794,铁马XC2200方舱车手制动灯无故闪烁,发现在加速时该故障出现频率较高，停车试着急踩油门，发现组合仪表灯突然随之异常发亮，且上述故障同时出现。照此分析，可能为发电机在发动机转速上升时输出电压过高。更换发电机总成，试车一星期，故障不再出现。,该车在行驶途中发现手制动灯无帮闪烁一下就熄灭了，同时伴有一声峰鸣音，无规律反复出现。,2017/1/16 0:00,铁马XC2200方舱车,河南,故障灯闪烁,发动机,操作分心
2795,铁马XC2200方舱车发动机间歇性加速无力,仔细检查各搭铁线，发现变速箱上一固定螺栓未拧紧，导致发动机线束上的搭铁线未能良好搭铁。至此故障原因明确。紧该螺栓后启动正常，试车，故障不再出现。,该车加速无力，发动机故障灯时亮时不亮，油耗升高，检查无果，接着又出现无法启动抛锚故障。,2017/7/10 0:00,铁马XC2200方舱车,河北,发动机故障,螺栓,知道故障不修理
2796,猎豹飞腾发动机间歇性加速无力,仔细检查各搭铁线，发现变速箱上一固定螺栓未拧紧，导致发动机线束上的搭铁线未能良好搭铁。,该车加速无力，油耗升高，之后又出现无法启动抛锚故障。,2017/7/17 0:00,猎豹飞腾,河北,发动机故障,螺栓,知道故障不修理
2797,铁马XC2200载重车发动机无法启动,断开蓄电池，拆下三个电脑，用万用表检测互相之间的CAN线连接，线路没有断路和短路问题。又逐个查看三个电脑，发现电喷电脑几个针脚明显有腐蚀现象，结合前面PROXIA诊断仪无法进入电喷电脑分析，应为电喷电脑故障。更换发动机电喷电脑，故障排除。,该车在行驶途中突然熄火，无法启动。,2017/7/17 0:00,铁马XC2200载重车,河北,熄火，发动机故障,电脑模块,知道故障不修理
2798,猎豹飞腾发动机间歇性动力不足,做发动机电喷电脑自动调节装置初始化，命名发动机电喷电脑的自适应调整归零，重新启动，发动机恢复正常，PROXIA诊断没有故障。又对该车的点火系统（火花塞、点火线圈）、供油系统（供油压力、喷油嘴清洁情况）及进气系统（是否有漏气处）分别进行检查，没有发现任何异常现象。剩下来就只有机械故障了，可能为偶尔气门密封不良，使发动机无法正常工作而进入降级模式，但在气门密封较好时又可以通过自动调节装置初始化来使其恢复正常工作。拆检发动机，果然发现进排气门均积碳严重。更换进、排气门，清除积碳，要求车主加高品质燃油，试车一段时间回访，故障排除。,发动机经常进入降级模式，初始化恢复功能后不久又重复出现。冷车经常感觉动力不足，怠速发抖，热车偶尔出现动力下降。,2017/7/17 0:00,猎豹飞腾,河北,怠速不稳,排气门,意外
2799,猎豹飞腾火花塞引起的一例典型故障,怠速和原来一样了，但抖动仍存在。既然怠速好了，那问题肯定在火花塞上。此车装的是白金火花塞，拆下新的火花塞，装上旧火花塞，故障消失。,清洗节气门喷油嘴，更换火花塞后，怠速比以前高100r/min，并且间歇性抖动一下。间歇时间长短不等，有时抖动厉害、有时轻微颤抖，厉害时甚至熄火，立即点车又能重新启动。加速跟以前一样。,2017/7/17 0:00,猎豹飞腾,河南,怠速不稳,火花塞,修理不当
2800,WZ901轮式装甲安全车动力不足且怠速发抖,借用元征解码器读取数据流，发现冷启后在暖车过程中，发动机电脑控制喷油脉宽突然变小，且随节气门开度的变化不明显，似乎一直进行着烯油过浓的修正，使得发动机转速无法上升。可以看出在发动机闭五控制时发动机转速不可能上升，如果让它开环运行可能会有所改善，抱着试试看的想法，将氧传感器拆下试车，在拆下氧传感器的位置发现气流很大、很急。很显然供油没有问题，那么就是进入汽缸内的氧的含量过少。为了验证这个推论，用空气压缩机向进气管吹气发现发动机工作情况大大好转，怠速稳了，急加速也没有异常。问题似乎找到了。拆下三元催化器，重新试车发现故障现象消失。,此车动力不足且怠速发抖，故障警告灯亮，故障码显示为氧传感器故障，更换氧传感器后故障警告灯仍然亮，故障现象仍然存在。,2017/7/14 0:00,WZ901轮式装甲安全车,河北,怠速不稳,三元催化转换器,修理不当
2801,WZ901轮式装甲安全车一侧小灯不亮,拆下气缸盖，看到气缸垫确实冲坏，换上新款改进型气缸垫，装配好后测试气缸压力，均到10kg左右。打点火钥匙，结果一下子就发动起来，至此维修结束。,一辆WZ901轮式装甲安全车行驶里程达5200km，出现左半边前后小灯均不亮的现象。,2017/7/14 0:00,WZ901轮式装甲安全车,河北,启动困难,气缸垫,不懂保养汽车
2802,远达SCZ3090CA空调压缩机频繁跳动,压力开关损坏，更换压力开关，把线路恢复正常，压缩机正常运转，内外循环灯也不闪烁了，,一辆远达SCZ3090CA行驶2.2万km，该车内外循环灯会自动转换。,2017/7/14 0:00,远达SCZ3090CA,河北,空调压缩机跳动,压力开关,不懂保养汽车
2803,五岳TAZ3090发动机不能启动,用一支发光二极管试灯，其“十”端接蓄电池正极，“一”端触接ECU上23号引脚，此时试灯发亮，这说明23号引脚线路中有搭铁故障。经仔细检查，在位于发动机舱内通往ECU的主线束丛中，查到了这根已破皮的IGF信号线，发现它已和车身相触而搭铁，分析为事帮碰撞所致。逐用绝缘胶带缠住破损入，并整理好这束导线，再次启动马达。测量ECU中23号引脚处电压为0.1V。试着多启动几次马达，发动机竟顺利启动。,喷漆后发动机不能启动。,2017/7/14 0:00,五岳TAZ3090,河北,启动困难,信号线,操作分心
2804,奥迪A6空调不致冷,低压管由于以前发生泄漏铆接过。买回一根新的低压管，重新抽真空，加入适量的压缩机油，注入冷媒，故障终于排除了。,一辆奥迪A6空调效果不好，出风口温度达16℃。在我厂已经换了压缩机、膨胀阀和干燥瓶，同时也清洗了整个空调系统的管道。用压缩空气吹都畅通无阻。已换过2个压缩机、2个干燥瓶、4个膨胀阀和1个冷凝器。,2017/7/14 0:00,奥迪A6,河北,空调故障,低压管,责任心不强
2805,五岳TAZ3090空调故障,发动机舱左侧保险丝盒内找到空调继电器，发现继电器的4个脚有2个电源，一个到空调压缩机，而没有继电器的控制信号。看到有两个地方似乎有烧蚀痕迹。于是又打开电脑的另一面，发现有一电阻被烧黑。用万用表测量此电阻不通，阻值无穷大。查看附近与此相似的电阻，阻值为10Ω。于是换上一个10Ω电阻，再试空调一切正常。,空调不制冷。,2017/1/2 0:00,五岳TAZ3090,河北,空调故障,电阻,不懂保养汽车
2806,五岳TAZ3090怠速过高,进一步考虑实际水温低现象，为进一步缩小故障的可疑点，拆检节温器，当打开节温器外面的水管时，一切都一目了然！原来系统没有装节温器。装好节温器、怠速正常。,出现怠速过高现象。,2017/3/13 0:00,五岳TAZ3090,上海,怠速不稳,节温器,责任心不强
2807,汉阳HY473AS半挂牵引车怠速过高,拆检节温器，发现没有装节温器。装好节温器，故障排除。,一辆汉阳HY473AS半挂牵引车发生怠速过高现象。,2017/3/13 0:00,汉阳HY473AS半挂牵引车,河南,怠速不稳,节温器,没有阅读说明书
2808,五岳TAZ3090急加速回火,将转子轴反向轻轻敲击出1.0～1.5mm后，故障排除。,此车二级维护后出现发动机怠速不稳、急加速不畅，并伴有回火放炮声。,2017/3/13 0:00,五岳TAZ3090,上海,怠速不稳,转子轴,不定时检查车况
2809,汉阳HY4320S半挂牵引车倒车灯不亮,拆下尾箱盖上的整条线束，逐段剥开，发现其中一处被折断。连接好后，故障排除。由于牌照灯与后雾灯指示灯的功率较小，又与倒车灯有共同的搭铁点，倒车灯的搭铁线没有彻底断开，只能通过小电流，所以才会出现上述故障现象。,挂倒档时倒车灯不亮，牌照灯与仪表盘上的雾灯指示灯（后）同时点亮。,2017/4/13 0:00,汉阳HY4320S半挂牵引车,河南,倒车灯不亮,搭铁线,上次修理失当
2810,奥迪A6无倒档,发现该车装有防盗器，装此防盗器的师傅把防盗继电器装在了点火开关启动档上。,该车启动机时有时无，但故障并不太明显，自动变速器无倒档，而且没有任何故障灯点亮。,2017/3/13 0:00,奥迪A6,上海,无倒档,防盗器,操作分心
2811,汉阳HY4320S半挂牵引车熄火,经过分析，此车的故障为曲轴位置传感器损坏和发动机电子控制器ECU插接头不好，引起发动机电子控制器ECU搭铁不良造成的双重故障。重新加固插接头后，此车故障完全消失。,此车在高速行驶时突然熄火，再启动时无任何启动征兆。,2017/5/24 0:00,汉阳HY4320S半挂牵引车,河南,熄火,曲轴位置传感器，发动机电子控制器ECU插接头,修理不当
2812,汉阳HY4320S半挂牵引车无法启动,正时链条装错一齿。重新将正时链条装复，试车，一切正常。,该车辆大修之后，有着车迹象，但始终不能顺利启动。,2017/7/16 0:00,汉阳HY4320S半挂牵引车,上海,启动困难,链条,不懂保养汽车
2813,铁马XC2200载重车发动机回火,分解发动机进行检查，并以配气机构为重点。发现该车因润滑不良加之使用环境较为恶劣，导致凸轮轴过度磨损，从而造成排气不畅。凸轮高度的降低改变了配气相位，造成发动机进气和排气相位的滞后。低速时，发动机进、排气较少，燃烧时间相对充足，所以没有异常反应；然而在高速时，进气门开启晚，开度小，进气量严重不足，造成燃烧速度下降，同时排气门开启不足，不能及时排气，造成发动机在下一个工作循环进气门开启时，而汽缸内未及时排出的废气从进气门倒流，进入进气岐管，将其内的可燃混合气点燃，产生高速回火故障。更换凸轮轴后，重装装配试车，故障排除。,高速严重回火，只有怠速至中速时正常，只要加速，不管是急加速还是匀速，发动机都会回火，并且随着转速的升高回火越严重。,2017/7/19 0:00,铁马XC2200载重车,河南,发动机回火,凸轮轴,知道故障不修理
2814,铁马XC2200载重车发动机无法启动,变速箱电脑为监测自动变速器油温，不可能在非启动位产生一个断开信号。为了进一步确认故障，用专用工具把启动锁止开关信号线的一端（即变速箱电脑33#接线）从变速箱电脑插座上拿掉。给变速箱电脑一个档位锁止开关断开的信号，再启动发动机，果然着车。,发动机出现无法启动的故障。,2017/7/16 0:00,铁马XC2200载重车,上海,启动困难,变速箱电脑,意外
2815,铁马XC2200载重车水温高,维修人员换上了新水泵，装回散热器、电子扇、节温器和水温传达室感器，再长时间热车并在低中高速条件下试车检查并测量，水温恢复稳定、正常，整个冷却系统都在散热和恒温的有效状况中工作。,此车行驶30多万公里，要求对长期以来难于解决的冷却系水温高问题进行解决。,2017/7/16 0:00,铁马XC2200载重车,河南,水温高,水泵,不定时检查车况
2816,猎豹飞腾水温高,更换新水泵，装回散热器、电子扇、节温器和水温传达室感器，发现水温恢复正常。,此车对长期存在冷却系水温高的问题。,2017/7/16 0:00,猎豹飞腾,上海,水温高,水泵,意外
2817,猎豹飞腾SRS灯常亮,由于气囊线路的特殊性不敢轻易测量，便顺着束紧器插头往前查，发现这束线进了驾驶座底下的一个大插头里。轼晃此插头SRS灯会闪烁，感觉找到了问题的关键。因为驾驶座前后移动的频率比较高，这段线要随之伸缩，故而导致线路不良。,此车乘用车仪表板上安全气囊故障指示灯（以下简称SRS灯）常亮不熄。,2017/5/15 0:00,猎豹飞腾,河南,灯常亮,线,上次修理失当
2818,猎豹飞腾无怠速,用手堵住怠速旁通管的吸气口，有真空的感觉，但总觉得进气量太小，于是就拆检了节气门、怠速马达和怠速旁通管，发现非常脏，怠速进气通道几乎堵死。故障很明显，是怠速通气口堵死造成的，清洗后故障排除。,此车无怠速。,2017/1/15 0:00,猎豹飞腾,河南,怠速不稳,通气口,不定时检查车况
2819,猎豹飞腾输油泵故障,若输油泵工作正常，当你压摇臂时，输油泵出油管应流油。但反复压摇臂，并无一滴油流出，试着向进油管吹气畅通无阻，倒着吹畅通。证实输油泵膜片破裂。更换输出泵后，启动成功。,此车在行驶中突然熄火。据介绍当天行驶了400km时增加油，然后行车不足50km就熄火。,2017/1/15 0:00,猎豹飞腾,上海,输油泵故障,输出泵,修理不当
2820,猎豹飞腾冷车启动困难，热车怠速不稳,调整分电器角度，到正常位置后，怠速变得平稳了。,该车有冷车启动困难，热车怠速不稳的问题。,2017/1/15 0:00,猎豹飞腾,湖南,怠速不稳,分电器,责任心不强
2821,长丰猎豹发动机熄火,将起动机开关上的辅助触点转到正确位置，然后拧紧固定螺钉，经试车，原有故障不再出现。,发动机起动后将点火开关退回一挡时，发动机就立即熄火，点火线圈的附加电阻被烧红而且用手摇柄也无法起动。,2017/3/25 0:00,长丰猎豹,江苏,熄火,启动机开关,责任心不强
2822,长丰猎豹发动机间歇熄火,清洗油箱，发现油箱出油口滤网上有脏物，清除脏物后，故障排除。,在行驶中发动机突然熄火，停车稍歇后起动，发动机能发动，运转正常。继续行驶不足20公里，发动机又熄火，此现象重复出现。,2016/7/30 0:00,长丰猎豹,天津,熄火,油箱,上次修理失当
2823,北汽勇士发动机间歇熄火,这车是由油路和电路共同产生的故障，由于高压电路有轻微漏电，高速时有少部缸不工作；发动机低速时，出油量小，出油速度慢，基本能供上，发动机高速时，出油量大，出油速度快，滤网的吸力大，脏物吸附在滤网上，引起供油不足，甚至不供油，停车稍歇后，滤网上脏物因吸力减除，部分脏物脱离，发动机再次起动时，供油正常。,该车在行驶中发动机突然熄火，停车稍歇后起动，发动机能发动，运转正常。继续行驶不足10公里，发动机又熄火。,2017/1/15 0:00,北汽勇士,天津,熄火,油箱,操作分心
2824,北汽勇士液压制动分泵温度过高,将制动毂与蹄片的间隙调到标准值后，经试车，原有的故障不在出现。,因蹄片磨损过大更换了一副新蹄片，装复度车时制动效果还可以，但行驶一段时间后，制动突然失灵。,2017/1/15 0:00,北汽勇士,湖南,制动液温度过高，刹车失灵,制动毂，蹄片,意外
2825,北汽勇士正时齿轮发响声,驾驶员操作不当所致，车辆起动时，尤其是冷车起动，猛轰加速踏板，由于润滑油粘度大，各机件的润滑油膜尚未形成，使各部机件运转时阻力增大，导致机件损坏。,该车行驶8000千米后，正时齿轮处有异响。,2017/1/14 0:00,北汽勇士,天津,正时齿轮发响,正时齿轮,不定时检查车况
2826,奥迪A3正时齿轮发响,该车本身的正时齿轮存在质量问题。,该车行驶3000千米后，正时齿轮处出现异响。,2017/1/14 0:00,奥迪A3,天津,正时齿轮发响,正时齿轮,驾驶不当
2827,汉阳HY473AS半挂牵引车正时齿轮发响,检查发现，正时齿轮前端紧定螺母松动，且正时齿轮半圆键卡槽磨损严重。经分析，主要原因是在装复正时齿轮时紧定螺母拧紧力矩没有达到规定标准所致。,此车已行驶6000千米，用手摇柄转动曲轴时，每运转一周正时齿轮处出现两次有规律的敲击声，且发动机工作时功率下降。,2017/1/14 0:00,汉阳HY473AS半挂牵引车,湖南,正时齿轮发响,正时齿轮,知道故障不修理
2828,一辆汉阳HY473AS半挂牵引车盲目串联蓄电池,熄火后，再用起动机，无反应。拆下起动机检查，发现换向器、磁场绕组严重烧蚀。原来应该使用24V电源起动，由于人为串联一只蓄电池，使电压达到36V，造成起动机因过压而烧坏。,由于天气寒冷，加之起动发动机转速不够，故未能起动。后用一只蓄电池与原有两只蓄电池串连，再次起动发动机，这时起动转速很高，但由于起动前未预热，还是未能起动。第三次起动时成功。但发现起动机内部冒烟，并伴有焦糊味，只好立即熄火检查。,2017/1/18 0:00,汉阳HY473AS半挂牵引车,湖南,起动机损坏,起动机,不定时检查车况
2829,汉阳HY473AS半挂牵引车水箱“开锅”,造成“开锅”的原因是机油在水面形成油膜妨碍水中的热量散发，使水泥迅速升高，导致水箱“开锅”机油膜在水的循环过程中形成白色泡沫。,此车在行驶过程中水箱“开锅”，打开发动机舱盖后，发现从水箱溢水管排出白色泡沫并有轻微的机油味。,2017/1/18 0:00,汉阳HY473AS半挂牵引车,海南,水温高,节温器，冷却系,不懂保养汽车
2830,汉阳HY473AS半挂牵引车充电指示灯不熄灭,发现整流元件板上正、负二极管接线螺杆处一塑料绝缘件有烫化现象，使两者之间形成绝缘膜，造成断路。消除绝缘膜后，装复发电机，故障排除。,该车在保养时，发动机正常运转，电流表指示充电，随着转速升高，发现充电指示灯不熄灭。,2017/1/18 0:00,汉阳HY473AS半挂牵引车,天津,充电指示灯不熄灭,二极管接线螺杆,责任心不强
2831,沈飞猎鹰发动机怠速不稳,检查怠速控制阀的作动声音，无作动声即怠速控制阀出现了故障。,一辆沈飞猎鹰启动之后在怠速情况下运转，发动机忽高忽低、发抖。,2017/4/12 0:00,沈飞猎鹰,天津,怠速不稳,怠速控制阀,意外
2832,汉阳HY473AS半挂牵引车发动机怠速不稳,怠速时打开空调或打方向盘．发动机转速不升高，发现节气门位置传感器怠速开关不闭合。对节气门位置传感器进行调整后，故障消除。,汽车启动之后在怠速情况下运转，发动机转速不稳。,2017/1/18 0:00,汉阳HY473AS半挂牵引车,四川,怠速不稳,节气门位置传感器怠速开关,粗心
2833,长丰猎豹发动机怠速不稳,检修人员听见进气管有泄漏声，对泄漏处堵塞，故障解决。,一辆长丰猎豹启动之后在怠速情况下运转，发现怠速不稳定。,2017/5/2 0:00,长丰猎豹,上海,怠速不稳,进气管,没有阅读说明书
2834,汉阳HY473AS半挂牵引车发动机怠速不稳,外接电源检查喷油器是否有喷油测量喷油器的喷油量，喷油器无喷油。,一辆汉阳HY473AS半挂牵引车启动之后在怠速情况下运转，发动机转速忽高忽低。,2017/1/18 0:00,汉阳HY473AS半挂牵引车,天津,怠速不稳,喷油器,上次修理失当
2835,WS-1B自行火箭炮发动机怠速不稳,加速时伴有发闷的现象，更换三元催化器后，问题解决。,WS-1B自行火箭炮怠速耸车，发动机转速十分不稳定。,2017/6/6 0:00,WS-1B自行火箭炮,北京,怠速不稳,排气系统,不懂保养汽车
2836,黄河DD3090JFZ汽油发动机无法启动,在启动汽车时，只能听到起动机的声音，发现是由于电瓶亏电而无法启动。,汽油发动机无法启动，没有点火现象。,2017/8/19 0:00,黄河DD3090JFZ,四川,发动机无法启动,蓄电池,没有阅读说明书
2837,枭龙XL2060发动机动力不足,将加速踏板踩到底，检查节气门能否全开。发现不能全开，通过整节气门拉索或踏板，故障排除。 ,该车发动机无负荷运转时基本正常，但带负荷运转时加速缓慢，上坡无力，加速踏板踩到底时仍感动力不足，转速提不高，达不到最车速。 ,2017/8/19 0:00,枭龙XL2060,北京,发动机动力不足,节气门,操作分心
2838,燕京YJ6501发动机动力不足,通过拆卸喷油器、检查喷油量，发现不正常，出现雾化不良。,该车发动机无负荷运转时基本正常，但上坡无力，加速踏板踩到底时仍存在动力不足，转速提不高。 ,2017/8/19 0:00,燕京YJ6501,四川,发动机动力不足,喷油器,意外
2839,黄河DD3090JFZ离合器异响,少许踏下离合器踏板，使分离杠杆与分离轴承接触，听到有“砂、砂”声音，发现分离轴承响并磨损严重，更换后故障排除。  ,"黄河DD3090JFZ行驶了20万km,发现使用离合器时，有异响。",2017/8/19 0:00,黄河DD3090JFZ,北京,离合器异响,分离轴承,没有阅读说明书
2840,黄河DD3090JFZ离合器异响,踩踏板，在离合器刚接触或分开时响，检查从动盘，发现铆钉松动。,"一辆黄河DD3090JFZ行驶4500km后,使用离合器时，有异响。",2017/6/18 0:00,黄河DD3090JFZ,四川,离合器异响,从动盘,驾驶不当
2841,燕京YJ6501转向沉重,检查轮胎气压，发现充气不足，充气后故障消失，表明故障系轮胎气压不足（主要是前轮）所致。,汽车行驶时，需施加很大的力才能使汽车实现转向。,2017/6/18 0:00,燕京YJ6501,北京,转向沉重,轮胎,责任心不强
2842,东风猛士转向沉重,检查转向器及其它零件连接处的润滑情况，加注润滑油后故障消失，发现是故障系润滑不良所致。,汽车行驶时，得使用特别大的力才能使汽车实现转向。,2017/6/18 0:00,东风猛士,四川,转向沉重,转向系,修理不当
2843,东风猛士交流发电机充电电流不稳定,首先检查传动皮带，发现皮带过松，调整后故障消除。,此车发动机怠速以上运转时，电流表指针不断摆动。,2017/7/18 0:00,东风猛士,四川,交流发电机充电电流不稳定,传动皮带,知道故障不修理
2844,铁马XC2200载重车交流发电机充电电流不稳定,通过检查传动皮带，发现皮带太松，调整后故障消除。,发动机怠速以上运转时充电指示灯闪烁。,2017/8/10 0:00,铁马XC2200载重车,北京,交流发电机充电电流不稳定,传动皮带,不定时检查车况
2845,五岳TAZ3090交流发电机充电电流不稳定,首先排除皮带过松和导线接触不良，检查电刷长度，发现低于7mm，有磨损迹象。,发动机怠速以上运转时充电指示灯不停地闪烁。,2017/6/21 0:00,五岳TAZ3090,四川,交流发电机充电电流不稳定,电刷,意外
2846,五岳TAZ3090交流发电机充电电流不稳定,首先排除皮带过松和导线接触不良，然后拆检发电机后，发现电刷、转子和定子都正常，检查电压调节器，发现已损坏。更换后，故障排除。,该车晚间行驶时，前照灯忽明忽暗。,2017/2/27 0:00,五岳TAZ3090,四川,交流发电机充电电流不稳定,调节器,修理不当
2847,汉阳HY4320S半挂牵引车起动机转动无力,在确认蓄电池容量足够，线路连接良好的情况下，用金属条短接起动机电磁开关的两个主接线柱，如果短接后启动有力了，说明起动机电磁开关内主触点和接触盘接触不良；如果短接后起动仍然无力，则可以认为电动机有故障，或其搭铁不良，在接通启动开关后，起动机有连续的“咔嗒”声。短接起动机电磁开关的两个主接线柱，起动机转动正常，说明电磁开关保持线圈短路。,一辆汉阳HY4320S半挂牵引车起动机转动缓慢无力，带动发动机困难。,2017/3/23 0:00,汉阳HY4320S半挂牵引车,上海,起动机转动无力,电磁开关,驾驶不当
2848,五岳TAZ3090高压无火,排除外部导线连接松动故障后，打开点火开关不起动，观察仪表上故障灯，灯亮，说明电脑供电正常，读取故障码，发现感应线圈损坏，更换后，故障消除。,该车发动机不能起动。拔出高压导线对缸体试火，无火。,2017/4/10 0:00,五岳TAZ3090,四川,高压无火,感应线圈,没有阅读说明书
2849,五岳TAZ3090发动机动力不足,对该车检查水温传感器后，在不同温度下。水温传感器的电阻不能按规定标准值变化。更换水温传感器后，故障清除。 ,此车发动机无负荷运转时基本正常，但带负荷运转时加速缓慢。,2017/4/18 0:00,五岳TAZ3090,北京,发动机动力不足,水温传感器,没有阅读说明书
2850,奥迪A1发动机动力不足,对该车检查空气流量计后，发现出现异常，更换后故障消除。,发动机上坡无力，加速踏板踩到底时仍感动力不足，,2017/4/18 0:00,奥迪A1,四川,发动机动力不足,空气流量计,粗心
2851,奥迪A1发动机缺火,检测汽缸压缩压力，发现压缩压力少于原标准的80％。,该车发动机怠速抖动、汽车行驶无力、油耗增加、尾气排放超标。 ,2017/4/18 0:00,奥迪A1,北京,发动机缺火,气缸,没有阅读说明书
2852,奥迪A1一侧小灯不亮,拆下气缸盖，看到气缸垫已坏，换上新款改进型气缸垫，装配好后测试气缸压力，均到10kg左右。打点火钥匙，很快就发动起来，至此维修结束。,行驶里程达4500km，出现右半边前后小灯均不亮的现象。,2017/3/18 0:00,奥迪A1,四川,启动困难,气缸垫,上次修理失当
2853,奥迪A1怠速不稳,经过冷静地分析，点火线圈有高压火，喷油器工作正常喷油。这种情况不能启动可能有两种原因,该车怠速耸车，转速忽高忽低，遇红灯时常会熄火。,2017/7/22 0:00,奥迪A1,重庆,怠速不稳,混合气,驾驶不当
2854,奥迪A2发动机噪声大，有“隆、隆”异响，,发现底护板变形后与发动机油底壳距离变近，如果距离太近，当加速时油底壳与底护板相撞就会发出异响并使车身振动。,发动机噪声大，车辆原地踩加速踏板时，发动机舱内有振动感。,2017/3/18 0:00,奥迪A2,北京,发动机噪声大,发动机,意外
2855, 铁马XC2200舟桥车钢板弹簧栓松动引起制动跑偏,汽车制动时跑偏可分为定向跑偏和不定向跑偏。造成定向跑偏的主要原因有左、右轮制动力矩不等，或制动力迟滞的时间不一样，以及轮胎气压不一致等。检查制动系统，没有发现造成定向跑偏的原因。后来，在对该车进行三保检查底盘时，发现右后轮钢板弹簧U型固定螺栓松动严重。将U型螺栓拧紧后试车，故障排除。,一辆铁马XC2200舟桥车，在行驶6700km左右时出现制动向右跑偏现象，而且越来越严重。,2017/3/18 0:00,铁马XC2200舟桥车,北京,制动跑偏,钢板弹簧U型固定螺栓,意外
2856,奥迪A6发动不着,拆下气缸盖，发现气缸垫确实冲坏，换上新款改进型气缸垫，装配好后测试气缸压力，均到10kg左右。打点火钥匙，结果一下子就发动起来，至此维修结束。,一辆奥迪A6行驶里程73500km。司机说开在路上，突然熄火，之后就再也发动不着。,2017/3/18 0:00,奥迪A6,北京,熄火，发动不着,汽缸垫,上次修理失当
2857,猎豹飞腾自动变速器不跳四档故障,拆下了气管，发现前后两侧的三元催化器均有不同程度的堵塞。问题应该就出在这里，更换三元催化转换器，进行路试，故障排除。,此车进厂报修跑不快，最高车速只能达到100km/h。,2017/7/14 0:00,猎豹飞腾,四川,自动变速器不跳四档故障,三元催化器,没有阅读说明书
2858,猎豹飞腾发动机间歇性加速无力,仔细检查各搭铁线，发现变速箱上一固定螺栓松动，导致发动机线束上的搭铁线未能良好搭铁。至此故障原因明确。紧该螺栓后启动正常。,该车加速无力，然后又出现无法启动抛锚故障。,2017/5/29 0:00,猎豹飞腾,北京,发动机故障,螺栓,修理不当
2859,猎豹飞腾连杆轴承响,轴承盖螺栓松动，破坏了原来的配合间隙，柴油机在作功时受到强大的压力而产生响声。,该车突然加速时，连续发生的“当当”的响声；但响声不随温度变化。,2017/6/21 0:00,猎豹飞腾,四川,发动机故障,轴承盖螺栓,上次修理失当
2860,北汽勇士连杆轴承响,连杆轴承与轴颈磨损严重，破坏了本来的配合间隙，柴油机在作功时受到强大的压力而产生响声。,该车突然加速时，连续发生的“当当”的响声；但响声不随温度变化。,2017/5/29 0:00,北汽勇士,北京,发动机故障,连杆轴承，轴颈,不定时检查车况
2861,北汽勇士发动机气门脚响,对该车调整气门间隙后仍有响声，检查发现推杆有变形，予以更换后故障解决。,一辆北汽勇士的柴油机低转速时，上部发出有节奏并清晰均匀的“嗒嗒”声，转速升高，声响也随之增大中速以上时多只气门脚响，声响变得模糊杂，其响声不随温度和单缸断油变化。,2017/5/26 0:00,北汽勇士,四川,发动机故障,气门推杆,粗心
2862,北汽勇士发动机凸轮轴轴承响,用听诊器旋具抵触在气缸体凸轮轴轴承附近听诊，若有振动响声，则可确诊为该轴承发响。声响规律一般是怠速、中速时较清晰，高速时较清晰，高速时声音杂乱或减弱。凸轮轴窜动，进行轴向间隙调整后，故障消除。,该车凸轮轴轴承的敲击声发闷，有节奏，在发响的同时凸轮轴轴承附近有振动现象。,2017/5/26 0:00,北汽勇士,北京,发动机故障,凸轮轴,责任心不强
2863,长丰猎豹正时传动齿轮异响,当柴油机在怠速运转时，有不均匀的“咯啦”声，如果提高转速响声便杂乱，发现齿轮损坏。,柴油机工作时，在齿轮安装端（在柴油机的前端）发出“哗啦咯啦”或“噢---”的响声，声音随转速升高而增大。,2017/6/18 0:00,长丰猎豹,内蒙古,发动机故障,齿轮,修理不当
2864,长丰猎豹正时传动齿轮异响,发现齿轮运转时发出“噢---”声，转速越高声音越大，说明间隙过小，重新调整后故障排除。,柴油机工作时，在齿轮安装端发出“哗啦咯啦”或“噢---”的响声，声音随转速升高而增大。,2017/5/26 0:00,长丰猎豹,广东,发动机故障,齿轮,操作分心
2865,五岳TAZ3090发动机正时传动齿轮异响,发现柴油机中速以上运转，响声杂乱而强烈，且有振动感，降为低速时会发出撞击声，然后消失，发现螺栓松动，并给予了坚固。,柴油机工作时，在齿轮安装端发出“哗啦咯啦”或“噢---”的响声，声音随转速升高而增大。,2017/5/29 0:00,五岳TAZ3090,北京,发动机故障,螺帽,操作分心
2866,五岳TAZ3090发动机风扇叶异响,停止柴油机转动后，用手前后扳动风扇叶片有松旷感，说明紧固风扇的螺钉松动，进行更换后，故障解决。,柴油机在工作中，由于风扇叶长时间使用，会突然发出“哗啦哗啦”噪杂的响声，尤其是柴油机转速变化时，随转速的上升噪音增大。,2017/5/23 0:00,五岳TAZ3090,陕西,发动机故障,螺帽,不懂保养汽车
2867,五岳TAZ3090发动机气泵皮带打滑响,停车熄火后，用手指按压皮带，下陷量超过15mm，诊断为皮带过松，进行调整后不再打滑响。,柴油运转中，偶尔发出声响频率较高的尖锐而持续不断的“吱——”声音，急加油时，响声更突出。,2017/4/17 0:00,五岳TAZ3090,甘肃,发动机故障,气泵皮带,没有阅读说明书
2868,燕京YJ6501发动机风扇打滑响,停车熄火后，用手扳转风扇或气泵皮带轮未转动，诊断为皮带过松，进行调整后不再打滑响。,发动机运转中，偶尔发出声响频率较高的尖锐而持续不断的“吱——”声音，急加油时，响声更突出。,2017/3/17 0:00,燕京YJ6501,陕西,发动机故障,风扇皮带,意外
2869,燕京YJ6501发动机着火敲击声,发现个别缸供油量过大，拆下喷油泵在试验台上调试该缸供油量和供油间隔角，并对其他各缸的供油量和供油间隔角进行检查，发现喷油提前角过大，调到合适角度后故障排除。,该车在急加速时，发出尖锐、清脆而连续的、类似金属的敲击声，在怠速或小负荷工作状况下也明显。,2017/6/11 0:00,燕京YJ6501,北京,发动机故障,喷油提前角,驾驶不当
2870,远达SCZ3090CA发动机气门脚响,用手压住气门臂与其上下移动，发现声响减弱，说明气门杆与导管或摇臂轴间隙过大，调整后，气门脚不响了。,该车发动机地低转速时，上部发出有节奏并清晰均匀的“嗒嗒”声，转速升高。,2017/6/11 0:00,远达SCZ3090CA,甘肃,发动机故障,气门脚,驾驶不当
2872,奥迪A6离合器发抖发响,因压盘弹簧弹力不足，导致从动盘与飞轮结合不紧，加之传动钢片一端松动，压盘与离合器盖之间沿圆周方向产生相对移动，飞轮和离合器盖上的转矩传递到压盘上时就会损失一部分，且传递不均匀，便出现了起步时车身发抖、离合器发响现象。,一辆奥迪A6，行驶7万公里后，起步时车身抖动和离合器发出响声，起步后，症状则减轻。,2017/5/19 0:00,奥迪A6,北京,离合器故障,螺栓,粗心
2873,奥迪A1发动机过热,发动机怠速运转时，由于转速较低，风扇尚能正常运转，发动机不会出现过热现象。当发动机中、高速运转时，风扇与水泵轴之间出现了相对运动，致使风扇的转速低于水泵轴的转速，冷却效果明显变差，水箱极易出现“开锅”。将锁块插进风扇轴的槽内，风扇与轴便成为一体，风扇的转速即能随水泵轴转速的变化而变化，即冷却作用可以根据需要而自动调节，发动机便不会出现过热现象。,该车怠速运转时发动机温度正常，但行驶不久，发动机就过热，水箱随即“开锅”。,2017/4/19 0:00,奥迪A1,北京,发动机故障,风扇离合器,知道故障不修理
2874,奥迪A1冷却系统故障,1.节温器（水龟）损坏（不能自开）2.冷却水不足（泄漏、蒸发）3.风扇损坏（叶片损坏，控制电路故障，风扇电机故障，风扇皮带松脱）4.水泵损坏（皮带松脱，轴承卡住）5.百叶窗关闭，水箱、散热片能力下降（水垢，脏）,冬天寒冷时候，在行驶途中，引擎过热，冷却水沸腾，我不能理解为什么会这样。,2017/1/23 0:00,奥迪A1,北京,冷却系统故障,引擎,上次修理失当
2875,汉阳HY4320S半挂牵引车离合器故障,离合器摩擦片摩擦力不足。（1）离合器踏板自由行程过小或消失；分离杠杆和分离轴承的间隙过小或消失；离合器盖变形或与飞轮的连接松动，使压盘处于半分离状态，在传递动力是打滑。,离合器打滑。汽车起步时，完全放松离合器踏板，汽车不能起步或起步困难。,2017/2/5 0:00,汉阳HY4320S半挂牵引车,广州,离合器故障,离合器,修理不当
2876,奔驰2026（6×6）8吨级越野车离合器故障诊断,驾驶员操作不当导致压紧弹簧摩擦过度产生高热，使弹力下降；个别弹簧因疲劳断裂，是压紧力下降。,汽车行驶中加速时，车速不能随发动机转速的升高而增加，发动机的动力不能完全传至驱动轮，造成行驶无力，上坡时现象明显，严重时会发出因摩擦衬片过热而产生烧焦气味。,2017/4/18 0:00,奔驰2026（6×6）8吨级越野车,四川,离合器故障,离合器,责任心不强
2877,赛欧离合器阻滞,驾驶员操作不当导致压紧弹簧摩擦过度产生高热，使弹力下降；个别弹簧因疲劳断裂，是压紧力下降。,汽车起步时，将离合器踏至底仍感到挂档困难，或虽然可以强行挂入，但未等抬起离合器踏板，车就前移或熄火。,2017/5/5 0:00,别克赛欧,重庆,离合器故障,离合器,意外
2878,铁马XC2200舟桥车离合器异响,驾驶员操作不当导致分离轴承缺油或磨损，回位弹簧过软、折断或脱落。,这种故障表现在使用离合器过程中，当离合器踏板踩下或放松时发出不正常的响声,2017/5/12 0:00,铁马XC2200舟桥车,江苏,离合器异响,离合器,修理不当
2879,奥迪A2变速器换挡困难,同步器锥环牙齿沿轴线方向磨损成凸形或断裂；摩擦锥面螺旋槽磨损或磨光，使齿环端面与齿轮端面间隙缩小，甚至无间隙，降低了摩擦效果，同步器失效。,工作人员在换挡时候，变速杆操作沉重，不能平稳地挂入挡位。十分不方便操作。,2017/7/8 0:00,奥迪A2,黑龙江,变速器换挡困难,变速器,责任心不强
2880,上海别克GL启动困难,检查气门正时，拆卸发动机皮带轮后发现曲轴正时齿轮的定位销损坏，从而造成了发动机皮带轮的内沿凹槽磨损出现了皮带轮的错位（皮带轮上的58齿与曲轴位置传感器的相对位置）。更换曲轴皮带轮及曲轴正时齿轮后，故障排除。,工作人员在启动该车时，启动相当困难，并且十分容易熄火，特别是在冬天时候，更会出现这种情况。,2017/1/1 0:00,上海别克GL,河北,启动困难,曲轴,操作分心
2881,上海别克GL变速器乱档,变速杆球头定位稍磨损松旷、损坏、丢失、失去定位作用或球头磨损过大。,（1）换档时，变速器挂不上所需档位。（2）挂档后不能退回空挡。（3）一次挂上两个档位。,2017/2/21 0:00,上海别克GL,哈尔滨,变速器乱档,变速器,粗心
2882,WJ94轮式装甲防暴车燃润料消耗异常,一般为发动机工作不良或底盘调整不当所致，其主要原因主要是活塞与汽缸壁的配合间隙过大或有严重磨损。,机油的消耗过多，除了渗漏原因外，多半发动机存在故障，这时常伴有加机油口处大量的冒烟或脉动冒烟、排气颜色不正常,2017/3/3 0:00,WJ94轮式装甲防暴车,贵州,燃润料消耗异常,变速器,知道故障不修理
2883,WS-1B自行火箭炮车过热现象,发动机过热说明冷却系统由问题，如不及时排除，会引起爆震、早燃、行驶无力，甚至造成烧溶事故等,正常的情况，无论汽车工作多长时间，这些总成都应该保持在一定的温度。除发动机外，如果用手接触时，感到烫疼难忍，即表明该处过热。,2017/3/3 0:00,WS-1B自行火箭炮车,贵州,过热现象,冷却系统,驾驶不当
2884,HY962半挂平板车齿条停在不供油位置,由于该车长时间停放，喷油泵润滑油中含的水分便使柱塞锈蚀而卡死，而且正好使齿条停在高速位置，所以柴油机只有高速而无法调速。,一辆装有6110型柴油机的汽车，停放很长时间后起动时，刚一着火柴油机就处于高速运转状态，放松加速踏板转速也不下降而且有“飞车”之势。,2017/4/13 0:00,HY962半挂平板车,哈尔滨,柱塞锈蚀,喷油泵,操作分心
2885,铁马XC2200载重车散热器“开锅”故障的排除,由于散热器放水开关被水垢和泥沙等杂物堵塞，开始放水时由于散热器里水位较高，水压尚能使水较快地流出；随着散热器中水位降低，水压逐渐下降，水流随之变小，致使在下水室的水还没有放完，下水室及回水管里的水就已结冰了。这样，第二天出车时散热器里的水便无法通过回水管进行大循环，于是就出现了散热器“开锅”的现象。散热器“开锅”后，热量逐渐向下水室和回水管传导，待其中的冰完全溶化后，散热器中的冷却水即恢复大循环，这就是汽车行驶10多分钟后散热器不再“开锅”的原因。,一辆EQ1090型载货车，冬季每天出车前给冷却系加满水后，行驶约10多公里就出现散热器“开锅”现象；停车约10分钟左右再起动运行，散热器则不再发生“开锅”现象，汽车也能正常行驶，经检查，风扇皮带张力适当，节温器、水泵工作正常，冷却水数量充足。在散热器“开锅”后发现，散热器上水室很热而下水室是凉的，下水室的回水管也冰凉。将下水室回水管拆下检查，发现该管几乎完全冻住；检查散热器放水开关，则发现其中有很多水垢和泥沙。,2017/1/1 0:00,铁马XC2200载重车,黑龙江,散热器开关,散热器,操作分心
2886,ZSL92式轮式步兵战车空气为何排不净,接头螺栓的铜垫片在第一次紧定螺栓时表面已被挤压出现了压痕，当把它拆下重新装复时，在螺栓挤压下又产生的新压痕，且无法与原来的压痕吻合，致使在接合面上存在一定的间隙。这样，将低、高压油路中的空气排净后，发动机虽然能起动，但外界的空气仍能从该间隙中进人油路，所以发动机运转几分钟后又因供油中断而熄火。只要该间隙不消除，此故障即会反复出现，表现为油路中的空气排不净。,1辆 EQ2102型平头柴油特种车，一次训练中气缸垫冲坏，但更换缸垫后，在供油系统正常情况下发动机不能起动。,2017/7/17 0:00,ZSL92式轮式步兵战车,贵州,油路中的空气排不净,螺栓垫片,没有阅读说明书
2887,汉阳HY4320S半挂牵引车耗油量明显增加、运行中加速不良,该车分电器固定触点的应是1个M4的螺钉，且安装时还应加上亚个平垫圈和1个弹簧垫圈，以免螺钉松动和过长。但该车驾驶员在保养分电器时丢失这个螺钉及两个垫圈后，随便找了一个稍长的螺钉代替，且未加垫圈，这样螺钉长出的部分正好顶在分电器的托盘上，使得触点底板不能转动，因而造成真空调节装置失效。也就是说，在发动机满负荷时，不能保持12°－14°的点火提前角，致使发动机点火过迟而出现上述故障。据此，在维护保养汽车时一定要保管好拆下的零件，一旦丢失应按技术要求选配，哪怕是小小螺钉也马虎不得。,1辆EQ1090型载货车，驾驶员对电路进行保养后，出现耗油量明显增加、运行中加速不良且发动机温度过高等症状。,2017/3/8 0:00,WS-1B自行火箭炮车,贵州,耗油量明显增加、运行中加速不良,螺钉,知道故障不修理
2888,铁马XC2200舟桥车化油器保养不当,由于驾驶员在保养化油器时，加速油道出油阀钢球掉入气缸，导致踩坳加速油道时钢球不能上行堵住虹吸孔，加速油道供油泄漏，造成起动困难和没有加速性能。且在加速过程中，由于节气门陡然开启，而加速油嘴不能参与供油，而机械加浓和真空加浓来不及参与工作，造成瞬时混合气过稀，导致发动机在急加速时熄火。又由于钢球落入气缸内，导致异响。提醒维修保养人员在保养化油器时，一定要细心，不能错装、漏装，以免引起不应有的故障。,一辆EQ1090型运输车，驾驶员就车保养化油器后，出现以下故障,2017/3/3 0:00,铁马XC2200舟桥车,新疆,化油器保养不当,化油器,知道故障不修理
2889,奥迪A1点火线圈附加电阻断路引起的故障,在正常起动发动机时，附加电阻断路，当发动机起动后，附加电阻接通，使发动机正常工作。若点火线圈附加电阻断路，发动机将不能正常工作。在行驶途中遇到上述情况时，可找一根导线装饰点火线圈附加电阻的两接柱联在一起暂时使用，回单位后立即更换，长时间使用，会使点火线圈温度升高损坏。曲轴箱通风单向阀引起的故障,打开点火开关，起动机带动发动机正常运转，松开点火开关，发动机立即熄火。,2017/3/3 0:00,奥迪A1,贵州,电阻断路,点火线圈,操作分心
2890,HY473（6×6）牵引车动机起动困难,造成故障的原因是通风单向阀弹簧过硬。当使用起动机时，曲轴单向阀不能吸附在阀座上，使大量空气直接经单向阀座大孔经进气管进入气缸，降低了化油器的真空度，不仅造成混合气过稀，而且混合气也难以进入气缸，导致发动机起动困难。进排气岐管垫烧穿引起的异响,一辆刚保养过的EQ1090型汽车，在冷、热状态下均不易起动，特别是热车时，而当推车或向化油器中倒入适量汽油时，却易改动。,2017/3/3 0:00,HY473（6×6）牵引车,云南,起动困难 ,单向阀弹簧,知道故障不修理
2891,WJ94装甲防暴车急加速进排歧管处发出有节奏的异响,观察进排气歧管及缸体之间有烟熏痕迹，再将发动机定在异响最明显的转速，用起子堵塞漏气处，如此时异响有变化，说明进排气歧管垫烧穿。进排气歧管垫烧穿后有细微的通道与大气相通，响声是在高压气体通过时产生的。,发动机在正常运转无异响，当急加速时，进排歧管处发出有节奏的异响，发出有节奏的振动声，断火后异响消失。,2017/3/30 0:00,WJ94装甲防暴车,贵州,加速时有节奏的异响,冷却系统,没有阅读说明书
2892,WJ94装甲防暴车轻载时传动部分出现振动和异响,（1）分轮壳的质量不合格；（2）飞轮工作面不平；（3）起动机与飞轮壳固定螺丝松动；（4）起动机单向离合器回位不好；（5）飞轮壳与发动机连接不好；（6）飞轮壳上的定位基准不正确；（7）离合器总成动平衡不好。离合器压盘总成在使用过程中变形，引起飞轮偏离飞轮中心和飞轮壳中心；（8）变速器第一轴轴承损坏或离合器轴承损坏等引起变速器第一轴受力不均，使飞轮壳受力过大。对上述原因逐一进行检查，第1、3、5、7、8项原因不存在，飞轮与曲轴的连接螺丝松动，起动机单向离合器回位缓慢。原来飞轮工作面偏摆，造成了起动机与飞轮壳连接处壳体局布损坏；另外，发动车辆时不踏下离合器，变速杆不在空档位置，亦会造成此类故障发生。,有一辆EQ1090油罐车大修发动机后，行驶不足5000公里，就更换了两次飞轮壳，且损坏的地方均为起动处。,2017/4/12 0:00,一汽捷达,重庆,飞轮壳易损坏,飞轮,粗心
2893,一汽捷达飞轮壳易损坏,是由于轴承摩损过大，定子与转子间间隔太小，在起动过程中发生磨擦而短路造成的。,一辆EQ140运输车，车辆起动困难，此现象越来越严重。一般情况下，有以下几种原因,2017/7/10 0:00,铁马XC2200载重车,江苏,起动困难 ,起动机轴承,责任心不强
2894,铁马XC2200载重车起动机轴承磨损导致起动困难,根据现象，首先进行断火试验，各缸工作无明显变化，拆下各缸火花塞进行吊火试验，故障依旧存在，各缸缸线跳火良好。其次，路试时没有发现动力下降，可排除气缸漏气的可能。通过进一步分析检查，义为少数缸不工作的可能性较大，于是检查、清洗火花塞之后发现三缸火花塞绝缘陶瓷有裂纹，导致三缸不工作。更换三缸的火花塞，故障排除。问题名称,一台东风运输车，发动机高、中、低速时，消声器发出有节奏的突突声，且怠速稍高或慢加速时现象明显，拉阻风时无好转，尾气稍有黑烟。,2017/5/13 0:00,东风运输车,贵州,消声器冒黑烟,火花塞陶,粗心
2895,东风运输车消声器冒黑烟,拆下变速器检查，其操纵机构、传动机构均无故障。针对变速器各装置正常却频繁跳档的现象，怀疑故障可能是出在离合器或飞轮、飞轮壳等部位，拆下离合器检查，未发现异常。当从发动机缸体上拆下飞轮壳时，发现没有装飞轮定位销。 漏装定位销，除汽车运行时飞轮壳在缸体上会产生位移外，还会造成曲轴与变速器第一轴同心度增大，引起变速器跳档。,一台东风EQ1091运输车大修后，出现变速器跳档现象。,2017/3/10 0:00,东风EQ1091运输车,北京,变速器跳档,定位销,意外
2896,EQ245牵引车不正常的响声,首先，从现象上看，响声随转速变化，且断火声音消失，初步判断为连杆瓦响，打开发动机气缸盖和油底壳，发现五缸活塞顶边缘有明显的撞击痕迹，摇车将五缸的活塞运动至上止点，用手压活塞有明显的运动间隙，拆下五缸的连杆轴承，发现严重烧蚀。,边防部队有一辆东风EQ245牵引车在各种转速下都出不正常的响声。怠速时发动机发出“拱、拱、拱”的撞击声，高速时发动机发出“哒哒哒”、“拱拱拱”的响声，中速时断火试验，响声减弱，其中一个缸断火，声音消失。,2017/2/28 0:00,EQ245牵引车,湖北,发动机异响,五缸连杆瓦,粗心
2897,东风运水车严重烧机油的故障一例,根据以往的经验，东风车烧机油有四种可能，一是通风单向阀漏装、装反或堵塞；二是配缸间隙过大；三是气门杆与气门导管间隙过大；四是进气挡油罩失效或漏装。通过拆检，上述现象一一被排除，最后察看气缸盖时，才意外发现第五缸缸口翻边处有烧蚀现象，而烧坏处与机油上油道相通，故障就出在此处。故障排除,一台东风运水车，在运行过程中，消声器中排出大量的蓝烟，烧机明显，拆下火花塞检查，五缸火花塞已被油渍湿。,2017/5/4 0:00,东风运水车,湖北,排出大量蓝烟,气缸垫,没有阅读说明书
2898,EQ1090运水车电路故障一例,经检查，起动机和起动开关均无问题，测量起动复合继电器中性一点接线柱电压高达12V。检查中性线没有发现短路处。拆下发电机，分解检查发现中性点接线柱绝缘老化，造成中性点与发电机电枢线圈连通。导致了起动复合继电器中性点接柱电压过高，促使充电指示继电器发生动作，切断了起动继电器的电路，起动开关便不起作用，起动机就不能运转了。,一辆EQ1090运水车，打开点火开关充电指示灯能亮，但指导起动开关转到起动位置时起动机不能转动。,2017/3/3 0:00,EQ1090运水车,贵州,电路故障,绝缘垫,修理不当
2899,EQ1090运水车发动机工作不正常,停车用用慢、急加速的方法反复试车，初步确定为高压火花弱，熄火后检查中央高压线跳火情况，基本正常。尔后检查各缸的跳火情况，发现火花时强时弱，甚至有断火现象无规律。于是对高压电路重新进行检查，发现分电器内低压接柱与活动触点接触不良。由于接触不良，在没有振动时，还能正常工作，一旦在中高速行驶时，由于振动加大，出现断火现象。,有一辆EQ1090运水车，低速时发动机运转正常，而在中、高速时工作不稳，有抖振现象，且化油器回火、消声器放炮冒黑烟，重载时现象明显，动力不足，车速不能随油门变化而迅速提高。,2017/5/21 0:00,EQ1090运水车,湖北,冒黑烟，动力不足,发动机,责任心不强
2900,WZ901保安车异响故障,检查油路工作正常，怀疑故障在高压电路，分别对火花塞、高压线、分缸线及分电器盖、分火头进行了检查，均未发现问题，后更换了分电器总成，故障仍未消失。对各缸进行断火试验，发现个别缸有时缺火，但缺的缸不固定，怀疑低压电路有断电现象，然后对电流表、点火开关、点火线圈、分电器的导线、接头进行检查，发现点火开关至点火线圈接线处接触不良。汽车在行驶中由于振动造成接触不良处时断时连，故点火电路断电时，造成高压线缺火，但缺火的缸不固定，以致汽车加速或负荷增加时无力，排气管发出“突突”声响。,一辆WZ901保安车的发动机，起动容易，怠速工作稳定，但在上坡时，动力下降，爬坡无力，排气管发出“突突”声。,2017/6/2 0:00,WZ901保安车,浙江,爬坡无力,火线圈，点火开关,上次修理失当
2901,WZ901保安车爬坡无力,经检查，油电路均无异常，采取逐缸断火，汉将第三缸火花塞上的分缸线拨掉后，发动机的转速无明显变化，但化油器进气口响声消失，再装上分缸线，响声出现。说明第三缸有问题。于是打开气门室罩，转动曲轴，使分火头转向第三缸位置，检查第三缸点火位置，检查气门脚间隙，发现该缸的气门脚间隙过大，该缸气门脚间隙锁紧螺母松动。由于螺母松动，气门不能打开，气缸内的废气不能排出，对曲轴旋转起到阻碍作用，当进气门再次开启时，废气通过进气门由化油器排出，导致上述现象。,有一台EQ240巡逻车，在执行任务时，化油器出现有节奏的类似回火的响声，且有向外喷油现象。发动机动力明显下降。,2017/6/4 0:00,EQ240巡逻车箭炮车,浙江,化油器异响,螺母,没有阅读说明书
2902,EQ240巡逻车化油器异响,由尾气诊断柴油发动机故障在发动机工作时，取一张较厚的白纸，双手将其置于距排气管口 100~150 毫米处，纸面与排气管口平面平行，约 3~5 秒钟后，取下白纸，仔细观察纸面上废气留下的印迹。,有大量的尾气，并且在发动一段时间之后，发动机动力明显下降。,2017/6/4 0:00,EQ240巡逻车,浙江,起动困难 ,发动机,驾驶不当
2903,EQ240巡逻车起动困难, 轴承装配过紧或严重缺油;转向横、直拉杆的球头销调整过紧或润滑不良;转向轴及套管弯曲变形等。从导向轮方面看，其前束调整不当、轮胎气压过低，以及前桥或车架产生严重的弯曲变形，也会使转向沉重。,有大量的尾气，并且在发动一段时间之后，发动机动力明显下降。,2017/6/9 0:00,帕萨特B4,浙江,打转向沉重费力,轴承,责任心不强
2904,帕萨特B4打转向沉重费力,关于油表指针的下降速度率不相同这一现象，有可能是厂家在设计上的问题，有些车型的油表本身就不是依照线性方式设计的，前半程慢、后半程快这一现象应该是比较正常的。如果确认加满了油以后，油表指针没有到顶，可以确定是油表的显示器有问题，这些问题到修理厂简单检修就可以了。,我的车子购买了一段时间，现在出现了一个小问题，虽不影响使用，但是也搞得自己很不方便。这个问题就出在我的油表上，现在油表的准确度绝对令人怀疑。在前1/2的时候，指针下降得很慢，而过了一半之后，感觉发动机就像是在喝油一般，指针刷刷地往下掉。每次我都会在指针到达最后一条白线的时候去加油，可是有时候100块的油加进去了，指针上升到的位置却不相同。,2017/6/9 0:00,桑塔纳,浙江,油表不准,油表显示器,意外
2905,桑塔纳汽车油表不准,这种情况应该是由于喷油头阻塞造成的，在清洗喷油头之后应该就可以恢复正常工作。另外，进气门附近的积碳也会是该问题的原因之一。如果积碳不及时清理干净，喷出来的油虽然能进去，但是有一些吸附，就会造成油耗高、进气异常等问题，这就势必影响发动机的工作状况。因此建议去维修站把这些部件清洗一下，是解决这一故障的最佳途径。,我的车购买使用了有近1年时间了，现在出现的问题是在每次点火的时候都十分困难，有时需要点4~5次，发动机抖动情况很厉害，常常发出“轰轰”的声音，这1年的时间里，我每次都按时进行保养，机油还选用的是比较高级的品牌，各个滤芯的更换时机更不敢有误，可是这种问题为什么还会发生呢？,2017/6/21 0:00,赛欧,武汉,点火困难,喷油头,操作分心
2906,赛欧发动机点火困难,那就是在松开后分泵放气螺丝的情况下．利用V．A．G1522的“基本设定”和“执行元件诊断”功能，反复操作。在进行第五遍“执行元件诊断”操作时，突然有一股又黑又脏的制动液从右后分泵喷出。之后，利用“基本设定”功能．将制动液彻底更换后，制动变得灵敏．ABS故障灯也不再闪亮了。,一辆1998款桑塔纳2000GSi型轿车．踩制动踏板感觉高低正常．行驶中踩制动踏板时感觉制动不灵敏，制动距离变长，性能下降，ABS故障灯有时闪亮。 ,2017/6/26 0:00,桑塔纳2000GSi,重庆,制动不灵敏,制动液,操作分心
2907,桑塔纳2000GSi制动踏板时制动不灵敏,检查电源电压、电路及继电器等均没发现问题；最后检查作为电路一部分的搭铁线，发现左侧前照灯内侧的搭铁线接触不良，将其处理好后，故障排除。,一辆雪佛兰子弹头3．8L客车，ABS故障灯有时亮有时不亮，如果亮起后断开点火开关再重新起动时，ABS故障灯又会熄灭。通过解码器读取相关故障内容为系统电压过低。,2017/6/22 0:00,雪佛兰子弹头客车,重庆,故障灯无故亮起,故障灯,责任心不强
2908,雪佛兰子弹头客车ABS故障灯有时亮起,由于该车发动机刚进行保养，可排除机械部件不良的故障原因。结合该车在暴雨后出现故障，判断故障可能在电路部分。检查时发现该车为改装车，装备的微机型号为23710—58Y11(48+16PIN)。检查故障报警灯电路(该车故障报警灯由微机34PIN脚控制搭铁)，电路正常，怀疑微机内部或外部搭铁不良。于是人为地为微机提供搭铁，将107PIN脚搭铁时，故障报警灯点亮；关闭钥匙后仪表灯熄灭；发动机能正常起动，因此确定为微机外部搭铁不良。经检查发现107、116、6、12PIN脚在分电盘处的公共搭铁线未装，可能是以前维修时漏装了该搭铁线。进一步检查，发现在右侧防火墙处搭铁线也严重锈蚀，已搭铁不良，重新处理好后，故障排除。,一辆92款日产蓝鸟U13轿车发动机在一次水灾后出现起动不了的故障。检查发现该车高压无火、故障报警灯不亮、关闭钥匙后仪表灯不灭。,2017/6/22 0:00,日产蓝鸟U13轿车,北京,不能起动,搭铁线,修理不当
2909,日产蓝鸟U13轿车不能起动,关于油表指针的下降速度率不相同这一现象，有可能是设计上的问题，有些车型的油表本身就不是依照线性方式设计的，前半程慢、后半程快这一现象应该是比较正常的。油表指针为不稳定，可能是油表的油位传感器有问题。如果确认加满了油以后，没表指针没有到顶，应该是油表的显示器有问题。,这个问题就出在油表上，它的准确度令人怀疑。在前1/2的时候，指针下降得很慢，而过了一半之后，感觉发动机就像是在喝油一般，指针刷刷地往下掉。每次都会在指针到达最后一条白线的时候去加油，可是有时候100块的油加进去了，指针上升到的位置却不相同。甚至有一次加满了油，指针却不能到顶。,2017/5/10 0:00,上汽奇瑞,上海,油表指针下降得很慢,油表,修理不当
2910,上汽奇瑞油表指针下降得很慢,一般高级轿车在电动车窗的设计上都会安装一个防夹功能，可以避免由于意外操作造成的人员伤害。在车辆的使用过程中，如果车门顶框内部镶有部分物体，车窗升到此部位的时候，传感器会启动防夹功能，使车窗下降。另外，有时候在高速行驶过程中，由于电压的原因会使玻璃无法沿着轨道顺利上升，也会导致防夹功的功能的启动。这种情况下，最好到特约维修站进行一下调节，检查一下是否有异物影响车窗升降，并进行调整。,车属于中高档次车型，4门电窗是标准装备，本来使用上是极其方便的，尤其是主驾驶侧的一键升降式设计，免除了通过一些收费站点的时候，要始终按住控制钮的麻烦，比电动门窗好多了。可是高级东西也有各种问题，现在主驾侧电窗每当升到顶后，会突然自动下降一段，每次关窗的时候，还要小心翼翼地控制着它，省事变成了费事。,2017/5/10 0:00,帕萨特B4,上海,电压的原因,车窗,知道故障不修理
2911,帕萨特B4车窗突然自动下降,这种情况应该是由于喷油头阻塞造成的，估计在清洗喷油头之后可以恢复正常工作。另外，进气门附近的积碳也会是原因之一。如果积碳清理不净，虽然喷出来的油能进去，但是有一些吸附，会造成油耗高、进气异常等问题，势必影响发动机的工作状况。因此去维修站把这些部件清洗一下，这是较好的解决途径。,车购买了有近1年时间了，现在出现的问题是在每次点火的时候都十分困难，需要点4、5次，发动机抖动很厉害，发出“轰轰”的声音，这1年的时间里都按时进行保养，机油还选用的是比较高级的品牌，各个滤芯的更换时机更不敢有误。,2017/1/7 0:00,雪佛兰柯西,北京,点火困难,喷油头,上次修理失当
2912,雪佛兰柯西发动机点火困难,这所以会出现这种情况，跟使用还是有很大的关系的，根据自动挡使用惯例，L挡一般只是在雨、雪天气状况下，路面附着力较低的时候使用，它会提高发动机的转，挡位行驶，由于路面状况良好，车速会很快上升，而此时变速器由于受到限并不会进行换挡操作，进而使发动机转速不但上升，产生巨大的热量，而这些热量烘烤到了车辆的内装饰件或者三元催化装置，就会产生含糊的味道。因此，在路面状况良好的情况下，应该避免使用L挡行车，一方面有利于提高车速、降低油耗，另外可以使车子的发动机、变速器免受损害。,由于身处大都市之中，堵车现象总是难以避免的，因此在选择汽车的时候就主要考虑的是自动挡车型。开了一段时间自动挡，发现了一些问题，就是当使用L档行驶的时候，时间稍长就会有一股糊味产生。在这个过程中并没有进行急加速或是急减速的操纵。,2017/7/2 0:00,爱丽舍,济南,车间异味,车内,修理不当
2913,爱丽舍长时间行车会有产生一股糊味,天窗的问题应该跟排水管路没有太大的关系，因为在天窗的开启过程中，只有天窗异轨在进行运动，如果出现声音可能是某些部分润滑不好，可以尝试涂抹一些润滑脂，也有可能是长期使天窗处于打开状态下，使导轨上集聚了很多灰尘，擦净之后应该会使声音消失。后备厢内的异响可以检查一下是否由于排气管固定不牢发生的敲击。另外，您也应该检查一下后备厢内的千斤顶或随车工具是否固定牢靠，或是在后备厢内有无其他重物，它们也许就是撞击后备厢内的元凶。,个爱抽烟的人，总会把车里弄得乌瘴气，开着窗户又嫌噪声大，因此在换车的时候就特意挑选了一辆带天窗的车型。然而现在天窗在开启的进候，总会发出异响，有人说是排气管路和车体之间发生的碰撞声音。在路面状况比较颠簸的时候，后备厢内也会产生异响。,2017/3/1 0:00,毕加索ABS,河北,车体有异响,排气管,不懂保养汽车
2914,跃进NJ1041MS怠速不稳,点火线圈有高压火，喷油器工作正常喷油。这种情况不能启动可能有两种原因,一辆跃进NJ1041MS，配置ATK发动机，行驶里程超过10万千米。该车怠速耸车，转速忽高忽低，停车时经常会熄火。,2017/1/1 0:00,跃进NJ1041MS,北京,怠速不稳,混合气,操作分心
2915,五岳TAZ3090冷启动困难,更换点火开关该车冷启动正常，故障排除。点火开关内部触点因接触不良而使电阻增大，导致冷车状态下电压下降，启动电压过低，致使该车冷车不易启动。,经常出现冷车不易启动，每天早上需要启动多次才能开车，而在以前没有这种现象；热车时启动正常。,2017/2/1 0:00,五岳TAZ3090,大连,冷启动困难,点火开关,知道故障不修理
2916,铁马XC2200载重车脱档,检查外围线路正常后再闪拆检电磁阀及扁线束，结果扁线束中N93线路不通，检查已显老化发暗的扁线束发现，扁线束在其固定架（黑色）根部弯折变表（不易发现），线束中印刷铜皮已弯折开裂，似断非断。其中N93线皮已完全断开，已无焊修可能。更换该扁线束后试车一切正常，故障彻底排除。,一辆铁马XC2200载重车清洗变速器。修理前检测变速器正常，修理中换了修理包摩擦片，之后，检测变速器发现变速器异常。 ,2017/2/9 0:00,铁马XC2200,青岛,脱档,扁线束,操作分心
2917,WZ901轮式装甲安全车履带断裂,由于意外，视线受阻，没能看清前方路段，导致该车受到了巨大的冲击，以至于无法行进。,该车经过一山坡地带，经过一个很高的坡，直接开过，导致该车从高处一下子摔倒地上，导致履带断裂，不能前行。,2017/5/8 0:00,WZ901轮式装甲安全车,南京,履带断裂,履带,没有阅读说明书
2918,猎豹飞腾刹车失灵,该车刹车失灵，停车后，检查刹车线，发现刹车线断了。,该车经过一下坡路段，脚连续踩踏刹车，车并不减速，用力踩踏，车仍然没有减速，车不能减速。,2017/4/3 0:00,猎豹飞腾,吉林,刹车失灵,刹车线,不懂保养汽车
2919,汉阳HY4320S半挂牵引车发动机机油压力指示表显示异常,是由于机油泵磨损大、滤清器被脏物阻塞、吸油滤网置露出油面、机油液面低、油路中混入空气以及压力表有故障等原因造成的。另外，润滑油粘度偏低，油路密封和润滑性差、润滑油过冷粘度太大、润滑油油泥沉积太多等也会引起机油压力指示表显示异常。,油压表的指针显示不正常，油表指针显示压力偏低或是仪表指针显示波动大。,2017/2/8 0:00,汉阳HY4320S半挂牵引车,上海,发动机机油压力指示表显示异常,发动机,上次修理失当
2920,北汽勇士加速时机油压力指示灯会点亮,机油灯点亮有实与虚两种情况。所谓实，就是机油压力确实低，低到指示灯发出警告的程度，说明润滑系统确有故障，必须予以排除。所谓虚，正像怀疑的那样，机油润滑系统没有故障，而是机油压力指示灯系统发生了故障，错误地点亮了指示灯。,启动汽车加速后机油压力指示灯一闪一闪的，发现有问题。,2017/5/6 0:00,北汽勇士,太原,加速时机油压力指示灯会点亮,机油压力指示灯,知道故障不修理
2921,铁马XC2200载重车发动机机油消耗量过大,这就意味润滑油消耗过大，一般来说，润滑油的消耗无非两种情况，进入燃烧室参与燃烧，或是机油渗漏。之所以机油能够窜入燃烧室，主要是因为零部件严重磨损，配合间隙过大，或者机油压力过高，导致机油上窜进燃烧室。而机油的渗漏主要是因为密封垫变硬老化.气门卡死。如果是老旧车辆，一般都存在密封垫由于老化而密封不严的情况。,汽车的尾气排出蓝烟。,2017/3/3 0:00,铁马XC2200载重车,天津,发动机机油消耗量过大,发动机,驾驶不当
2922,奔驰2026行驶时车辆的转向盘难于操纵,可能是两侧的前轮规格或气压不一致；两侧的前轮主销后倾角或车轮外倾角不相等；两侧的前轮毂轴承间隙不一致；两侧的钢板弹簧拱度或弹力不一致；左右两侧轴距相差过大；车轮制动器间隙过小或制动鼓失圆，造成一侧制动器发卡，使制动器拖滞；车辆装载不均匀等。,该车在经过弯路时发现无法转动转向盘，无法控制方向。,2017/3/9 0:00,奔驰2026,太原,行驶时车辆的转向盘难于操纵,转向盘,责任心不强
2923,燕京YJ6501排气管冒黑烟,表明混合气过浓，燃烧不完全。主要原因是汽车发动机超负荷，气缸压力不足，发动机温度过低，化油器调整不当，空气滤芯堵塞，个别气缸不工作及点火过迟等。,该车在行驶过程中排气管不断的冒出黑烟。,2017/7/5 0:00,燕京YJ6501,深圳,排气管冒黑烟,排气管,意外
2924,WJ94装甲防暴车转向灯点亮时闪烁的频率比平时快,一般都是由于一侧的转向灯泡坏掉后，由于线路的电阻发生变化所造成的。,当搬动转向灯的手柄后，仪表盘上的转向显示灯闪动的频率比平时快。,2017/2/3 0:00,WJ94装甲防暴车,兰州,转向灯点亮时闪烁的频率比平时快,转向灯,粗心
2925,奥迪A1汽油消耗量过大,汽车发动机磨损老旧，胎压不足，温车过久，在发动后至多30秒钟，确认所有警示灯熄灭即可上路。狂暴驾驶,该车行驶一段很短距离，发现油量减少很快。,2017/5/1 0:00,奥迪A1,长春,汽油消耗量过大,发动机,修理不当
2926,WZ901保安车水箱“开锅”,造成“开锅”的原因是机油在水面形成油膜妨碍水中的热量散发，使水泥迅速升高，导致水箱“开锅”机油膜在水的循环过程中形成白色泡沫。,在行驶过程中水箱“开锅”，打开发动机舱盖后，发现从水箱溢水管排出白色泡沫并有轻微的机油味。,2017/5/5 0:00,WZ901保安车,郑州,水箱“开锅”,水箱,驾驶不当
2927,沈飞猎鹰充电指示灯不灭,发电机整流元件板上正、负二极管接线螺杆处塑料绝缘体烫化，形成绝缘膜造成断路，导致发电机中性点输出电压平均值低于充电指示继电器触点动作电压，触点不能断开，导致充电指示灯常亮不灭，而另外两绕组尚可构成整流回路，输出电流，故电流表指示充电。,该车在保养时，发动机正常运转，电流表指示充电，随着转速升高，发现充电指示灯不熄灭。,2017/2/2 0:00,沈飞猎鹰,杭州,充电指示灯不灭,充电指示灯,驾驶不当
2928,汉阳HY4320S半挂牵引车起动机运转无力,经多次实践发现，引起这两种故障的原因,将点火开关旋到起动，起动机转动缓慢无力，带动发动机困难，或接通点火开关，起动机只是“卡嗒”一声响，并不转动。,2017/4/4 0:00,汉阳HY4320S半挂牵引车,沈阳,起动机运转无力,起动机,不懂保养汽车
2929,铁马XC2200舟桥车发动机异响,由于发动机长时间处在严重缺机油的情况下运转，造成了连杆轴瓦非正常磨损，使轴颈与轴瓦之间的缝隙增大，机油从缝隙中漏出，一方面使机油压力偏低，另一方面导致连杆轴瓦出现异响。,动机连杆轴瓦发出轻微的响声，逐缸进行断火试验，各气缸均有“反上起子”的现象，且在发动机高速运转时更为明显。,2017/6/6 0:00,铁马XC2200舟桥车,武汉,发动机异响,发动机,知道故障不修理
2930,铁马XC2200方舱车发动机异响,由于发动机长时间处在严重缺机油的情况下运转，造成了连杆轴瓦非正常磨损，使轴颈与轴瓦之间的缝隙增大，机油从缝隙中漏出，一方面使机油压力偏低，另一方面导致连杆轴瓦出现异响。,发动机低速运转时，空压机进油管有机油流出，但机油压力表指示无压力。,2017/6/8 0:00,铁马XC2200舟桥车,武汉,发动机异响,发动机,粗心
2931,茶花KQC1042B制动时熄火,由于该车制动系统采用真空助力器，当真空阀因长期使用而关闭不严时，踩制踏板将使进气歧管与大气相通，降低了进气歧管的真空度，从而导致混合气过稀而使发动机熄火。更换新的真空阀故障消失。,该车在行驶时，挂空挡踩制动停车，发动机便熄火，且制动效果变差；在驻车时，发动机处于怠速状态，运转良好，此时，若踩下制动踏板，发动机也熄火。,2017/3/6 0:00,茶花KQC1042B,济南,制动时熄火,真空阀,上次修理失当
2932,东风EQ1090E烧机油,由于气门导管与承孔之间出现间隙，在进气行程中，沉积在气缸盖上部的机油通过间隙处被吸人气缸内，一部分随混合气燃烧，另一部分在排气行程中进人排气管，时间一长，就会出现烧机油或从消声器口滴机油。,该车出现严重烧机油现象，动力下降，排气管冒黑烟，甚至滴下机油，有的气缸不工作或工作不良，火花塞积炭过多且被机油浸湿。,2017/4/23 0:00,东风EQ1090E,南京,烧机油,机油,知道故障不修理
2933,解放CA1090发动机不能起动,怀疑点火线路出现故障，检查点火线路，连接情况完好、可靠，低压电路通路。摇转发动机，拔出中央高压线试火，无火花跳出。后从常规判断故障可能出在高压线圈或霍尔式电子点火控制器，拆下它们—一进行检测，均未发现异常。经分析，若发动机转动而不能带动分电器轴转动，也会造成高压无火。于是拆下正时齿轮罩，摇转发动机，发现正时齿形皮带打滑。,该车在运行中急加速时，突然熄火，重新起动时，无发动征候。,2017/2/28 0:00,解放CA1090,西安,发动机不能起动,发动机,意外
2934,跃进NJ1041MS发动机工作不正常,进油阀断裂后，会导致关闭不严。在吸油行程结束后，随着进油阀门关闭，部分汽油会被重新压人进油室，从而导致作用在出油阀下方的压力减小，造成供油不足。当发动机处在大负荷工作时，两种加浓装置在不同的时机参加工作，相应地增加了汽油需要量。,该车平时工作一切正常。在执行一次长途运输任务后返回途中，突然感觉发动机工作不正常，挂6挡后明显感觉动力不足，而换中速挡行驶正常，怠速时发动机工作也正常。,2017/6/20 0:00,跃进NJ1041MS,大庆,发动机工作不正常,发动机,粗心
2935,五岳TAZ3090发动机异响,由于火花塞松动，造成缸内高压气体往外冲击使火花塞和座圈套摩擦而发出声响。又因大量气体外漏，造成缸内压缩比降低，且火花塞损坏，导致该缸不工作。,发动机上部发出有节奏的“嚓嚓”干摩擦声响，随后发动机动力下降，排气管发出“突突”声。,2017/6/6 0:00,五岳TAZ3090,西安,发动机异响,发动机,驾驶不当
2936,铁马XC2200载重车油泵破裂,机油泵破裂造成的响声无规律，怠速时响声不大明显，中速时响声明显，但高速时因干扰响声杂乱而听不清，且不受断火的影响，声源在凸轮轴一侧靠近下曲轴箱的位置。我们检查了仪表及线路。机油泵限压阀都正常，然后查看机油压力，发现机油压力明显降低，便初步判断为机油泵故障。,该车凸轮轴一侧有异响，经检查后发现，产生异响的最终原因是机油泵壳破裂。,2017/5/24 0:00,铁马XC2200载重车,长沙,油泵破裂,油泵,操作分心
2937,猎豹飞腾消声器爆裂,由于分电器长期工作，活动触点臂与低压接线柱之间的连线因分电器底板不停地振动而产生金属疲劳。,该车在使用中多次出现过消声器放炮的现象。,2017/2/9 0:00,猎豹飞腾,吉林,消声器爆裂,消声器,不懂保养汽车
2938,WZ901轮式装甲安全车消声器爆裂,从活动触点臂到低压接线柱之间的导线因长期工作，使此段线路电流过载，导致氧化、变细，造成低压电减弱，因而引起高压火花减弱，致使发动机高速运转时，高压火时有时无，随即产生放炮现象。,该车在使用中多次出现过消声器放炮的现象。,2017/6/18 0:00,WZ901轮式装甲安全车,上海,消声器爆裂,消声器,驾驶不当
2939,汉阳HY4320S半挂牵引车发动机烧机油故障,由于进气门气门导管都没有装挡油罩，加之气门与气门导管的配合间隙过大，当发动机处于进气行程时，润滑摇臂轴的机油很容易通过进气门与气门导管间的间隙，被吸入气缸内。从而使油底壳润滑摇臂室内的机油只有少量能够再循环，大量的机油则被吸入气缸内烧掉，造成排气管冒蓝烟。机油的减少，导致了机油压力报警灯频繁闪亮。,机油压力报警灯闪亮。经检查机油后，发现机油减少。在添加机油继续行驶近200km时，机油压力报警灯又出现闪亮。打开油底壳，检查连杆轴承和曲轴主轴承，没有发现异常情况，只是排气管排出蓝烟。,2017/6/3 0:00,汉阳HY4320S半挂牵引车,武汉,发动机烧机油故障,发动机,不定时检查车况
2940,北汽勇士进排气歧管衬垫烧穿引起异响,进排气歧管衬垫部分冲坏后有细微的通道，与大气相通，响声是在高压气体通过狭道时产生的。,发动机在正常运转中无异响，当急加速时，进排气歧管处发出有节奏的异响，像薄金属叶片振动时发出的声音，断火异响消失。,2017/5/8 0:00,北汽勇士,北京,进排气歧管衬垫烧穿,进排气歧管衬垫,修理不当
2941,奔驰2026发动机动力下降,车辆上坡时，因吸油管安装在油箱后部，由于水的密度较汽油大，水往低处流动至吸油管处，在汽油泵的作用下，水与汽油同时被吸入油管进人化油器，油水混合，雾化不良，混合气不能正常燃烧，从而导致该故障。,平路行驶时，一切正常。上坡时，发动机动力明显下降，车辆爬坡乏力，消声器发出无节奏的“突突”声，加油稍不及时就熄火。,2017/3/26 0:00,奔驰2026,天津,发动机动力下降,发动机,意外
2942,燕京YJ6501制动阀漏气故障,该车制动阀芯杆平衡孔堵塞，在制动间不工作时，制动阀上气室漏出的压缩空气不能直接排出，而通过管道由制动阀排气孔排出，当制动阀工作时，排气孔关闭，制动系统工作良好。,该车发动机工作时贮气筒有气。制动间不工作时，排气口处漏气，且气压越高，漏气越严重，而工作时一切良好。,2017/7/7 0:00,燕京YJ6501,西安,制动阀漏气故障,制动阀,驾驶不当
2943,松辽SLQ6502起动机空转,在接通点火开关时，由于电磁开关的作用使单向啮合齿能进人齿圈，但,该车在行驶16万公里时出现起动机打滑的现象。驾驶员反映，起初发现故障时，能起动车辆。由于没有及时送修，致使故障逐步加重，直到起动机空转而无法正常起动。,2017/4/14 0:00,松辽SLQ6502,大连,起动机空转,起动机,知道故障不修理
2944,WJ94装甲防暴动力不足,发动机的动力由传动轴传递给驱动桥（后桥），由于万向节十字轴轴颈磨出沟槽，个别滚针折断，导致十字轴与滚针轴承配合松旷，发动机动力不能完全传递给后桥，传动效率降低，致使耗油量增加，动力性下降。,该车在一般路况下行驶，动力够用，但耗油量较大，在上坡、重载等全负荷状态下行驶，动力有些不足。,2017/8/1 0:00,WJ94装甲防暴,成都,动力不足,万向十字轴,意外
2945,奥迪A1发电机充电量过大,由于在车下试验发电机时，转速低，离心力小，不能使裸露线搭铁短路，但装在车上时，由于发电机转速高，离心力大，使裸露线搭铁短路，导致发电量过大。,该车的发电机在车下试验一切正常，装车后出现充电量过大现象，电流表指示超过最大限度，并且闻有烧焦味。,2017/4/22 0:00,奥迪A1,南昌,发电机充电量过大,发电机,操作分心
2946,WZ901保安车气缸不工作,火花塞防尘罩橡胶经过长时间高温作用和油污浸蚀，老化破裂，当油污进人裂口后便与火花塞底座构成通路，引起高压电外漏，火花塞不能工作。,发动机突然发出“突突”声，且动力下降。停车后，在发动机转速稍高于怠速时，从发动机消声器处传出明显的有节奏的“突突”声，判定此故障为少数缸不工作。,2017/2/2 0:00,WZ901保安车,太原,气缸不工作,气缸,知道故障不修理
2947,骊山LS6911机油泵驱动齿轮异响故障,该发动机进行完三级保养装复时，由于粗心大意，漏装了机油泵调整垫片，致使机油泵驱动齿轮与凸轮轴驱动齿轮配合间隙发生变化，进而打坏机油泵驱动齿轮，形成故障。,行完三级保养后，试车时发动机底部出现有节奏的“当当”声。,2017/2/23 0:00,机油泵驱动齿轮,南宁,机油泵驱动齿轮异响故障,骊山LS6911,粗心
2948,沈飞猎鹰起动系疑难故障,在正常情况下，由于发电机内整流二极管具有单向导电性，蓄电池的电流不会倒流向交流发电机，汽车起动时交流发电机中性点无电压。只有在交流发电机发电后中性点才有电压，使复合继电器常闭触点打开，保护起动机。在这一故障中，由于交流发电机一只正极管子被击穿短路，电源总成开关一闭合，蓄电池立刻通过短路二极管倒流向发电机的中性点接柱，使复合继电器的常闭触点打开，从而切断了起动继电器的起动电路，致使起动机无法工作。,驾驶员反映该车不能起动。,2017/3/31 0:00,沈飞猎鹰,拉萨,起动系疑难故障,起动机,上次修理失当
2949,铁马XC2200舟桥车造成连续烧瓦,由于惰性轮轴螺孔内径为14毫米，用M12的螺钉压紧时，螺钉光杆与螺孔的配合间隙过大（单边1毫米），螺钉压紧处又不密封，故造成大量润滑油泄漏，因而影响一缸连杆瓦的润滑，造成连续烧瓦。,行驶途中机油压力警告灯突然闪亮（该车无机油表），紧接着便出现异响。,2017/4/3 0:00,铁马XC2200舟桥车,延安,造成连续烧瓦,轮轴螺孔,操作分心
2950,茶花KQC1042B制动气压不足,分泵皮碗上的水和油污，很可能是从前储气筒通过管路进人的。,该车发动机工作时制动气压表指示196千帕，提高发动机转速，气压却不升高。,2017/1/5 0:00,茶花KQC1042B,长春,制动气压不足,发动机,驾驶不当
2951,ZSL92式轮式步兵战车电路故障,由于该车分电器离心调节装置回位弹簧脱落，致使低速行驶时该装置本不应起作用时却参加了工作，而在该装置该参加工作时却没有起作用，且不能随发动机负荷减小而回位，便造成点火过迟，燃烧不完全，加速发问，动力不足等现象。,执行任务时突然出现动力不足，行驶无力现象，特别是在上坡时更加明显；当踏下油门踏板时，汽车不能及时提速，消声器排放黑烟。,2017/3/3 0:00,ZSL92式轮式步兵战车,北京,电路故障,电路,操作分心
2952,WZ901轮式装甲安全车单缸电时试验机不能起动探因,消声坑通过烟筒与大气相通，其中的气体流动较慢。混合气较稀时试验机不能正常着火燃烧，部分混合气便进人消声坑。随着消声坑中未燃混合气增多，一旦遇到来自排气管的火源，就会爆炸燃烧。由于反拖电动机转速较快，未燃或燃烧不好的混合气排出的速度也快，因此爆炸声连续不断。,一台由CAll02单缸汽油机改装的缸外喷射电子控制汽油喷射发动机（喷油器安装在进气管第一个弯道处，安装方向与此处气流方向一致；考虑到进气管弯道处管壁较薄，先在该处钻一较大圆孔，再将一段圆管插人圆孔内，其间为过盈配合，圆管内圆则与喷油器相接），起动时消声坑（与排气管相接）连续放炮，就是不着车。,2017/3/12 0:00,WZ901轮式装甲安全车,哈尔滨,单缸电时试验机不能起动探因,单缸,不懂保养汽车
2953,跃进NJ1041MS冷启动困难,经过专业检测仪检查发现。各缸高压火花塞跳火较弱，冷车供油压力正常（各汽缸压力都在110kPa以上）。更换新的点火线圈高压线、火花塞后，冷车难启动现象依然存在。在无法测得喷油脉冲宽度的情况下，向汽缸内喷入少量清洗剂，冷车启动正常。原来是因为冷车启动时的喷油量少，才导致冷车启动困难。,一辆跃进NJ041MS轿车，行驶到9万km的时出现冷车启动困难，热车后怠速，加速工况均正常，当时无故障代码显示。,2017/7/1 0:00,跃进NJ1041MS,北京,冷启动困难,点火开关,意外
2954,五岳TAZ3090刹车失灵,是由于操作不当导致机件失灵，如长时间下坡会使刹车片摩擦生热、刹车毂炭化、刹车功能完全失效。,该车在从郑州开往西安的高速路上失控，手刹、脚刹都不起作用。,2017/7/3 0:00,五岳TAZ3090,郑州,刹车失灵,刹车线,修理不当
2955,猎豹飞腾发动机机油消耗量过大,机油进入燃烧室参与燃烧和机油出现渗漏。机油能够窜入燃烧室，主要是因为发动机零部件严重磨损间隙过大，或者机油压力过高。而机油出现渗漏主要是因为密封垫变硬老化、气门卡死。一般来说老旧大龄车辆，都会存在密封垫老化而密封不严的情况。,曲轴箱通气孔，排气管冒蓝烟,2017/4/9 0:00,猎豹飞腾,洛阳,发动机机油消耗量过大,发动机,不定时检查车况
2956,东风EQ1090E水箱“开锅”,经检查后发现水箱内水垢过多造成冷却水循环不通，造成汽车水箱开锅。,在行驶过程中水箱“开锅”。,2017/5/5 0:00,东风EQ1090E,齐齐哈尔,水箱“开锅”,水箱,不定时检查车况
2957,奥迪A1发动机异响,连杆弯曲导致敲杆，从而发动机发出异响。,汽车在行驶过程中动机连杆轴发出响声。,2017/3/9 0:00,奥迪A1,青海,发动机异响,发动机,知道故障不修理
2958,WZ901保安车排气管冒黑烟,经检查发现空气过滤器堵塞导致混合气过浓或者氧气不够导致的燃烧不完全。,该车在行驶过程中排气管不断的冒出黑烟。,2017/6/3 0:00,WZ901保安车,保定,排气管冒黑烟,排气管,意外
2959,五岳TAZ3090充电指示灯不灭,经过检查，发现该车的调节器调节电压过低，导致充电指示灯不熄灭。,该车充电结束后发现充电指示灯不熄灭。,2017/4/6 0:00,五岳TAZ3090,榆林,充电指示灯不灭,充电指示灯,驾驶不当
2960,北汽勇士汽油消耗量过大,由于活塞，缸套间隙过大，导致进入汽缸内的机油增多，造成机油烧损。,该车行驶一段很短距离，发现油量减少很快。,2017/4/25 0:00,北汽勇士,北京,汽油消耗量过大,发动机,驾驶不当
2961,汉阳HY4320S半挂牵引车履带断裂,经过检查发现履带长时间未维修，导致履带断裂。,该车在行驶过程中履带断裂。,2017/6/5 0:00,汉阳HY4320S半挂牵引车,汉阳,履带断裂,履带,粗心
2962,北汽勇士怠速不稳,检查进气管路没有破损，拔掉四个缸喷油器的电源控制插头，打马达，车启动了，但是3s后烧完进气道内剩余燃油又一次熄火。又插上喷油器电源手头，车启动了，但怠速时还是耸车，忽高忽低要熄火的样子。这时想到可能是混合气偏浓，导致开空调时不提速、怠速也不下降。,该车怠速耸车，转速忽高忽低，遇红灯时常会熄火。更奇怪的是开空调不提速，怠速转速也不爱影响。,2017/3/3 0:00,北汽勇士,山海关,怠速不稳,混合气,意外
2963,铁马XC2200载重车冷启动困难,点火开关内部触点因接触不良而使电阻增大，导致冷车状态下电压下降，启动电压过低，致使该车冷车不易启动。,每天早上需要启动多次才能着车，而在以前没有这种现象；热车时启动正常。,2017/4/4 0:00,铁马XC2200载重车,大连,冷启动困难,点火开关,不定时检查车况
2964,五岳TAZ3090蓄电池突然损坏,此故障是由于起动机电磁开关上的接触盘脱落，而使蓄电池短路造成的。这辆车上的起动机电磁开关外壳由金属制成，各接线柱均利用绝缘垫与盖及壳体隔开。吸拉线圈利用连接片从铁壳外面与起动机的磁场、电枢绕组接线柱连接。电磁线圈中的活动铁心前端用平垫通过开口销将接触盘固定。若接触盘与铁心配合松旷，长期受到震动和冲击，即可能产生松脱。接触盘脱落后，若同时与火线接线柱的触头和铁壳接触，就形成蓄电池直接短路。由于蓄电池连接导线很粗，短路电流值很大，故会使蓄电池的存电很快放完。,该车运行中突然从驾驶室底部冒出一股白烟，并出现导线绝缘胶皮烧熔的气味，电流表无大量放电现象。,2017/7/6 0:00,五岳TAZ3090,西宁,蓄电池突然损坏,起动机,不定时检查车况
2965,海虹QYJ5汽车摆头,由于直拉杆球头弹簧折断，球头螺塞便无法压紧球头；行驶中此球头的松动传至两前轮，即会出现左右摇摆的摆头现象。在此还须特别强调，当调整好球头松紧度后，应使螺塞槽孔与开口销孔对正，然后穿人开口销锁死。否则就会因球头松动而出现汽车摆头的故障，严重时一旦球头脱出还会使汽车失去转向控制，其后果不堪设想。,行驶一段时间后突然出现前轮摇摆、方向难以控制的摆头现象，车速达70公里／小时时更为明显。,2017/7/8 0:00,海虹QYJ5,北京,汽车摆头,弹簧,不懂保养汽车
2966,北起CWY12锁止失效,由于紧定螺母的锁片内楔折断而失去锁止作用，在发动机的工作振动下，紧定螺母便自行松动，致使正时齿轮键槽及键松旷而磨损，这样凸轮轴便不能和正时齿轮同步转动，造成气门迟开迟闭而出现一系列的故障现象。,该车在各种转速下排气管“突突”声明显，类似点火过迟的症状，但调整点火正时又无好转。,2017/7/9 0:00,北起CWY12,北京,锁止失效,锁片,不懂保养汽车
2967,北起BCW5122JQZ的“哧哧”声,从离合器检视孔查看离合器，未发现异常；拆除起动机后故障仍存在；拆检离合器也没发现问题。后来，在松开发电机及气泵皮带时发现是气泵的响声。拆检气泵发现，响声是由气泵一轴承损坏引起的。,发动机起动后及行驶过程中，在驾驶室中均能明显地听到从离合器部位传来的“哧哧”响声（但在发动机侧面听不到此响声），且发动机转速越高响声越明显。,2017/7/10 0:00,北起BCW5122JQZ,吉林,“哧哧”声,气泵一轴承,不懂保养汽车
2968,黄河DD5100GJY怠速不稳且不易起动,一般情况下，发动机低温起动需要较浓的混合气，而热机时起动则需较稀的混合气。因此，发动机低温起动时，热怠速补偿装置不参加工作，以使发动机获得较浓的混合气，保证能够顺利起动；而当化油器周围温度达到65℃左右时，热怠速补偿装置便参加工作，即供给多余空气，以冲淡从平衡管进人化油器的汽油蒸气，使混合气变稀，以免因混合气过浓而造成热怠速不稳定，甚至熄火及热车起动困难。,冷机时发动机容易起动，工作正常；而当发动机经过大负荷运转后，却出现怠速不稳定甚至熄火现象，并且热车起动困难。,2017/6/18 0:00,黄河DD5100GJY,沈阳,怠速不稳且不易起动,发动机,责任心不强
2969,远达SCZ5090GJYEQ化油器故障,由于功率量孔脱落，使发动机在中等负荷以上工作时，大量汽油在不受功率量孔限制的情况下，通过化油器直接进人气缸，致使混合气过浓而燃烧不完全，不仅增加了耗油量，而且造成发动机动力不足及其它故障。,行驶中突然动力不足，同时化油器回火，消声器有“突突”声，但起动仍正常。,2017/7/15 0:00,远达SCZ5090GJYEQ,天津,化油器故障,化油器,粗心
2970,黄河DD510GYY缺门反复发响,经事后了解，此车在二级保养时，修理工一时疏忽忘记把第9个摇臂轴固定支架上的两个固定螺栓拧紧。所以当调整好气门间隙后，刚开始一段时间不会出现响声，但随着发动机运转时间的延长，摇臂轴固定支架上的固定螺栓随之松动，致使气门间隙变大而出现响声。,行驶中气门发响。检查发现6缸进、排气门间隙过大，按技术标准调整后响声消失。行驶100多公里后，又出现气门响声，经检查还是6缸进、排气门间隙过大所致。再次调整后响声即消失。但继续行驶100公里左右，气门响声再次出现，而且仍是6缸进、排气门间隙过大造成的。,2017/5/1 0:00,黄河DD510GYY,青岛,缺门反复发响,气门,责任心不强
2971,远达SCZ5100配气相位严重错乱,由于该车发动机的联动齿轮在发动机后端，当联动齿轮正时记号对准后，四缸活塞应基本处于压缩行程上止点。但该车发动机大修时，维修人员却忽略了这一特点，仍按联动齿轮在发动机前端的老方法进行正时校正，因而使配气相位错了180°。,发动机大修后不能起动，但高压油路、气缸压力均正常。,2017/6/16 0:00,远达SCZ5100,秦皇岛,配气相位严重错乱,发动机,粗心
2972,松辽YJ6501分电器盖窜电,由于该车分电器盖内一缸与五缸旁插孔之间有一细小裂纹，为两个缸的高压电提供了通路。这样，当一缸活塞处于压缩行程上止点时，该缸火花塞电极本应跳火点燃可燃混合气，但由于此时五缸处于压缩行程60°的位置（指曲轴转角），燃烧室内的气体压力较低，高压电容易跳过该缸火花塞的电极间隙，高压电便从一缸窜到五缸跳火，致使一缸不工作。,保养分电器后试车时发动机严重抖动，排气管冒黑烟，并发出有节奏的“突突”声，且汽车行驶无力。,2017/4/25 0:00,松辽YJ6501,石家庄,分电器盖窜电,分电器盖,责任心不强
2973,猎豹飞腾经常不来油,此车油箱盖为双阀式结构，盖内有密封垫圈，用以封闭加油管口。当油箱内压力降到约98千帕时，外界空气便顶开空气阀进人油箱内。当因气温高油箱内压力升至120千帕时，蒸汽间即被顶开，汽油蒸气随之泄人大气中，从而保持油箱内的压力正常。如空气阀粘死或弹簧弹力过大，空气阀便无法回位，这样，汽车行驶一段里程后，由于汽油减少油箱内的压力便逐渐降低，直至低于98千帕时空气阀也无法打开。,每行驶一段里程（约50公里，随天气、装载不同而有所变化）后，就会出现不来油故障，而且在相同条件下行驶时，出现故障的里程亦大致相同。,2017/5/6 0:00,猎豹飞腾,济南,经常不来油,油箱,没有阅读说明书
2974,远达SCZ5100起动机无反应,组合继电器经长时间使用后，由于触点反复烧蚀、打磨，两触点的间隙会逐渐增大，因此应适时进行调整，才能保证其工作正常。该车正是由于没有及时对此间隙进行调整，用起动机起动发动机时虽能听到触点被吸动的声音，但由于触点间隙过大，实际上触点并未闭合，起动机便无反应，亦即无法用起动机起动发动机。,用起动机起动发动机时，点火开关转到起动挡后，能听到吸动触点的“咋嗒”声，但起动机无反应。,2017/1/25 0:00,远达SCZ5100,北京,起动机无反应,起动机,不定时检查车况
2975,远达SCZ5100汽油发动机故障,是由凸轮轴驱动摇臂带动膜片上下运动而完成泵油的。当膜片与摇臂的连接处产生裂缝后，就会使供油压力降低，进而影响发动机的工作。当该裂缝逐渐增大后，机油和汽油就会随着膜片的上下运形成的压力差，沿着摇臂经裂缝互相窜动，最后导致了故障。,行驶中有时发动机会突然减速甚至熄火，过一会儿又能重新起动，只是有时感到动力不足，同时发动机润滑油消耗多，需要经常补充。起初估计为油路不畅而引起熄火，油路经疏通后情况有所改善，但润滑油消耗多的问题却未给予重视，只认为可能因更换缸体后未磨合好而引起的。,2017/2/26 0:00,远达SCZ5100,大连,汽油发动机故障,汽油发动机,粗心
2976,远达SCZ5100空调不制冷,通过贮液罐的观察窗查看，制冷剂流动正常；用手感触各出风口均没有气流吹出，判断为空调鼓风机不运转。检查线路未见异常；打开在驾驶员座位前方围板附近的保险丝盒，用导线短路继电器，鼓风机即开始运转，说明继电器已损坏，从而切断了鼓风机的电路。,行驶中开启空调后很长时间没有凉爽感觉。,2017/4/5 0:00,远达SCZ5100,大连,空调不制冷,空调,驾驶不当
2977,五岳TAZ3090点火线圈突然爆炸,该车点火线圈上设有附加电阻和3个接线柱。若导线接错，附加电阻就被排除在初级电路之外，即停车后未关闭点火开关；发动机停机时分电器断电触点正好处于闭合状态；汽车蓄电池电压正常，连续通电几小时以上即会引起点火线圈爆炸。,进行就车电路实习时点火线圈突然爆炸。当时，熔化的沥青飞溅，险些伤人。,2017/3/6 0:00,五岳TAZ3090,天津,点火线圈突然爆炸,点火线圈,不定时检查车况
2978,五岳TAZ3090发动机工作不良,由于该车分电器触点烧蚀，致使初级电流减小，导致点火高压不足，发动机便不易发动，即使能发动着，由于点火高压不足而使高速时出现断火现象，发动机也不能平稳运转。与传统结构不同，带爆燃限制器的汽车，点火电路中的低压电（初级电流）不经过分电器触点，而是经点火线圈由一根绿线引人爆燃限制器内部，通过三极管后由黑线引出搭铁，这样可减少火花，保护分电器触点。,发动机起动困难，即使起动后运转也不平稳，且有熄火征兆和排气管“突突”声及冒黑烟。,2017/6/26 0:00,五岳TAZ3090,南京,发动机工作不良,发动机,意外
2979,五岳TAZ3090起动机故障,吸引线圈断路；保持线圈断路；触盘烧蚀；触点厚度不足。,接通点火开关至起动挡，电磁开关没有任何反应。,2017/2/5 0:00,五岳TAZ3090,深圳,起动机故障,起动机,没有阅读说明书
2980,奥迪A1起动机不转动 ,电枢绕组搭铁、短路或断路；磁场绕组搭铁、短路或断路；起动机电枢轴弯曲或轴承过紧、松旷，以及电枢扫膛。,接通点火开关至起动挡，能听到电磁开关“咋喀”声，但起动机不转动。,2017/4/5 0:00,奥迪A1,广州,起动机不转动,起动机,不定时检查车况
2981,奥迪A1起动机转动无力,前、后铜套间隙过大或电枢轴弯曲；换向器与电刷架端盖搭铁；电刷磨损过甚或弹簧张力过小。,动机转动缓慢。无力，发动机不易起动。,2017/5/9 0:00,奥迪A1,武汉,起动机转动无力,起动机,不懂保养汽车
2982,"海虹QYJ5发动机低速时的""吱吱""声",发动机转速较低时，机油压力很难将限压阀打开，此时润滑油主要从限压阀孔通过，以润滑曲轴前端正时齿轮及曲轴止推片。该车由于限压阀孔几乎堵塞，发动机在中速以下时润滑油很难到达正时齿轮和曲轴止推片处，使其润滑不良，甚至出现干摩擦而发出“吱、吱”的声音；进而，因摩擦生热，有关部件膨胀而使曲轴运转阻力增大直至抱轴熄火。,发动机中速以上运转正常，大幅度轰油门也无异常，但在中速以下运转时，时间不长就会从发动机内部传出尖锐的“吱、吱”声，同时转速骤然下降，甚至熄火。出现故障时机油压力、水温及其它仪表指示均正常，熄火后立即摇转曲轴也转动自如。,2017/1/1 0:00,海虹QYJ5,北京,"发动机低速时的""吱吱""声",发动机,没有阅读说明书
2983,海虹QYJ5活塞环折断,动机温度过高使活塞环卡死；点火过早、”燃油牌号不符合要求使发动机产生爆燃；活塞环“三隙”（端隙、侧隙、背隙）不符合要求。,熄火后拆下油底壳，发现曲轴箱内有大量汽油蒸气，而且润滑油变稀。,2017/4/5 0:00,海虹QYJ5,天津,活塞环折断,活塞环,不懂保养汽车
2984,松辽YJ6501制动跑偏故障,由于左前轮制动气室支架变形过大，且制动气室回位弹簧歪斜、推杆连接叉螺纹不到位，导致该制动气室推杆的有效工作行程减少，从面使左前轮制动力下降而引起制动跑偏。,制动时左前轮无拖印，严重向右跑偏。,2017/2/5 0:00,松辽YJ6501,济南,制动跑偏故障,制动器,不懂保养汽车
2985,松辽YJ6501离合器传动销故障,由于离合器传动销材质不佳和装配原因，致使其承受负荷时发生疲劳断裂及松动。这样，当发动机低速运转时，离合器是在飞轮带动下转动的，两者之间一旦出现转速差，传动销即会发生错动碰撞而发出“咔咔”异响；发动机高速运转时，由于惯性作用，离合器的转速与飞轮的转速基本保持一致，传动销无碰撞，异响便不出现。,行驶中发动机突然出现“咋咋”异响，低速时异响明显，高速时异响基本消失。故障出现后发动机润滑油压力正常。,2017/5/3 0:00,松辽YJ6501,洛阳,离合器传动销故障,离合器,驾驶不当
2986,黄河DD510GYY发动机更换气缸后无法起动,在更换气缸垫时，因缸体放水开关堵塞，在未将水道中的冷却水放尽的情况下就拆卸缸盖，致使冷却水经开启的进气门流进了进气歧管内；装复时只是把表面上的水擦干，而未将进人进气歧管内的水除净。这样，起动发动机时，大量水蒸气便随混合气被吸人燃烧室，严重地影响了混合气的质量，因而发动机无法起动。,更换气缸垫后用起动机起动时，发动机欲起动又有点接不上油而无法起动，并且排气管口有水滴出。,2017/5/8 0:00,黄河DD510GYY,北京,发动机更换气缸后无法起动,发动机,意外
2987,黄河DD510GYY刚大修的发动机严重烧润滑铀,由于该车发动机大修镶缸套后，未将6缸缸套上沿修磨平整，致使其高于缸体平面。这样，装复时虽按规定力矩拧紧了缸盖固定螺栓，6缸周围的缸垫仍局部未被压紧，发动机工作时润滑油道中的润滑油便从未压紧处流进6缸，从而出现大量烧润滑油而冒蓝烟现象。,发动机经大修后即出现排气管冒大量蓝烟的现象。,2017/7/23 0:00,黄河DD510GYY,天津,刚大修的发动机严重烧润滑铀,发动机,上次修理失当
2988,跃进NJ1041MS发电机不发电故障,该型发电机的硅整流组合元件分为上、下两片，下片上的二极管外壳（其上有红色标记）的极性为负，引出线是正极；上片上的二极管外壳（其上有黑色标记）的极性为正，引出线为负极。下片上的二极管外壳通过金属垫板与发电机外壳搭铁，使定子线圈中产生的电流在整流时能构成回路；否则发电机将无电流输出。,更换硅整流组合元件总成后，发动机在高转速时发电机才能发电；使用一段时间后，发动机高转速也不发电了。,2017/2/2 0:00,跃进NJ1041MS,大连,发电机不发电故障,发电机,知道故障不修理
2989,跃进NJ1041MS使用制动后不发电,由于该车发电机使用中得不到良好的维护保养，轴承便因润滑不良而运转阻力增大，磨损加剧，直至松旷；转子轴也可能在前轴承（定位轴承）内孔中作轴向滑动。当轴承的松旷量或转子轴在前轴承内孔中的滑动达到一定值时，发电机工作时转子轴便相对于前轴承向前移动。,行驶中使用制动后发电机就不发电了，但行驶一段路程后，发电机又恢复正常。,2017/5/8 0:00,跃进NJ1041MS,青岛,使用制动后不发电,发电机,不懂保养汽车
2990,铁马XC2200载重车化油器严重回火故障,由于分电器的凸轮和底部的固定装置部分脱节，发动机起动时分电器的凸轮便不能与传动轴同步转动，致使分火头配电不准，从而引起点火错乱，导致了该故障。,该车行驶后出现发动机难以起动、化油器严重回火故障。,2017/6/6 0:00,铁马XC2200载重车,合肥,化油器严重回火故障,化油器,意外
2991,北起BCW5122JQZ急加速不良,发动机急加速就是使其在短时间内迅速提高转速，为此需要额外提供一部分汽油，以加浓混合气。正常情况下，化油器加速装置能够完成这一任务。但是，由于该车化油器加速泵的联动装置已松动，致使加速泵不能有效地工作，亦即没有及时提供急加速所需的额外汽油，致使混合气得不到加浓，发动机便无法急加速。,该车经过三保后发动机急加速不良。,2017/5/3 0:00,北起BCW5122JQZ,贵阳,急加速不良,发动机,粗心
2992,铁马XC2200载重车排除气阻故障,发生气阻时应停车降温，如用棉纱沾冷水滴在化油器附近及油管，还可用冷水冲洗油管（但不能向进、排气歧管和汽油泵油杯上浇冷水），并打开发动机罩通风散热。,炎夏行车时，若发动机运转无力且抖动，加速困难，浮子室油平面突然过低，或发动机熄火后起动困难，即可能是气阻造成的。,2017/3/2 0:00,铁马XC2200载重车,南宁,排除气阻故障,汽油管路及汽油泵,粗心
2993,北起BCW5122JQZ排除气阻故障,若拧松喷油器油管接头螺母后有泡沫冒出，一般为气阻故障。,发动机起动困难，工作无力，甚至中断供油而熄火。,2017/6/8 0:00,北起BCW5122JQZ,西宁,排除气阻故障,柴油机,修理不当
2994,松辽YJ6501灯泡座被污物覆盖,当打开左转向灯时，由于灯泡座有污物而使灯泡搭铁不良，左转向灯便不亮。此时，电流经左转向灯丝——小灯灯丝——小灯导线——灯光开关。由于灯光开关在“0”挡位置时，接线柱“2”、“4”、“5”是相通的，电流势必经灯光开关“4”接柱到“2”接柱，“2”接柱又与灯光继电器的接柱“SW”相通，线圈通电后产生吸力，灯光继电器触点即闭合，将前大灯的电路接通，因而前大灯随着转向灯闪亮。,行驶中右转向灯工作正常，但打开左转向灯开关时，后转向灯工作正常，前转向灯却不亮，且前大灯闪亮。,2017/5/3 0:00,松辽YJ6501,北京,灯泡座被污物覆盖,灯泡座,不定时检查车况
2995,松辽YJ6501高温易熄火,对故障现象和试验结果进行分析，该车故障是因分火头与分电器凸轮轴之间装配过紧造成的。当发动机温度高时，由于分电器凸轮轴膨胀而将分火头胀裂，并因裂纹漏电而使发动机断火停机；发动机温度降低后，凸轮轴复原，分火头裂纹也基本消失，漏电现象大大减轻，发动机便能维持工作。,发动机大修后常温下能正常起动，但运转约20分钟就极易熄火；待发动机冷却后又能顺利起动。,2017/5/3 0:00,松辽YJ6501,天津,高温易熄火,发动机,知道故障不修理
2996,解放CA1090踩制动踏板时大灯亮,若接铁不良，电流便经制动灯开关一制动灯灯丝一尾灯灯丝一灯光继电器一接铁，此时，灯光继电器便使大灯电路自动接通，从而出现了一踩制动踏板大灯就亮的现象。,行驶中出现踩制动踏板时大灯亮的现象。故障初期偶有上述情况，由于没有及时送修，致使故障逐步加重，以致后来每踩制动踏板大灯都亮。,2017/6/8 0:00,解放CA1090,呼和浩特,踩制动踏板时大灯亮,制动踏板,意外
2997,WZ901轮式装甲安全车交流发电机不发电故障,电流表串联在蓄电池和发电机之间，表盘中央为“0”，两旁各有读数，并标有“＋”、“－”两个标记。当发电机向蓄电池充电时，指示为“＋”；当蓄电池向用电设备供电时，指示为“－”，即表示放电。指示灯则由中性点电压控制，中性点电压等于发电机输出电压的一半。当发电机电压低于蓄电池电动势时，充电指示亮，表示蓄电池放电；当发电机电压高于蓄电池电动势时，充电指示灯熄灭。,行驶中突然电流表指向“－”，充电指示灯点亮。,2017/3/1 0:00,WZ901轮式装甲安全车,长春,交流发电机不发电故障,交流发电机,不懂保养汽车
2998,解放CA1090扭杆弹力失准与变速器故障,根据该车前悬架的结构特点，当扭杆弹簧调整螺钉与后固定臂间的胶皮垫损坏后，虽然汽车在静态时调整螺钉的高度一致，但相当于增加了左边扭杆弹簧调整螺钉的长度，减小了左扭杆弹簧的预扭力。,该车行驶一段距离后，连续出现变速器第一轴后轴承（50306＃）损坏故障。,2017/3/2 0:00,解放CA1090,哈尔滨,扭杆弹力失准与变速器故障,扭杆与变速器,操作分心
2999,WZ901轮式装甲安全车排气管“隆、隆”声,根据技术标准，该车气门座圈与座孔应有0．056－0．106毫米的过盈量，以确保气门座圈不会松动脱出。若过盈量不足或气门座圈质量不佳，气门座圈就可能因松动而在发动机工作时跳出座孔，致使气缸严重漏气，该缸即无法工作；当未燃烧的混合气排至排气管时遇炽热点后即产生爆燃，隆、隆声即由此而来。,该车行驶中发动机个别气缸突然不工作，动力明显下降，而且排气管出现有节奏的“隆、隆”声。,2017/3/3 0:00,WZ901轮式装甲安全车,沈阳,排气管“隆、隆”声,排气管,意外
3000,WZ901保安车分离轴承烧蚀引发的故障,由于分离轴承的内、外圈和保持器等严重烧蚀且抱死，致使分离轴承无法转动，这样，在踩下离合器踏板使离合器分离时，分离轴承便与离合器主动盘上的分离杠杆产生较大的摩擦阻力，致使发动机起动困难，并产生异响；而发动机息速运转时，踩下离合器踏板后则因摩擦阻力过大而易熄火。,挂空挡时发动机能顺利起动，但若踩下离合器踏板发动机则难以起动，此时用手摇柄也很难将曲轴摇转。而且，发动机怠速运转时只要踩下离合器踏板，发动机便立即熄火。,2017/3/6 0:00,WZ901保安车,天津,分离轴承烧蚀引发的故障,分离轴,粗心
3001,ZSL92式轮式步兵战车发动机连续“抱轴”,该车故障是因第4道主轴承座孔加工不合格造成的。,该车行驶发动机第4道主轴承就出现“抱轴”现象。,2017/8/1 0:00,ZSL92式轮式步兵战车,石家庄,发动机连续“抱轴”,发动机,没有阅读说明书
3002,WZ901保安车变速器出现齿轮撞击声,汽车行驶中由高速挡换低速挡时，加“空油”的目的是适当提高中间轴齿轮的转速，使其能与第2轴齿轮的转速相适应，以免因两齿轮转速不同而难以啮合并发出撞击声。但若加“空油”不当或没有起到加“空油”的作用，即会出现减挡困难并出现齿轮撞击声。该车由于化油器主供油装置中缺少泡沫管，加“空油”时汽油完全以液态喷出，致使发动机加速性能变得很差，亦即发动机转速提高迟缓，在松抬离合器踏板时变速器中间轴的转速没有提高，所以踩下离合器踏板挂低挡时，欲啮合的一对齿轮的转速并未同步，故减挡困难，并有齿轮撞击声。,该车行驶中增挡很顺利，但减挡却很困难，且变速器内有齿轮撞击声。,2017/2/3 0:00,WZ901保安车,太原,变速器出现齿轮撞击声,变速器,上次修理失当
3003,ZSL92式轮式步兵战车熔丝连续熔断,为提高全车电路的安全性和可靠性，在电路中串联了1只直流接触器。这样，全车用电设备所需的电流首先经过30安熔丝，尔后经过直流接触器，再进人各用电设备。直流接触器线圈的电路是由点火开关控制的，当点火开关处于空挡位置时，因直流接触器线圈回路处于断开状态，故直流接触器的常开触点亦处于断开状态。此时，全车的用电设备除驾驶室内灯、工作灯插座、示宽灯之外，均处于被切断状态。,间行驶时发动机突然熄火，全车照明灯也同时熄灭。经检查，蓄电池存电充足，导线连接牢固，最后发现30安熔丝熔断了。更换同样型号熔丝后，照明系统恢复正常，但只要将点火开关置于1挡位置，30安熔丝立刻熔断。,2017/5/12 0:00,ZSL92式轮式步兵战车,乌鲁木齐,熔丝连续熔断,熔丝,不定时检查车况
3004,跃进NJ1041MS制动阀漏气故障,首先怀疑是制动阀各橡胶密封不严所致，于是对制动阀进行拆检，没有发现明显故障，保养装复后，故障还存在。其次，仔细分析该车的制动系统的工作情况，主车与挂车之间有挂车制动阀，假若挂车制动阀漏气，则漏气即可通过控制阀从制动阀排气口排出，造成制动阀漏气的假象。 为验证判断正确与否，拆下挂车制动阀与制动阀相通的气管进行试验，结果挂车制动阀漏气，对该阀进行拆，发现该阀上气室膜片锁紧钉松动，芯杆平衡孔堵塞，上、下气室“O”型密封圈老化。由于挂车制动阀芯杆平衡孔堵塞，在制动阀不工作时，挂车制动阀上气室漏气的压缩空气不能直接排出，面通过管由道由制动阀排气孔排出，当制动阀工作时，排气孔关闭，制动系统工作良好。,该车发动机工作时贮气筒有气，制动阀不工作时，排气口处漏气，且气压越高，漏气越严重，而工作时一切正常。,2017/5/3 0:00,跃进NJ1041MS,银川,制动阀漏气故障,制动阀,没有阅读说明书
3005,远达SCZ5090GJYEQ蓄电池突然损坏,先断开电源总开关，再检查蓄电池“+”极柱至起动机电磁开关的火线接线柱之间的导线是否有绝缘胶皮破损的部位，若正常，再检查起动机电磁开关上的接线柱至电流表“-”接线柱之间的红色绝缘胶皮有无烧损痕迹。若正常，很可能是起动机电磁开关内部短路，经检查，发现电磁开关上的接触盘脱落，造成蓄电池短路造成的。,在运行中突然从驾驶室冒出一股白烟，并出现导线绝缘胶皮的气味，电流表无大电流放电现象。驾驶员立即停车检查，发现蓄电池盖与负极桩头之间产生缝隙，并从缝隙中产生大量的白色粉末。,2017/5/9 0:00,远达SCZ5090GJYEQ,西宁,蓄电池突然损坏,蓄电池,不懂保养汽车
3006,跃进NJ1041MS排气管冒黑烟,表明混合气过浓，燃烧不完全。主要原因是汽车发动机超负荷，气缸压力不足，发动机温度过低，化油器调整不当，空气滤芯堵塞，个别气缸不工作及点火过迟等。,该车在行驶过程中排气管冒出大量黑烟。,2017/3/26 0:00,跃进NJ1041MS,西安,排气管冒黑烟,排气管,操作分心
3007,铁马XC2200舟桥车怠速不稳,混合气过稀，混合气偏浓。检查进气管路没有破损，拔掉四个缸喷油器的电源控制插头，打马达，车启动了，但是3s后烧完进气道内剩余燃油又一次熄火。车启动了，但怠速时还是耸车，忽高忽低要熄火的样子。,该车怠速耸车，转速忽高忽低，遇红灯时常会熄火。,2017/3/6 0:00,铁马XC2200舟桥车,拉萨,怠速不稳,混合气,没有阅读说明书
3008,远达SCZ5090GJYEQ输油泵故障,先将喷油泵拆下，接通低压管路，用手转动高压泵驱动轴，发现高压泵顺着发火次序向外泵油，说明高压泵无故障。又将输油泵拆下，接通进油出油软管，若输油泵工作正常，当你压摇臂时，输油泵出油管应流油。但反复压摇臂，并无一滴油流出，试着向进油管吹气畅通无阻，倒着吹畅通。证实输油泵膜片破裂。更换输出泵后，启动成功。,在行驶中突然熄火，当天行驶了400km时增加油，然后行车不足50km就熄火。,2017/3/9 0:00,远达SCZ5090GJYEQ,成都,输油泵故障,输出泵,粗心
3009,跃进NJ1041MS发动机无法启动,变速箱电脑为监测自动变速器油温，不可能在非启动位产生一个断开信号。为了进一步确认故障，用专用工具把启动锁止开关信号线的一端（即变速箱电脑33#接线）从变速箱电脑插座上拿掉。给变速箱电脑一个档位锁止开关断开的信号，再启动发动机，果然着车。,该车启动，但打开发动机出现无法启动。,2017/7/6 0:00,跃进NJ1041MS,贵阳,发动机无法启动,发动机,粗心
3010,铁马XC2200舟桥车无法启动故障,打开发动机前端的正时壳，正时传动机构普遍采用链条传动式，认真的检查了正时记号，结果发现正时链条装错一齿，故障点终于收到了。重新将正时链条装复，试车，一切正常。,该车大修之后，有着车迹象，但始终不能顺利启动。,2017/3/28 0:00,铁马XC2200舟桥车,重庆,无法启动故障,链条,驾驶不当
3011,骊山LS6911空调故障,发动机舱左侧保险丝盒内找到空调继电器，发现继电器的4个脚有2个电源，一个到空调压缩机，而没有继电器的控制信号。看到有两个地方似乎有烧蚀痕迹。于是又打开电脑的另一面，发现有一电阻被烧黑。用万用表测量此电阻不通，阻值无穷大。查看附近与此相似的电阻，阻值为10Ω。于是我换上一个10Ω电阻，再试空调一切正常。,该车装备全自动空调，但启动车后，打开空调，空调不致冷,2017/4/29 0:00,骊山LS6911,昆明,空调故障,空调,修理不当
3012,铁马XC2200舟桥车空调不致冷,低压管由于以前发生泄漏铆接过。买回一根新的低压管，重新抽真空，加入适量的压缩机油，注入冷媒，故障终于排除了。,已经换了压缩机、膨胀阀和干燥瓶，同时也清洗了整个空调系统的管道。用压缩空气吹都畅通无阻。这期间换过2个压缩机、2个干燥瓶、4个膨胀阀和1个冷凝器。,2017/3/31 0:00,铁马XC2200舟桥车,广州,空调不致冷,空调,没有阅读说明书
3013,WJ94装甲防暴发动机不能启动,用一支发光二极管试灯，其“十”端接蓄电池正极，“一”端触接ECU上23号引脚，此时试灯发亮，这说明23号引脚线路中有搭铁故障。经仔细检查，在位于发动机舱内通往ECU的主线束丛中，查到了这根已破皮的IGF信号线，发现它已和车身相触而搭铁，分析为事帮碰撞所致。逐用绝缘胶带缠住破损入，并整理好这束导线，再次启动马达。测量ECU中23号引脚处电压为0.1V。试着多启动几次马达，发动机竟顺利启动。,该车因事故碰撞车身前部变形被拖进维修厂。经钣金修复，喷漆后发动机不能启动。,2017/3/28 0:00,WJ94装甲防暴,珠海,发动机不能启动,发动机,不定时检查车况
3014,骊山LS6911发动不着,可以判断是气缸垫漏气。因为嘉华发动机采用湿式缸套，气缸垫的温差和压差都很大。老款的气缸垫技术不过关，很容易冲坏，以前已经碰到过。气缸垫冲坏，虽然可以发动，但油道与水道相通，奶黄色的机油从膨胀水箱里喷出来。此车损坏程度虽然没有这么厉害，也导致出现了不能发动的故障。拆下气缸盖，看到气缸垫确实冲坏，换上新款改进型气缸垫，装配好后测试气缸压力，均到10kg左右。打点火钥匙，结果一下子就发动起来，至此维修结束。,该车行驶里程73500km，开在路上，突然熄火，之后就再也发动不着。,2017/5/28 0:00,骊山LS6911,上海,发动不着,发动机,上次修理失当
3015,WJ94装甲防暴发动机无法启动,断开蓄电池，拆下三个电脑，用万用表检测互相之间的CAN线连接，线路没有断路和短路问题。又逐个查看三个电脑，发现电喷电脑几个针脚明显有腐蚀现象，结合前面PROXIA诊断仪无法进入电喷电脑分析，应为电喷电脑故障。更换发动机电喷电脑，故障排除。,该车在行驶途中突然熄火，无法启动。,2017/4/23 0:00,WJ94装甲防暴,南京,发动机无法启动,发动机,粗心
3016,猎豹飞腾发动机间歇性无法启动,在打开点火开关时用万用表交流电压档测防盗控制盒67的18N10有输出交流信号，判断为电喷电脑已收到防盗控制盒67的正常解锁信号，但电喷电脑不能解锁。更换电喷电脑后试车，故障排除。,该车行驶启动时时而正常，时而无法启动，无法启动时防盗指示灯闪烁报警。,2017/3/25 0:00,猎豹飞腾,杭州,发动机间歇性无法启动,发动机,不定时检查车况
3017,五岳TAZ3090怠速不稳,从上面读取的故障中检测类型“超过下限”分析应为混合气过浓，但从氧传感器0.1V不变，喷油时间和进气压力远高于正常等情况来看，进气系统似乎有漏气现象，造成混合气过稀，电喷电脑自适应加浓。仔细检查几个可能的漏气点,该车行驶过程中发动机怠速时抖动明显，且油耗过高。,2017/6/25 0:00,五岳TAZ3090,南昌,怠速不稳,发动机,粗心
3018,猎豹飞腾不能启动,从电瓶正极直接引一火花线到电脑橙色线脚，后插上电脑插头，发动试车居然能正常启动。试车，一切良好，路试也正常。看来问题很清楚了，是因为电脑常电源电路接触不良而引起的电脑电压足够，但能量不够，致使电脑不能正常工作。一般就怀疑保险丝，针对此车型，我们查找了元件位置图，发现此车型的EFI保险丝并未在保险丝盒内，而在防火墙上靠近ABS继电器附近有一插头，拔下插头，发现EFI保险丝处于歪斜状态，将保险丝插好，把原来联结线从电瓶取下启动试车，一切正常。,该车在行驶途中突然熄火，无法启动。,2017/4/30 0:00,猎豹飞腾,福州,不能启动,保险丝,修理不当
3019,松辽SLQ6502费油,手电筒一样的4档输入轴前端有一段花键齿被魔掉了，十分光滑、整齐，没有磨掉的花键齿十分细密。相比之下很难看出是坏掉的，以为它本身就是如此的！再把与4档输入轴连接的输入太阳轮取出来一看，它内部的花键齿也被磨平了。踏破铁鞋无觅处，得来全不费工夫！通过发现这个故障点，再回过头去分析前面的故障现象，一切都变得很好理解了。更换了4档输入轴和输入太阳轮，装复后试车，变速箱的各项功能都恢复正常。,最近一段时间油耗比以前大很多，高速时发动机转速也比以前高。判断为变扭器无锁止，更换一只变速扭器与锁止电磁阀，故障依然没有排除。,2017/5/31 0:00,松辽SLQ6502,厦门,费油,变速箱,意外
3020,五岳TAZ3090启动困难,为了确认MAP存在着故障，用替换法更换MAP着车后，发现进气压力未曾改变。于是检查刹车真空助力泵及其他真空软管均未发现泄漏。拆卸排气管着车（着车时旁边一人拿灭火器以防意外），故障依然。于是检查气门正时，拆卸发动机皮带轮后发现曲轴正时齿轮的定位销损坏，从而造成了发动机皮带轮的内沿凹槽磨损出现了皮带轮的错位（皮带轮上的58齿与曲轴位置传感器的相对位置）。更换曲轴皮带轮及曲轴正时齿轮后，故障排除。,发动机启动困难，启动后怠速不稳，加速无力且易熄火。,2017/4/30 0:00,五岳TAZ3090,汕头,启动困难,曲轴,没有阅读说明书
3021,茶花KQC1042B中控门锁突然失灵故障,装好控制模块外壳并将其恢复原样。剩下的还有驾驶员侧中央门锁电机的问题！拆下门锁机构，检查中央门锁电机（直接通电试验）发现电机不动作，用万用表测试电机线圈电阻无穷大，说明已断路！进一步拆检电机内部，发现烧蚀严重，可以判定为不可修复，只能更换。,在正常行驶停车后，中控锁突然失灵，按下发射器的闭锁按钮，驾驶员侧的中央门锁不动作，而其它三个门锁落锁后又自动打开，不能落锁。,2017/2/5 0:00,茶花KQC1042B,大理,中控门锁突然失灵故障,中控门锁,不懂保养汽车
3022,松辽SLQ6502启动机故障,在驱动督办与飞轮齿环刚刚接触的瞬间，驱动齿轮受到吸引线圈的作用，一直试图进入飞轮齿环与之啮合。由于铜套被磨成圆锥形，导致中枢轴在转动时轴心线轨迹呈枣核状，驱动齿轮验证以与飞轮齿环啮合，因此，启动时伴随“咔咔”响声。据作用与反作用定理，驱动齿轮施加于飞轮齿环的力越大，其反作用力也越大。这就意味着某一次启动，油于反作用力的存在，使驱动齿轮端面与飞轮齿环端面夹角消失，驱动齿轮趁机进入飞轮齿环与之啮合，从而启动成功。,启动时启动机空转，并伴随“咔咔”的响声，而发动机不转。呼声似乎是驱动齿轮空转时磨碰飞轮环发出的。若反复转动点火开关，偶尔听不到“咔咔”声，则此次启动必定成功。,2017/3/31 0:00,松辽SLQ6502,桂林,启动机故障,启动机,驾驶不当
3023,ZSL92式轮式步兵战车发动机启动困难,由于这段油管泄漏，发动机停车一段时间后，进油管内的先进人物汽油几乎全从泄漏之处返回油箱进油管内，自然不能保证足够的供油压力。要经过多次启动，汽油泵不断泵油，直到进油管内压力逐渐增大到正常供油压力之后，发动机才能启动更换一根油管后，装复试车，冷车、热车都启动良好，故障终于排除。,发动机启动困难，需多次启动才能成功。白天热车时情况好一些，不过停车较长（3～4h）时间后也难以启动。此现象已有半月有余。,2017/6/21 0:00,ZSL92式轮式步兵战车,长沙,发动机启动困难,发动机,上次修理失当
3024,茶花KQC1042B无法启动,ECU在KOER（启动机带动发动机运转）的状态下根本没有给执行器搭钱信号，现在可以初步判断为ECU损坏所至。为了不出现判断上的失误，我们又仔细地检查了ECU的所有线束和连接情况，没有发现异常现象。为了再次证明诊断结果无误，我们又把车拖到了奇瑞特约维修服务站用专门的电脑检测仪测试了一下，结果显示为须更换电脑模块。清除故障码再次启动还是些故障内容，而后又用数据流功能查看数据，当打启动机时，数据流显示转速信号为零，看起来电脑真的损坏了。更换电脑模块后，一次启动成功，试车一切正常。,该车在行驶途中突然熄火，无法启动。,2017/5/31 0:00,茶花KQC1042B,武汉,无法启动,发动机,操作分心
3025,ZSL92式轮式步兵战车发动机启动困难,由于这段油管泄漏，发动机停车一段时间后，进油管内的剩余汽油几乎全从泄漏之处返回油箱进油管内，自然不能保证足够的供油压力。要经过多次启动，汽油泵不断泵油，直到进油管内压力逐渐增大到正常供油压力之后，发动机才能启动。更换一根油管后，装复试车，冷车、热车都启动良好，故障终于排除。,发动机启动困难，需多次启动才能成功。白天热车时情况好一些，不过停车较长（3~4h）时间后也难以启动。此现象己有半月有余。,2017/4/30 0:00,ZSL92式轮式步兵战车,南京,发动机启动困难,发动机,不懂保养汽车
3026,汉阳HY4320S半挂牵引车排气管冒黑烟,经仔细分析发现，该车在外地维修时，因原车空气流量计G60的响应性变差，使其检测值不准或滞后，造成混合气空燃比不能达到最佳，燃烧不充分，从而导致加速无力、冒黑烟。当清洗空气流量计后，使其响应性暂时变好，但他们盲目换上发动机控制单元，氧传感器也未拧紧。当车行驶一段时间后，空气流量计的响应性变差，而且氧传感器也因车辆颠簸而枪支，使空气通过氧传感器与排气管间的缝隙到氧传感器的检测头周围，导致氧含量过高，使氧传感器电压值约为0.120V，即混合气过稀。,该车出现冒黑烟、加速无力的症状。在当地服务站维修，更换了发动机控制单元、清洗了空气流量计后正常。但过了段时间后，又出现加速无力、冒黑烟的现象，且黑烟更浓。,2017/4/21 0:00,汉阳HY4320S半挂牵引车,苏州,排气管冒黑烟,排气管,责任心不强
3027,东风EQ1090E突然熄火后不能启动,通过对其点火控制原理进行分析后，我们找到位于驾驶员座椅下的点火控制器及点火线圈总成，拔掉其线束插头并打开点火开关，然后用万用表电压档（DCV20）分别对手头的各端子进行测量，结果发现其电源电压正常，为12.3V，而两点火信号端子的电压为0.2V。于是将点火开关转至启动档，使启动机带动发动机正常运转，同时再对两信号端子的电压即发生一致地变化。,行驶中走错路，在掉转车头的过程中发动机突然熄火。经再次启动时，发现不能着车。,2017/1/21 0:00,东风EQ1090E,扬州,突然熄火后不能启动,点火控制器,修理不当
3028,ZSL92式轮式步兵战车柴油机着火敲击声,柴油机的着火敲击声是由于着火滞后期过长，压力升高率过大，致使柴油机工作粗暴而形成的。在急加速时，发出尖锐、清脆而连续的、类似金属的敲击声，在怠速或小负荷工作状况下也明显，同时伴有机体振动，大负荷高转速时响声相对减少，运转也相对平稳。,在中等空转速至怠速下发出“嘎嘎啦啦”的声音，响声很连。而四缸柴油机在中等转速以下发出“刚啷刚啷”的响声。,2017/5/23 0:00,ZSL92式轮式步兵战车,苏州,柴油机着火敲击声,柴油机,意外
3029,燕京YJ6501气门脚响,气门脚间隙调整不当或调整螺钉锁紧螺帽松动。气门间隙调整螺钉或摇臂磨损。凸轮磨损量过大，工作时使挺杆产生跳动。气门推杆变形。,柴油机地低转速时，上部发出有节奏并清晰均匀的“嗒嗒”声，转速升高，声响也随之增大中速以上时多只气门脚响，声响变得模糊杂，其响声不随温度和单缸断油变化。,2017/4/30 0:00,燕京YJ6501,临沂,气门脚响,气门,修理不当
3030,北汽勇士凸轮轴轴承响,轴承各座孔不同心。凸轮轴弯曲或变形。轴承与凸轮轴配合间隙过大。凸轮轴轴向窜动。,凸轮轴轴承的敲击声发闷，有节奏，在发响的同时凸轮轴轴承附近有振动现象。,2017/5/26 0:00,北汽勇士,大连,凸轮轴轴承响,凸轮轴轴,粗心
3031,东风EQ1090E水温高,在冷却温度传感器G62到仪表的线束或仪表上，因为G62把温度信号分别传给J220仪表。再进入17－08－003查看第一区G62传给的温度信号为99～102℃，与G62传给J220信号一样。这说明组合仪表损坏，查询防盗密码，更换组合仪表后正常。,该车正常行驶时水温高。,2017/4/25 0:00,东风EQ1090E,东营,水温高,水温表,操作分心
3032,燕京YJ6501水温高,第一次装节温器时，为防止冷却液过多流出缸体，一人拿下节温器，另一人迅速把节温器装上，未仔细观察节漫器安装孔是否有水垢。把水垢清理干净后，装上节温器。,该车正常行驶时水温高。,2017/2/28 0:00,燕京YJ6501,扬州,水温高,水温表,操作分心
