selected_tag_name,S_tag_name,T_tag_name,doc_id,create_time
PCV阀,不定时检查车况,怠速不稳,2781,1486396800
PCV阀,PCV阀,怠速不稳,2781,1486396800
PCV阀,怠速不稳,不定时检查车况,2781,1486396800
PCV阀,PCV阀,不定时检查车况,2781,1486396800
PCV阀,怠速不稳,PCV阀,2781,1486396800
PCV阀,不定时检查车况,PCV阀,2781,1486396800
“哧哧”声,不懂保养汽车,“哧哧”声,2967,1499616000
“哧哧”声,气泵一轴承,“哧哧”声,2967,1499616000
“哧哧”声,“哧哧”声,不懂保养汽车,2967,1499616000
“哧哧”声,气泵一轴承,不懂保养汽车,2967,1499616000
“哧哧”声,“哧哧”声,气泵一轴承,2967,1499616000
“哧哧”声,不懂保养汽车,气泵一轴承,2967,1499616000
万向十字轴,驾驶不当,万向十字轴磨损导致动力不足,2643,1483545600
万向十字轴,万向十字轴,万向十字轴磨损导致动力不足,2643,1483545600
万向十字轴,万向十字轴磨损导致动力不足,驾驶不当,2643,1483545600
万向十字轴,万向十字轴,驾驶不当,2643,1483545600
万向十字轴,万向十字轴磨损导致动力不足,万向十字轴,2643,1483545600
万向十字轴,驾驶不当,万向十字轴,2643,1483545600
万向十字轴,意外,动力不足,2944,1501516800
万向十字轴,万向十字轴,动力不足,2944,1501516800
万向十字轴,动力不足,意外,2944,1501516800
万向十字轴,万向十字轴,意外,2944,1501516800
万向十字轴,动力不足,万向十字轴,2944,1501516800
万向十字轴,意外,万向十字轴,2944,1501516800
万向十字轴磨损导致动力不足,驾驶不当,万向十字轴磨损导致动力不足,2643,1483545600
万向十字轴磨损导致动力不足,万向十字轴,万向十字轴磨损导致动力不足,2643,1483545600
万向十字轴磨损导致动力不足,万向十字轴磨损导致动力不足,驾驶不当,2643,1483545600
万向十字轴磨损导致动力不足,万向十字轴,驾驶不当,2643,1483545600
万向十字轴磨损导致动力不足,万向十字轴磨损导致动力不足,万向十字轴,2643,1483545600
万向十字轴磨损导致动力不足,驾驶不当,万向十字轴,2643,1483545600
三元催化器,没有阅读说明书,自动变速器不跳四档故障,2857,1499961600
三元催化器,三元催化器,自动变速器不跳四档故障,2857,1499961600
三元催化器,自动变速器不跳四档故障,没有阅读说明书,2857,1499961600
三元催化器,三元催化器,没有阅读说明书,2857,1499961600
三元催化器,自动变速器不跳四档故障,三元催化器,2857,1499961600
三元催化器,没有阅读说明书,三元催化器,2857,1499961600
三元催化转换器,修理不当,怠速不稳,2800,1499961600
三元催化转换器,三元催化转换器,怠速不稳,2800,1499961600
三元催化转换器,怠速不稳,修理不当,2800,1499961600
三元催化转换器,三元催化转换器,修理不当,2800,1499961600
三元催化转换器,怠速不稳,三元催化转换器,2800,1499961600
三元催化转换器,修理不当,三元催化转换器,2800,1499961600
上次修理失当,上次修理失当,异响,2650,1484236800
上次修理失当,垫板,异响,2650,1484236800
上次修理失当,异响,上次修理失当,2650,1484236800
上次修理失当,垫板,上次修理失当,2650,1484236800
上次修理失当,异响,垫板,2650,1484236800
上次修理失当,上次修理失当,垫板,2650,1484236800
上次修理失当,上次修理失当,气缸盖碗形塞锈穿,2655,1485705600
上次修理失当,气缸,气缸盖碗形塞锈穿,2655,1485705600
上次修理失当,气缸盖碗形塞锈穿,上次修理失当,2655,1485705600
上次修理失当,气缸,上次修理失当,2655,1485705600
上次修理失当,气缸盖碗形塞锈穿,气缸,2655,1485705600
上次修理失当,上次修理失当,气缸,2655,1485705600
上次修理失当,上次修理失当,分缸线故障,2659,1485705600
上次修理失当,分缸线,分缸线故障,2659,1485705600
上次修理失当,分缸线故障,上次修理失当,2659,1485705600
上次修理失当,分缸线,上次修理失当,2659,1485705600
上次修理失当,分缸线故障,分缸线,2659,1485705600
上次修理失当,上次修理失当,分缸线,2659,1485705600
上次修理失当,上次修理失当,齿轮损坏,2663,1486224000
上次修理失当,齿轮,齿轮损坏,2663,1486224000
上次修理失当,齿轮损坏,上次修理失当,2663,1486224000
上次修理失当,齿轮,上次修理失当,2663,1486224000
上次修理失当,齿轮损坏,齿轮,2663,1486224000
上次修理失当,上次修理失当,齿轮,2663,1486224000
上次修理失当,上次修理失当,发动机固定螺栓松脱,2668,1486224000
上次修理失当,发动机,发动机固定螺栓松脱,2668,1486224000
上次修理失当,发动机固定螺栓松脱,上次修理失当,2668,1486224000
上次修理失当,发动机,上次修理失当,2668,1486224000
上次修理失当,发动机固定螺栓松脱,发动机,2668,1486224000
上次修理失当,上次修理失当,发动机,2668,1486224000
上次修理失当,上次修理失当,发电机故障,2669,1487088000
上次修理失当,发电机,发电机故障,2669,1487088000
上次修理失当,发电机故障,上次修理失当,2669,1487088000
上次修理失当,发电机,上次修理失当,2669,1487088000
上次修理失当,发电机故障,发电机,2669,1487088000
上次修理失当,上次修理失当,发电机,2669,1487088000
上次修理失当,上次修理失当,"起动困难 ",2671,1487088000
上次修理失当,化油器,"起动困难 ",2671,1487088000
上次修理失当,"起动困难 ",上次修理失当,2671,1487088000
上次修理失当,化油器,上次修理失当,2671,1487088000
上次修理失当,"起动困难 ",化油器,2671,1487088000
上次修理失当,上次修理失当,化油器,2671,1487088000
上次修理失当,上次修理失当,怠速不稳,2697,1490803200
上次修理失当,发动机,怠速不稳,2697,1490803200
上次修理失当,怠速不稳,上次修理失当,2697,1490803200
上次修理失当,发动机,上次修理失当,2697,1490803200
上次修理失当,怠速不稳,发动机,2697,1490803200
上次修理失当,上次修理失当,发动机,2697,1490803200
上次修理失当,上次修理失当,容易熄火,2699,1490803200
上次修理失当,发电机,容易熄火,2699,1490803200
上次修理失当,容易熄火,上次修理失当,2699,1490803200
上次修理失当,发电机,上次修理失当,2699,1490803200
上次修理失当,容易熄火,发电机,2699,1490803200
上次修理失当,上次修理失当,发电机,2699,1490803200
上次修理失当,上次修理失当,异响,2735,1493568000
上次修理失当,发动机,异响,2735,1493568000
上次修理失当,异响,上次修理失当,2735,1493568000
上次修理失当,发动机,上次修理失当,2735,1493568000
上次修理失当,异响,发动机,2735,1493568000
上次修理失当,上次修理失当,发动机,2735,1493568000
上次修理失当,上次修理失当,启动困难,2743,1493568000
上次修理失当,发动机,启动困难,2743,1493568000
上次修理失当,启动困难,上次修理失当,2743,1493568000
上次修理失当,发动机,上次修理失当,2743,1493568000
上次修理失当,启动困难,发动机,2743,1493568000
上次修理失当,上次修理失当,发动机,2743,1493568000
上次修理失当,上次修理失当,启动困难,2744,1494604800
上次修理失当,发动机,启动困难,2744,1494604800
上次修理失当,启动困难,上次修理失当,2744,1494604800
上次修理失当,发动机,上次修理失当,2744,1494604800
上次修理失当,启动困难,发动机,2744,1494604800
上次修理失当,上次修理失当,发动机,2744,1494604800
上次修理失当,上次修理失当,启动困难,2746,1494604800
上次修理失当,发动机,启动困难,2746,1494604800
上次修理失当,启动困难,上次修理失当,2746,1494604800
上次修理失当,发动机,上次修理失当,2746,1494604800
上次修理失当,启动困难,发动机,2746,1494604800
上次修理失当,上次修理失当,发动机,2746,1494604800
上次修理失当,上次修理失当,动力不足,2748,1494604800
上次修理失当,发动机,动力不足,2748,1494604800
上次修理失当,动力不足,上次修理失当,2748,1494604800
上次修理失当,发动机,上次修理失当,2748,1494604800
上次修理失当,动力不足,发动机,2748,1494604800
上次修理失当,上次修理失当,发动机,2748,1494604800
上次修理失当,上次修理失当,启动困难,2764,1493827200
上次修理失当,进油管,启动困难,2764,1493827200
上次修理失当,启动困难,上次修理失当,2764,1493827200
上次修理失当,进油管,上次修理失当,2764,1493827200
上次修理失当,启动困难,进油管,2764,1493827200
上次修理失当,上次修理失当,进油管,2764,1493827200
上次修理失当,上次修理失当,发动机故障,2782,1494000000
上次修理失当,凸轮轴承,发动机故障,2782,1494000000
上次修理失当,发动机故障,上次修理失当,2782,1494000000
上次修理失当,凸轮轴承,上次修理失当,2782,1494000000
上次修理失当,发动机故障,凸轮轴承,2782,1494000000
上次修理失当,上次修理失当,凸轮轴承,2782,1494000000
上次修理失当,上次修理失当,水温高,2786,1496678400
上次修理失当,风扇叶片,水温高,2786,1496678400
上次修理失当,水温高,上次修理失当,2786,1496678400
上次修理失当,风扇叶片,上次修理失当,2786,1496678400
上次修理失当,水温高,风扇叶片,2786,1496678400
上次修理失当,上次修理失当,风扇叶片,2786,1496678400
上次修理失当,上次修理失当,启动困难,2789,1484496000
上次修理失当,保险丝,启动困难,2789,1484496000
上次修理失当,启动困难,上次修理失当,2789,1484496000
上次修理失当,保险丝,上次修理失当,2789,1484496000
上次修理失当,启动困难,保险丝,2789,1484496000
上次修理失当,上次修理失当,保险丝,2789,1484496000
上次修理失当,上次修理失当,发动机故障,2792,1484496000
上次修理失当,电脑模块,发动机故障,2792,1484496000
上次修理失当,发动机故障,上次修理失当,2792,1484496000
上次修理失当,电脑模块,上次修理失当,2792,1484496000
上次修理失当,发动机故障,电脑模块,2792,1484496000
上次修理失当,上次修理失当,电脑模块,2792,1484496000
上次修理失当,上次修理失当,倒车灯不亮,2809,1492012800
上次修理失当,搭铁线,倒车灯不亮,2809,1492012800
上次修理失当,倒车灯不亮,上次修理失当,2809,1492012800
上次修理失当,搭铁线,上次修理失当,2809,1492012800
上次修理失当,倒车灯不亮,搭铁线,2809,1492012800
上次修理失当,上次修理失当,搭铁线,2809,1492012800
上次修理失当,上次修理失当,灯常亮,2817,1494777600
上次修理失当,线,灯常亮,2817,1494777600
上次修理失当,灯常亮,上次修理失当,2817,1494777600
上次修理失当,线,上次修理失当,2817,1494777600
上次修理失当,灯常亮,线,2817,1494777600
上次修理失当,上次修理失当,线,2817,1494777600
上次修理失当,上次修理失当,熄火,2822,1469808000
上次修理失当,油箱,熄火,2822,1469808000
上次修理失当,熄火,上次修理失当,2822,1469808000
上次修理失当,油箱,上次修理失当,2822,1469808000
上次修理失当,熄火,油箱,2822,1469808000
上次修理失当,上次修理失当,油箱,2822,1469808000
上次修理失当,上次修理失当,怠速不稳,2834,1484668800
上次修理失当,喷油器,怠速不稳,2834,1484668800
上次修理失当,怠速不稳,上次修理失当,2834,1484668800
上次修理失当,喷油器,上次修理失当,2834,1484668800
上次修理失当,怠速不稳,喷油器,2834,1484668800
上次修理失当,上次修理失当,喷油器,2834,1484668800
上次修理失当,上次修理失当,启动困难,2852,1489766400
上次修理失当,气缸垫,启动困难,2852,1489766400
上次修理失当,启动困难,上次修理失当,2852,1489766400
上次修理失当,气缸垫,上次修理失当,2852,1489766400
上次修理失当,启动困难,气缸垫,2852,1489766400
上次修理失当,上次修理失当,气缸垫,2852,1489766400
上次修理失当,上次修理失当,熄火，发动不着,2856,1489766400
上次修理失当,汽缸垫,熄火，发动不着,2856,1489766400
上次修理失当,熄火，发动不着,上次修理失当,2856,1489766400
上次修理失当,汽缸垫,上次修理失当,2856,1489766400
上次修理失当,熄火，发动不着,汽缸垫,2856,1489766400
上次修理失当,上次修理失当,汽缸垫,2856,1489766400
上次修理失当,上次修理失当,发动机故障,2859,1497974400
上次修理失当,轴承盖螺栓,发动机故障,2859,1497974400
上次修理失当,发动机故障,上次修理失当,2859,1497974400
上次修理失当,轴承盖螺栓,上次修理失当,2859,1497974400
上次修理失当,发动机故障,轴承盖螺栓,2859,1497974400
上次修理失当,上次修理失当,轴承盖螺栓,2859,1497974400
上次修理失当,上次修理失当,冷却系统故障,2874,1485100800
上次修理失当,引擎,冷却系统故障,2874,1485100800
上次修理失当,冷却系统故障,上次修理失当,2874,1485100800
上次修理失当,引擎,上次修理失当,2874,1485100800
上次修理失当,冷却系统故障,引擎,2874,1485100800
上次修理失当,上次修理失当,引擎,2874,1485100800
上次修理失当,上次修理失当,爬坡无力,2900,1496332800
上次修理失当,火线圈，点火开关,爬坡无力,2900,1496332800
上次修理失当,爬坡无力,上次修理失当,2900,1496332800
上次修理失当,火线圈，点火开关,上次修理失当,2900,1496332800
上次修理失当,爬坡无力,火线圈，点火开关,2900,1496332800
上次修理失当,上次修理失当,火线圈，点火开关,2900,1496332800
上次修理失当,上次修理失当,点火困难,2911,1483718400
上次修理失当,喷油头,点火困难,2911,1483718400
上次修理失当,点火困难,上次修理失当,2911,1483718400
上次修理失当,喷油头,上次修理失当,2911,1483718400
上次修理失当,点火困难,喷油头,2911,1483718400
上次修理失当,上次修理失当,喷油头,2911,1483718400
上次修理失当,上次修理失当,发动机机油压力指示表显示异常,2919,1486483200
上次修理失当,发动机,发动机机油压力指示表显示异常,2919,1486483200
上次修理失当,发动机机油压力指示表显示异常,上次修理失当,2919,1486483200
上次修理失当,发动机,上次修理失当,2919,1486483200
上次修理失当,发动机机油压力指示表显示异常,发动机,2919,1486483200
上次修理失当,上次修理失当,发动机,2919,1486483200
上次修理失当,上次修理失当,制动时熄火,2931,1488729600
上次修理失当,真空阀,制动时熄火,2931,1488729600
上次修理失当,制动时熄火,上次修理失当,2931,1488729600
上次修理失当,真空阀,上次修理失当,2931,1488729600
上次修理失当,制动时熄火,真空阀,2931,1488729600
上次修理失当,上次修理失当,真空阀,2931,1488729600
上次修理失当,上次修理失当,起动系疑难故障,2948,1490889600
上次修理失当,起动机,起动系疑难故障,2948,1490889600
上次修理失当,起动系疑难故障,上次修理失当,2948,1490889600
上次修理失当,起动机,上次修理失当,2948,1490889600
上次修理失当,起动系疑难故障,起动机,2948,1490889600
上次修理失当,上次修理失当,起动机,2948,1490889600
上次修理失当,上次修理失当,刚大修的发动机严重烧润滑铀,2987,1500739200
上次修理失当,发动机,刚大修的发动机严重烧润滑铀,2987,1500739200
上次修理失当,刚大修的发动机严重烧润滑铀,上次修理失当,2987,1500739200
上次修理失当,发动机,上次修理失当,2987,1500739200
上次修理失当,刚大修的发动机严重烧润滑铀,发动机,2987,1500739200
上次修理失当,上次修理失当,发动机,2987,1500739200
上次修理失当,上次修理失当,变速器出现齿轮撞击声,3002,1486051200
上次修理失当,变速器,变速器出现齿轮撞击声,3002,1486051200
上次修理失当,变速器出现齿轮撞击声,上次修理失当,3002,1486051200
上次修理失当,变速器,上次修理失当,3002,1486051200
上次修理失当,变速器出现齿轮撞击声,变速器,3002,1486051200
上次修理失当,上次修理失当,变速器,3002,1486051200
上次修理失当,上次修理失当,发动不着,3014,1495900800
上次修理失当,发动机,发动不着,3014,1495900800
上次修理失当,发动不着,上次修理失当,3014,1495900800
上次修理失当,发动机,上次修理失当,3014,1495900800
上次修理失当,发动不着,发动机,3014,1495900800
上次修理失当,上次修理失当,发动机,3014,1495900800
上次修理失当,上次修理失当,发动机启动困难,3023,1497974400
上次修理失当,发动机,发动机启动困难,3023,1497974400
上次修理失当,发动机启动困难,上次修理失当,3023,1497974400
上次修理失当,发动机,上次修理失当,3023,1497974400
上次修理失当,发动机启动困难,发动机,3023,1497974400
上次修理失当,上次修理失当,发动机,3023,1497974400
不定时检查车况,不定时检查车况,机油尺屡次跳出,2646,1483718400
不定时检查车况,机油尺,机油尺屡次跳出,2646,1483718400
不定时检查车况,机油尺屡次跳出,不定时检查车况,2646,1483718400
不定时检查车况,机油尺,不定时检查车况,2646,1483718400
不定时检查车况,机油尺屡次跳出,机油尺,2646,1483718400
不定时检查车况,不定时检查车况,机油尺,2646,1483718400
不定时检查车况,不定时检查车况,启动困难,2654,1485705600
不定时检查车况,二极管,启动困难,2654,1485705600
不定时检查车况,启动困难,不定时检查车况,2654,1485705600
不定时检查车况,二极管,不定时检查车况,2654,1485705600
不定时检查车况,启动困难,二极管,2654,1485705600
不定时检查车况,不定时检查车况,二极管,2654,1485705600
不定时检查车况,不定时检查车况,大量漏油,2679,1487433600
不定时检查车况,机油泵,大量漏油,2679,1487433600
不定时检查车况,大量漏油,不定时检查车况,2679,1487433600
不定时检查车况,机油泵,不定时检查车况,2679,1487433600
不定时检查车况,大量漏油,机油泵,2679,1487433600
不定时检查车况,不定时检查车况,机油泵,2679,1487433600
不定时检查车况,不定时检查车况,行驶无力,2705,1491667200
不定时检查车况,发动机,行驶无力,2705,1491667200
不定时检查车况,行驶无力,不定时检查车况,2705,1491667200
不定时检查车况,发动机,不定时检查车况,2705,1491667200
不定时检查车况,行驶无力,发动机,2705,1491667200
不定时检查车况,不定时检查车况,发动机,2705,1491667200
不定时检查车况,不定时检查车况,换挡困难,2711,1491667200
不定时检查车况,离合器,换挡困难,2711,1491667200
不定时检查车况,换挡困难,不定时检查车况,2711,1491667200
不定时检查车况,离合器,不定时检查车况,2711,1491667200
不定时检查车况,换挡困难,离合器,2711,1491667200
不定时检查车况,不定时检查车况,离合器,2711,1491667200
不定时检查车况,不定时检查车况,开锅,2718,1492704000
不定时检查车况,散热器,开锅,2718,1492704000
不定时检查车况,开锅,不定时检查车况,2718,1492704000
不定时检查车况,散热器,不定时检查车况,2718,1492704000
不定时检查车况,开锅,散热器,2718,1492704000
不定时检查车况,不定时检查车况,散热器,2718,1492704000
不定时检查车况,不定时检查车况,异响,2724,1492704000
不定时检查车况,发动机,异响,2724,1492704000
不定时检查车况,异响,不定时检查车况,2724,1492704000
不定时检查车况,发动机,不定时检查车况,2724,1492704000
不定时检查车况,异响,发动机,2724,1492704000
不定时检查车况,不定时检查车况,发动机,2724,1492704000
不定时检查车况,不定时检查车况,水温高,2766,1486224000
不定时检查车况,组合仪表,水温高,2766,1486224000
不定时检查车况,水温高,不定时检查车况,2766,1486224000
不定时检查车况,组合仪表,不定时检查车况,2766,1486224000
不定时检查车况,水温高,组合仪表,2766,1486224000
不定时检查车况,不定时检查车况,组合仪表,2766,1486224000
不定时检查车况,不定时检查车况,启动困难,2770,1484409600
不定时检查车况,油管,启动困难,2770,1484409600
不定时检查车况,启动困难,不定时检查车况,2770,1484409600
不定时检查车况,油管,不定时检查车况,2770,1484409600
不定时检查车况,启动困难,油管,2770,1484409600
不定时检查车况,不定时检查车况,油管,2770,1484409600
不定时检查车况,不定时检查车况,发动机异响,2778,1494000000
不定时检查车况,火花塞,发动机异响,2778,1494000000
不定时检查车况,发动机异响,不定时检查车况,2778,1494000000
不定时检查车况,火花塞,不定时检查车况,2778,1494000000
不定时检查车况,发动机异响,火花塞,2778,1494000000
不定时检查车况,不定时检查车况,火花塞,2778,1494000000
不定时检查车况,不定时检查车况,怠速不稳,2781,1486396800
不定时检查车况,PCV阀,怠速不稳,2781,1486396800
不定时检查车况,怠速不稳,不定时检查车况,2781,1486396800
不定时检查车况,PCV阀,不定时检查车况,2781,1486396800
不定时检查车况,怠速不稳,PCV阀,2781,1486396800
不定时检查车况,不定时检查车况,PCV阀,2781,1486396800
不定时检查车况,不定时检查车况,怠速不稳,2808,1489334400
不定时检查车况,转子轴,怠速不稳,2808,1489334400
不定时检查车况,怠速不稳,不定时检查车况,2808,1489334400
不定时检查车况,转子轴,不定时检查车况,2808,1489334400
不定时检查车况,怠速不稳,转子轴,2808,1489334400
不定时检查车况,不定时检查车况,转子轴,2808,1489334400
不定时检查车况,不定时检查车况,水温高,2815,1500134400
不定时检查车况,水泵,水温高,2815,1500134400
不定时检查车况,水温高,不定时检查车况,2815,1500134400
不定时检查车况,水泵,不定时检查车况,2815,1500134400
不定时检查车况,水温高,水泵,2815,1500134400
不定时检查车况,不定时检查车况,水泵,2815,1500134400
不定时检查车况,不定时检查车况,怠速不稳,2818,1484409600
不定时检查车况,通气口,怠速不稳,2818,1484409600
不定时检查车况,怠速不稳,不定时检查车况,2818,1484409600
不定时检查车况,通气口,不定时检查车况,2818,1484409600
不定时检查车况,怠速不稳,通气口,2818,1484409600
不定时检查车况,不定时检查车况,通气口,2818,1484409600
不定时检查车况,不定时检查车况,正时齿轮发响,2825,1484323200
不定时检查车况,正时齿轮,正时齿轮发响,2825,1484323200
不定时检查车况,正时齿轮发响,不定时检查车况,2825,1484323200
不定时检查车况,正时齿轮,不定时检查车况,2825,1484323200
不定时检查车况,正时齿轮发响,正时齿轮,2825,1484323200
不定时检查车况,不定时检查车况,正时齿轮,2825,1484323200
不定时检查车况,不定时检查车况,起动机损坏,2828,1484668800
不定时检查车况,起动机,起动机损坏,2828,1484668800
不定时检查车况,起动机损坏,不定时检查车况,2828,1484668800
不定时检查车况,起动机,不定时检查车况,2828,1484668800
不定时检查车况,起动机损坏,起动机,2828,1484668800
不定时检查车况,不定时检查车况,起动机,2828,1484668800
不定时检查车况,不定时检查车况,交流发电机充电电流不稳定,2844,1502294400
不定时检查车况,传动皮带,交流发电机充电电流不稳定,2844,1502294400
不定时检查车况,交流发电机充电电流不稳定,不定时检查车况,2844,1502294400
不定时检查车况,传动皮带,不定时检查车况,2844,1502294400
不定时检查车况,交流发电机充电电流不稳定,传动皮带,2844,1502294400
不定时检查车况,不定时检查车况,传动皮带,2844,1502294400
不定时检查车况,不定时检查车况,发动机故障,2860,1495987200
不定时检查车况,连杆轴承，轴颈,发动机故障,2860,1495987200
不定时检查车况,发动机故障,不定时检查车况,2860,1495987200
不定时检查车况,连杆轴承，轴颈,不定时检查车况,2860,1495987200
不定时检查车况,发动机故障,连杆轴承，轴颈,2860,1495987200
不定时检查车况,不定时检查车况,连杆轴承，轴颈,2860,1495987200
不定时检查车况,不定时检查车况,发动机烧机油故障,2939,1496419200
不定时检查车况,发动机,发动机烧机油故障,2939,1496419200
不定时检查车况,发动机烧机油故障,不定时检查车况,2939,1496419200
不定时检查车况,发动机,不定时检查车况,2939,1496419200
不定时检查车况,发动机烧机油故障,发动机,2939,1496419200
不定时检查车况,不定时检查车况,发动机,2939,1496419200
不定时检查车况,不定时检查车况,发动机机油消耗量过大,2955,1491667200
不定时检查车况,发动机,发动机机油消耗量过大,2955,1491667200
不定时检查车况,发动机机油消耗量过大,不定时检查车况,2955,1491667200
不定时检查车况,发动机,不定时检查车况,2955,1491667200
不定时检查车况,发动机机油消耗量过大,发动机,2955,1491667200
不定时检查车况,不定时检查车况,发动机,2955,1491667200
不定时检查车况,不定时检查车况,水箱“开锅”,2956,1493913600
不定时检查车况,水箱,水箱“开锅”,2956,1493913600
不定时检查车况,水箱“开锅”,不定时检查车况,2956,1493913600
不定时检查车况,水箱,不定时检查车况,2956,1493913600
不定时检查车况,水箱“开锅”,水箱,2956,1493913600
不定时检查车况,不定时检查车况,水箱,2956,1493913600
不定时检查车况,不定时检查车况,冷启动困难,2963,1491235200
不定时检查车况,点火开关,冷启动困难,2963,1491235200
不定时检查车况,冷启动困难,不定时检查车况,2963,1491235200
不定时检查车况,点火开关,不定时检查车况,2963,1491235200
不定时检查车况,冷启动困难,点火开关,2963,1491235200
不定时检查车况,不定时检查车况,点火开关,2963,1491235200
不定时检查车况,不定时检查车况,蓄电池突然损坏,2964,1499270400
不定时检查车况,起动机,蓄电池突然损坏,2964,1499270400
不定时检查车况,蓄电池突然损坏,不定时检查车况,2964,1499270400
不定时检查车况,起动机,不定时检查车况,2964,1499270400
不定时检查车况,蓄电池突然损坏,起动机,2964,1499270400
不定时检查车况,不定时检查车况,起动机,2964,1499270400
不定时检查车况,不定时检查车况,起动机无反应,2974,1485273600
不定时检查车况,起动机,起动机无反应,2974,1485273600
不定时检查车况,起动机无反应,不定时检查车况,2974,1485273600
不定时检查车况,起动机,不定时检查车况,2974,1485273600
不定时检查车况,起动机无反应,起动机,2974,1485273600
不定时检查车况,不定时检查车况,起动机,2974,1485273600
不定时检查车况,不定时检查车况,点火线圈突然爆炸,2977,1488729600
不定时检查车况,点火线圈,点火线圈突然爆炸,2977,1488729600
不定时检查车况,点火线圈突然爆炸,不定时检查车况,2977,1488729600
不定时检查车况,点火线圈,不定时检查车况,2977,1488729600
不定时检查车况,点火线圈突然爆炸,点火线圈,2977,1488729600
不定时检查车况,不定时检查车况,点火线圈,2977,1488729600
不定时检查车况,不定时检查车况,起动机不转动,2980,1491321600
不定时检查车况,起动机,起动机不转动,2980,1491321600
不定时检查车况,起动机不转动,不定时检查车况,2980,1491321600
不定时检查车况,起动机,不定时检查车况,2980,1491321600
不定时检查车况,起动机不转动,起动机,2980,1491321600
不定时检查车况,不定时检查车况,起动机,2980,1491321600
不定时检查车况,不定时检查车况,灯泡座被污物覆盖,2994,1493740800
不定时检查车况,灯泡座,灯泡座被污物覆盖,2994,1493740800
不定时检查车况,灯泡座被污物覆盖,不定时检查车况,2994,1493740800
不定时检查车况,灯泡座,不定时检查车况,2994,1493740800
不定时检查车况,灯泡座被污物覆盖,灯泡座,2994,1493740800
不定时检查车况,不定时检查车况,灯泡座,2994,1493740800
不定时检查车况,不定时检查车况,熔丝连续熔断,3003,1494518400
不定时检查车况,熔丝,熔丝连续熔断,3003,1494518400
不定时检查车况,熔丝连续熔断,不定时检查车况,3003,1494518400
不定时检查车况,熔丝,不定时检查车况,3003,1494518400
不定时检查车况,熔丝连续熔断,熔丝,3003,1494518400
不定时检查车况,不定时检查车况,熔丝,3003,1494518400
不定时检查车况,不定时检查车况,发动机不能启动,3013,1490630400
不定时检查车况,发动机,发动机不能启动,3013,1490630400
不定时检查车况,发动机不能启动,不定时检查车况,3013,1490630400
不定时检查车况,发动机,不定时检查车况,3013,1490630400
不定时检查车况,发动机不能启动,发动机,3013,1490630400
不定时检查车况,不定时检查车况,发动机,3013,1490630400
不定时检查车况,不定时检查车况,发动机间歇性无法启动,3016,1490371200
不定时检查车况,发动机,发动机间歇性无法启动,3016,1490371200
不定时检查车况,发动机间歇性无法启动,不定时检查车况,3016,1490371200
不定时检查车况,发动机,不定时检查车况,3016,1490371200
不定时检查车况,发动机间歇性无法启动,发动机,3016,1490371200
不定时检查车况,不定时检查车况,发动机,3016,1490371200
不懂保养汽车,不懂保养汽车,启动困难,2638,1483545600
不懂保养汽车,点火开关,启动困难,2638,1483545600
不懂保养汽车,启动困难,不懂保养汽车,2638,1483545600
不懂保养汽车,点火开关,不懂保养汽车,2638,1483545600
不懂保养汽车,启动困难,点火开关,2638,1483545600
不懂保养汽车,不懂保养汽车,点火开关,2638,1483545600
不懂保养汽车,不懂保养汽车,电枢轴脱焊造成起动机空转,2642,1483545600
不懂保养汽车,电枢轴,电枢轴脱焊造成起动机空转,2642,1483545600
不懂保养汽车,电枢轴脱焊造成起动机空转,不懂保养汽车,2642,1483545600
不懂保养汽车,电枢轴,不懂保养汽车,2642,1483545600
不懂保养汽车,电枢轴脱焊造成起动机空转,电枢轴,2642,1483545600
不懂保养汽车,不懂保养汽车,电枢轴,2642,1483545600
不懂保养汽车,不懂保养汽车,"起动困难 ",2666,1486224000
不懂保养汽车,电流表,"起动困难 ",2666,1486224000
不懂保养汽车,"起动困难 ",不懂保养汽车,2666,1486224000
不懂保养汽车,电流表,不懂保养汽车,2666,1486224000
不懂保养汽车,"起动困难 ",电流表,2666,1486224000
不懂保养汽车,不懂保养汽车,电流表,2666,1486224000
不懂保养汽车,不懂保养汽车,行驶无力,2675,1487433600
不懂保养汽车,混合气,行驶无力,2675,1487433600
不懂保养汽车,行驶无力,不懂保养汽车,2675,1487433600
不懂保养汽车,混合气,不懂保养汽车,2675,1487433600
不懂保养汽车,行驶无力,混合气,2675,1487433600
不懂保养汽车,不懂保养汽车,混合气,2675,1487433600
不懂保养汽车,不懂保养汽车,启动困难,2690,1489248000
不懂保养汽车,起动机,启动困难,2690,1489248000
不懂保养汽车,启动困难,不懂保养汽车,2690,1489248000
不懂保养汽车,起动机,不懂保养汽车,2690,1489248000
不懂保养汽车,启动困难,起动机,2690,1489248000
不懂保养汽车,不懂保养汽车,起动机,2690,1489248000
不懂保养汽车,不懂保养汽车,触点烧蚀,2702,1490803200
不懂保养汽车,点火线圈,触点烧蚀,2702,1490803200
不懂保养汽车,触点烧蚀,不懂保养汽车,2702,1490803200
不懂保养汽车,点火线圈,不懂保养汽车,2702,1490803200
不懂保养汽车,触点烧蚀,点火线圈,2702,1490803200
不懂保养汽车,不懂保养汽车,点火线圈,2702,1490803200
不懂保养汽车,不懂保养汽车,容易熄火,2704,1490803200
不懂保养汽车,发动机,容易熄火,2704,1490803200
不懂保养汽车,容易熄火,不懂保养汽车,2704,1490803200
不懂保养汽车,发动机,不懂保养汽车,2704,1490803200
不懂保养汽车,容易熄火,发动机,2704,1490803200
不懂保养汽车,不懂保养汽车,发动机,2704,1490803200
不懂保养汽车,不懂保养汽车,冒黑烟,2732,1493568000
不懂保养汽车,消音器,冒黑烟,2732,1493568000
不懂保养汽车,冒黑烟,不懂保养汽车,2732,1493568000
不懂保养汽车,消音器,不懂保养汽车,2732,1493568000
不懂保养汽车,冒黑烟,消音器,2732,1493568000
不懂保养汽车,不懂保养汽车,消音器,2732,1493568000
不懂保养汽车,不懂保养汽车,启动困难,2738,1493568000
不懂保养汽车,喷油泵,启动困难,2738,1493568000
不懂保养汽车,启动困难,不懂保养汽车,2738,1493568000
不懂保养汽车,喷油泵,不懂保养汽车,2738,1493568000
不懂保养汽车,启动困难,喷油泵,2738,1493568000
不懂保养汽车,不懂保养汽车,喷油泵,2738,1493568000
不懂保养汽车,不懂保养汽车,冒黑烟,2758,1494864000
不懂保养汽车,排气管,冒黑烟,2758,1494864000
不懂保养汽车,冒黑烟,不懂保养汽车,2758,1494864000
不懂保养汽车,排气管,不懂保养汽车,2758,1494864000
不懂保养汽车,冒黑烟,排气管,2758,1494864000
不懂保养汽车,不懂保养汽车,排气管,2758,1494864000
不懂保养汽车,不懂保养汽车,水温高,2767,1488038400
不懂保养汽车,节温器,水温高,2767,1488038400
不懂保养汽车,水温高,不懂保养汽车,2767,1488038400
不懂保养汽车,节温器,不懂保养汽车,2767,1488038400
不懂保养汽车,水温高,节温器,2767,1488038400
不懂保养汽车,不懂保养汽车,节温器,2767,1488038400
不懂保养汽车,不懂保养汽车,启动困难,2773,1492617600
不懂保养汽车,曲轴,启动困难,2773,1492617600
不懂保养汽车,启动困难,不懂保养汽车,2773,1492617600
不懂保养汽车,曲轴,不懂保养汽车,2773,1492617600
不懂保养汽车,启动困难,曲轴,2773,1492617600
不懂保养汽车,不懂保养汽车,曲轴,2773,1492617600
不懂保养汽车,不懂保养汽车,熄火,2777,1494518400
不懂保养汽车,分电器断电臂,熄火,2777,1494518400
不懂保养汽车,熄火,不懂保养汽车,2777,1494518400
不懂保养汽车,分电器断电臂,不懂保养汽车,2777,1494518400
不懂保养汽车,熄火,分电器断电臂,2777,1494518400
不懂保养汽车,不懂保养汽车,分电器断电臂,2777,1494518400
不懂保养汽车,不懂保养汽车,水温高,2780,1494000000
不懂保养汽车,风扇皮带,水温高,2780,1494000000
不懂保养汽车,水温高,不懂保养汽车,2780,1494000000
不懂保养汽车,风扇皮带,不懂保养汽车,2780,1494000000
不懂保养汽车,水温高,风扇皮带,2780,1494000000
不懂保养汽车,不懂保养汽车,风扇皮带,2780,1494000000
不懂保养汽车,不懂保养汽车,启动困难,2788,1484755200
不懂保养汽车,保险丝,启动困难,2788,1484755200
不懂保养汽车,启动困难,不懂保养汽车,2788,1484755200
不懂保养汽车,保险丝,不懂保养汽车,2788,1484755200
不懂保养汽车,启动困难,保险丝,2788,1484755200
不懂保养汽车,不懂保养汽车,保险丝,2788,1484755200
不懂保养汽车,不懂保养汽车,启动困难,2801,1499961600
不懂保养汽车,气缸垫,启动困难,2801,1499961600
不懂保养汽车,启动困难,不懂保养汽车,2801,1499961600
不懂保养汽车,气缸垫,不懂保养汽车,2801,1499961600
不懂保养汽车,启动困难,气缸垫,2801,1499961600
不懂保养汽车,不懂保养汽车,气缸垫,2801,1499961600
不懂保养汽车,不懂保养汽车,空调压缩机跳动,2802,1499961600
不懂保养汽车,压力开关,空调压缩机跳动,2802,1499961600
不懂保养汽车,空调压缩机跳动,不懂保养汽车,2802,1499961600
不懂保养汽车,压力开关,不懂保养汽车,2802,1499961600
不懂保养汽车,空调压缩机跳动,压力开关,2802,1499961600
不懂保养汽车,不懂保养汽车,压力开关,2802,1499961600
不懂保养汽车,不懂保养汽车,空调故障,2805,1483286400
不懂保养汽车,电阻,空调故障,2805,1483286400
不懂保养汽车,空调故障,不懂保养汽车,2805,1483286400
不懂保养汽车,电阻,不懂保养汽车,2805,1483286400
不懂保养汽车,空调故障,电阻,2805,1483286400
不懂保养汽车,不懂保养汽车,电阻,2805,1483286400
不懂保养汽车,不懂保养汽车,启动困难,2812,1500134400
不懂保养汽车,链条,启动困难,2812,1500134400
不懂保养汽车,启动困难,不懂保养汽车,2812,1500134400
不懂保养汽车,链条,不懂保养汽车,2812,1500134400
不懂保养汽车,启动困难,链条,2812,1500134400
不懂保养汽车,不懂保养汽车,链条,2812,1500134400
不懂保养汽车,不懂保养汽车,水温高,2829,1484668800
不懂保养汽车,节温器，冷却系,水温高,2829,1484668800
不懂保养汽车,水温高,不懂保养汽车,2829,1484668800
不懂保养汽车,节温器，冷却系,不懂保养汽车,2829,1484668800
不懂保养汽车,水温高,节温器，冷却系,2829,1484668800
不懂保养汽车,不懂保养汽车,节温器，冷却系,2829,1484668800
不懂保养汽车,不懂保养汽车,怠速不稳,2835,1496678400
不懂保养汽车,排气系统,怠速不稳,2835,1496678400
不懂保养汽车,怠速不稳,不懂保养汽车,2835,1496678400
不懂保养汽车,排气系统,不懂保养汽车,2835,1496678400
不懂保养汽车,怠速不稳,排气系统,2835,1496678400
不懂保养汽车,不懂保养汽车,排气系统,2835,1496678400
不懂保养汽车,不懂保养汽车,发动机故障,2866,1495468800
不懂保养汽车,螺帽,发动机故障,2866,1495468800
不懂保养汽车,发动机故障,不懂保养汽车,2866,1495468800
不懂保养汽车,螺帽,不懂保养汽车,2866,1495468800
不懂保养汽车,发动机故障,螺帽,2866,1495468800
不懂保养汽车,不懂保养汽车,螺帽,2866,1495468800
不懂保养汽车,不懂保养汽车,车体有异响,2913,1488297600
不懂保养汽车,排气管,车体有异响,2913,1488297600
不懂保养汽车,车体有异响,不懂保养汽车,2913,1488297600
不懂保养汽车,排气管,不懂保养汽车,2913,1488297600
不懂保养汽车,车体有异响,排气管,2913,1488297600
不懂保养汽车,不懂保养汽车,排气管,2913,1488297600
不懂保养汽车,不懂保养汽车,刹车失灵,2918,1491148800
不懂保养汽车,刹车线,刹车失灵,2918,1491148800
不懂保养汽车,刹车失灵,不懂保养汽车,2918,1491148800
不懂保养汽车,刹车线,不懂保养汽车,2918,1491148800
不懂保养汽车,刹车失灵,刹车线,2918,1491148800
不懂保养汽车,不懂保养汽车,刹车线,2918,1491148800
不懂保养汽车,不懂保养汽车,起动机运转无力,2928,1491235200
不懂保养汽车,起动机,起动机运转无力,2928,1491235200
不懂保养汽车,起动机运转无力,不懂保养汽车,2928,1491235200
不懂保养汽车,起动机,不懂保养汽车,2928,1491235200
不懂保养汽车,起动机运转无力,起动机,2928,1491235200
不懂保养汽车,不懂保养汽车,起动机,2928,1491235200
不懂保养汽车,不懂保养汽车,消声器爆裂,2937,1486569600
不懂保养汽车,消声器,消声器爆裂,2937,1486569600
不懂保养汽车,消声器爆裂,不懂保养汽车,2937,1486569600
不懂保养汽车,消声器,不懂保养汽车,2937,1486569600
不懂保养汽车,消声器爆裂,消声器,2937,1486569600
不懂保养汽车,不懂保养汽车,消声器,2937,1486569600
不懂保养汽车,不懂保养汽车,单缸电时试验机不能起动探因,2952,1489248000
不懂保养汽车,单缸,单缸电时试验机不能起动探因,2952,1489248000
不懂保养汽车,单缸电时试验机不能起动探因,不懂保养汽车,2952,1489248000
不懂保养汽车,单缸,不懂保养汽车,2952,1489248000
不懂保养汽车,单缸电时试验机不能起动探因,单缸,2952,1489248000
不懂保养汽车,不懂保养汽车,单缸,2952,1489248000
不懂保养汽车,不懂保养汽车,汽车摆头,2965,1499443200
不懂保养汽车,弹簧,汽车摆头,2965,1499443200
不懂保养汽车,汽车摆头,不懂保养汽车,2965,1499443200
不懂保养汽车,弹簧,不懂保养汽车,2965,1499443200
不懂保养汽车,汽车摆头,弹簧,2965,1499443200
不懂保养汽车,不懂保养汽车,弹簧,2965,1499443200
不懂保养汽车,不懂保养汽车,锁止失效,2966,1499529600
不懂保养汽车,锁片,锁止失效,2966,1499529600
不懂保养汽车,锁止失效,不懂保养汽车,2966,1499529600
不懂保养汽车,锁片,不懂保养汽车,2966,1499529600
不懂保养汽车,锁止失效,锁片,2966,1499529600
不懂保养汽车,不懂保养汽车,锁片,2966,1499529600
不懂保养汽车,不懂保养汽车,“哧哧”声,2967,1499616000
不懂保养汽车,气泵一轴承,“哧哧”声,2967,1499616000
不懂保养汽车,“哧哧”声,不懂保养汽车,2967,1499616000
不懂保养汽车,气泵一轴承,不懂保养汽车,2967,1499616000
不懂保养汽车,“哧哧”声,气泵一轴承,2967,1499616000
不懂保养汽车,不懂保养汽车,气泵一轴承,2967,1499616000
不懂保养汽车,不懂保养汽车,起动机转动无力,2981,1494259200
不懂保养汽车,起动机,起动机转动无力,2981,1494259200
不懂保养汽车,起动机转动无力,不懂保养汽车,2981,1494259200
不懂保养汽车,起动机,不懂保养汽车,2981,1494259200
不懂保养汽车,起动机转动无力,起动机,2981,1494259200
不懂保养汽车,不懂保养汽车,起动机,2981,1494259200
不懂保养汽车,不懂保养汽车,活塞环折断,2983,1491321600
不懂保养汽车,活塞环,活塞环折断,2983,1491321600
不懂保养汽车,活塞环折断,不懂保养汽车,2983,1491321600
不懂保养汽车,活塞环,不懂保养汽车,2983,1491321600
不懂保养汽车,活塞环折断,活塞环,2983,1491321600
不懂保养汽车,不懂保养汽车,活塞环,2983,1491321600
不懂保养汽车,不懂保养汽车,制动跑偏故障,2984,1486224000
不懂保养汽车,制动器,制动跑偏故障,2984,1486224000
不懂保养汽车,制动跑偏故障,不懂保养汽车,2984,1486224000
不懂保养汽车,制动器,不懂保养汽车,2984,1486224000
不懂保养汽车,制动跑偏故障,制动器,2984,1486224000
不懂保养汽车,不懂保养汽车,制动器,2984,1486224000
不懂保养汽车,不懂保养汽车,使用制动后不发电,2989,1494172800
不懂保养汽车,发电机,使用制动后不发电,2989,1494172800
不懂保养汽车,使用制动后不发电,不懂保养汽车,2989,1494172800
不懂保养汽车,发电机,不懂保养汽车,2989,1494172800
不懂保养汽车,使用制动后不发电,发电机,2989,1494172800
不懂保养汽车,不懂保养汽车,发电机,2989,1494172800
不懂保养汽车,不懂保养汽车,交流发电机不发电故障,2997,1488297600
不懂保养汽车,交流发电机,交流发电机不发电故障,2997,1488297600
不懂保养汽车,交流发电机不发电故障,不懂保养汽车,2997,1488297600
不懂保养汽车,交流发电机,不懂保养汽车,2997,1488297600
不懂保养汽车,交流发电机不发电故障,交流发电机,2997,1488297600
不懂保养汽车,不懂保养汽车,交流发电机,2997,1488297600
不懂保养汽车,不懂保养汽车,蓄电池突然损坏,3005,1494259200
不懂保养汽车,蓄电池,蓄电池突然损坏,3005,1494259200
不懂保养汽车,蓄电池突然损坏,不懂保养汽车,3005,1494259200
不懂保养汽车,蓄电池,不懂保养汽车,3005,1494259200
不懂保养汽车,蓄电池突然损坏,蓄电池,3005,1494259200
不懂保养汽车,不懂保养汽车,蓄电池,3005,1494259200
不懂保养汽车,不懂保养汽车,中控门锁突然失灵故障,3021,1486224000
不懂保养汽车,中控门锁,中控门锁突然失灵故障,3021,1486224000
不懂保养汽车,中控门锁突然失灵故障,不懂保养汽车,3021,1486224000
不懂保养汽车,中控门锁,不懂保养汽车,3021,1486224000
不懂保养汽车,中控门锁突然失灵故障,中控门锁,3021,1486224000
不懂保养汽车,不懂保养汽车,中控门锁,3021,1486224000
不懂保养汽车,不懂保养汽车,发动机启动困难,3025,1493481600
不懂保养汽车,发动机,发动机启动困难,3025,1493481600
不懂保养汽车,发动机启动困难,不懂保养汽车,3025,1493481600
不懂保养汽车,发动机,不懂保养汽车,3025,1493481600
不懂保养汽车,发动机启动困难,发动机,3025,1493481600
不懂保养汽车,不懂保养汽车,发动机,3025,1493481600
不能启动,修理不当,不能启动,3018,1493481600
不能启动,保险丝,不能启动,3018,1493481600
不能启动,不能启动,修理不当,3018,1493481600
不能启动,保险丝,修理不当,3018,1493481600
不能启动,不能启动,保险丝,3018,1493481600
不能启动,修理不当,保险丝,3018,1493481600
不能起动,修理不当,不能起动,2908,1498060800
不能起动,搭铁线,不能起动,2908,1498060800
不能起动,不能起动,修理不当,2908,1498060800
不能起动,搭铁线,修理不当,2908,1498060800
不能起动,不能起动,搭铁线,2908,1498060800
不能起动,修理不当,搭铁线,2908,1498060800
中控锁故障,操作分心,中控锁故障,2772,1492531200
中控锁故障,电机,中控锁故障,2772,1492531200
中控锁故障,中控锁故障,操作分心,2772,1492531200
中控锁故障,电机,操作分心,2772,1492531200
中控锁故障,中控锁故障,电机,2772,1492531200
中控锁故障,操作分心,电机,2772,1492531200
中控门锁,不懂保养汽车,中控门锁突然失灵故障,3021,1486224000
中控门锁,中控门锁,中控门锁突然失灵故障,3021,1486224000
中控门锁,中控门锁突然失灵故障,不懂保养汽车,3021,1486224000
中控门锁,中控门锁,不懂保养汽车,3021,1486224000
中控门锁,中控门锁突然失灵故障,中控门锁,3021,1486224000
中控门锁,不懂保养汽车,中控门锁,3021,1486224000
中控门锁突然失灵故障,不懂保养汽车,中控门锁突然失灵故障,3021,1486224000
中控门锁突然失灵故障,中控门锁,中控门锁突然失灵故障,3021,1486224000
中控门锁突然失灵故障,中控门锁突然失灵故障,不懂保养汽车,3021,1486224000
中控门锁突然失灵故障,中控门锁,不懂保养汽车,3021,1486224000
中控门锁突然失灵故障,中控门锁突然失灵故障,中控门锁,3021,1486224000
中控门锁突然失灵故障,不懂保养汽车,中控门锁,3021,1486224000
二极管,责任心不强,启动困难,2653,1484236800
二极管,二极管,启动困难,2653,1484236800
二极管,启动困难,责任心不强,2653,1484236800
二极管,二极管,责任心不强,2653,1484236800
二极管,启动困难,二极管,2653,1484236800
二极管,责任心不强,二极管,2653,1484236800
二极管,不定时检查车况,启动困难,2654,1485705600
二极管,二极管,启动困难,2654,1485705600
二极管,启动困难,不定时检查车况,2654,1485705600
二极管,二极管,不定时检查车况,2654,1485705600
二极管,启动困难,二极管,2654,1485705600
二极管,不定时检查车况,二极管,2654,1485705600
二极管,没有阅读说明书,启动困难,2656,1485705600
二极管,二极管,启动困难,2656,1485705600
二极管,启动困难,没有阅读说明书,2656,1485705600
二极管,二极管,没有阅读说明书,2656,1485705600
二极管,启动困难,二极管,2656,1485705600
二极管,没有阅读说明书,二极管,2656,1485705600
二极管接线螺杆,责任心不强,充电指示灯不熄灭,2830,1484668800
二极管接线螺杆,二极管接线螺杆,充电指示灯不熄灭,2830,1484668800
二极管接线螺杆,充电指示灯不熄灭,责任心不强,2830,1484668800
二极管接线螺杆,二极管接线螺杆,责任心不强,2830,1484668800
二极管接线螺杆,充电指示灯不熄灭,二极管接线螺杆,2830,1484668800
二极管接线螺杆,责任心不强,二极管接线螺杆,2830,1484668800
五缸连杆瓦,粗心,发动机异响,2896,1488211200
五缸连杆瓦,五缸连杆瓦,发动机异响,2896,1488211200
五缸连杆瓦,发动机异响,粗心,2896,1488211200
五缸连杆瓦,五缸连杆瓦,粗心,2896,1488211200
五缸连杆瓦,发动机异响,五缸连杆瓦,2896,1488211200
五缸连杆瓦,粗心,五缸连杆瓦,2896,1488211200
交流发电机,不懂保养汽车,交流发电机不发电故障,2997,1488297600
交流发电机,交流发电机,交流发电机不发电故障,2997,1488297600
交流发电机,交流发电机不发电故障,不懂保养汽车,2997,1488297600
交流发电机,交流发电机,不懂保养汽车,2997,1488297600
交流发电机,交流发电机不发电故障,交流发电机,2997,1488297600
交流发电机,不懂保养汽车,交流发电机,2997,1488297600
交流发电机不发电故障,不懂保养汽车,交流发电机不发电故障,2997,1488297600
交流发电机不发电故障,交流发电机,交流发电机不发电故障,2997,1488297600
交流发电机不发电故障,交流发电机不发电故障,不懂保养汽车,2997,1488297600
交流发电机不发电故障,交流发电机,不懂保养汽车,2997,1488297600
交流发电机不发电故障,交流发电机不发电故障,交流发电机,2997,1488297600
交流发电机不发电故障,不懂保养汽车,交流发电机,2997,1488297600
交流发电机充电电流不稳定,知道故障不修理,交流发电机充电电流不稳定,2843,1500307200
交流发电机充电电流不稳定,传动皮带,交流发电机充电电流不稳定,2843,1500307200
交流发电机充电电流不稳定,交流发电机充电电流不稳定,知道故障不修理,2843,1500307200
交流发电机充电电流不稳定,传动皮带,知道故障不修理,2843,1500307200
交流发电机充电电流不稳定,交流发电机充电电流不稳定,传动皮带,2843,1500307200
交流发电机充电电流不稳定,知道故障不修理,传动皮带,2843,1500307200
交流发电机充电电流不稳定,不定时检查车况,交流发电机充电电流不稳定,2844,1502294400
交流发电机充电电流不稳定,传动皮带,交流发电机充电电流不稳定,2844,1502294400
交流发电机充电电流不稳定,交流发电机充电电流不稳定,不定时检查车况,2844,1502294400
交流发电机充电电流不稳定,传动皮带,不定时检查车况,2844,1502294400
交流发电机充电电流不稳定,交流发电机充电电流不稳定,传动皮带,2844,1502294400
交流发电机充电电流不稳定,不定时检查车况,传动皮带,2844,1502294400
交流发电机充电电流不稳定,意外,交流发电机充电电流不稳定,2845,1497974400
交流发电机充电电流不稳定,电刷,交流发电机充电电流不稳定,2845,1497974400
交流发电机充电电流不稳定,交流发电机充电电流不稳定,意外,2845,1497974400
交流发电机充电电流不稳定,电刷,意外,2845,1497974400
交流发电机充电电流不稳定,交流发电机充电电流不稳定,电刷,2845,1497974400
交流发电机充电电流不稳定,意外,电刷,2845,1497974400
交流发电机充电电流不稳定,修理不当,交流发电机充电电流不稳定,2846,1488124800
交流发电机充电电流不稳定,调节器,交流发电机充电电流不稳定,2846,1488124800
交流发电机充电电流不稳定,交流发电机充电电流不稳定,修理不当,2846,1488124800
交流发电机充电电流不稳定,调节器,修理不当,2846,1488124800
交流发电机充电电流不稳定,交流发电机充电电流不稳定,调节器,2846,1488124800
交流发电机充电电流不稳定,修理不当,调节器,2846,1488124800
从动盘,驾驶不当,离合器异响,2840,1497715200
从动盘,从动盘,离合器异响,2840,1497715200
从动盘,离合器异响,驾驶不当,2840,1497715200
从动盘,从动盘,驾驶不当,2840,1497715200
从动盘,离合器异响,从动盘,2840,1497715200
从动盘,驾驶不当,从动盘,2840,1497715200
仪表不显示,没有阅读说明书,仪表不显示,2787,1488038400
仪表不显示,保险丝,仪表不显示,2787,1488038400
仪表不显示,仪表不显示,没有阅读说明书,2787,1488038400
仪表不显示,保险丝,没有阅读说明书,2787,1488038400
仪表不显示,仪表不显示,保险丝,2787,1488038400
仪表不显示,没有阅读说明书,保险丝,2787,1488038400
传动皮带,知道故障不修理,交流发电机充电电流不稳定,2843,1500307200
传动皮带,传动皮带,交流发电机充电电流不稳定,2843,1500307200
传动皮带,交流发电机充电电流不稳定,知道故障不修理,2843,1500307200
传动皮带,传动皮带,知道故障不修理,2843,1500307200
传动皮带,交流发电机充电电流不稳定,传动皮带,2843,1500307200
传动皮带,知道故障不修理,传动皮带,2843,1500307200
传动皮带,不定时检查车况,交流发电机充电电流不稳定,2844,1502294400
传动皮带,传动皮带,交流发电机充电电流不稳定,2844,1502294400
传动皮带,交流发电机充电电流不稳定,不定时检查车况,2844,1502294400
传动皮带,传动皮带,不定时检查车况,2844,1502294400
传动皮带,交流发电机充电电流不稳定,传动皮带,2844,1502294400
传动皮带,不定时检查车况,传动皮带,2844,1502294400
低压管,责任心不强,空调故障,2804,1499961600
低压管,低压管,空调故障,2804,1499961600
低压管,空调故障,责任心不强,2804,1499961600
低压管,低压管,责任心不强,2804,1499961600
低压管,空调故障,低压管,2804,1499961600
低压管,责任心不强,低压管,2804,1499961600
使用制动后不发电,不懂保养汽车,使用制动后不发电,2989,1494172800
使用制动后不发电,发电机,使用制动后不发电,2989,1494172800
使用制动后不发电,使用制动后不发电,不懂保养汽车,2989,1494172800
使用制动后不发电,发电机,不懂保养汽车,2989,1494172800
使用制动后不发电,使用制动后不发电,发电机,2989,1494172800
使用制动后不发电,不懂保养汽车,发电机,2989,1494172800
保险丝,修理不当,车灯不亮,2687,1489248000
保险丝,保险丝,车灯不亮,2687,1489248000
保险丝,车灯不亮,修理不当,2687,1489248000
保险丝,保险丝,修理不当,2687,1489248000
保险丝,车灯不亮,保险丝,2687,1489248000
保险丝,修理不当,保险丝,2687,1489248000
保险丝,没有阅读说明书,仪表不显示,2787,1488038400
保险丝,保险丝,仪表不显示,2787,1488038400
保险丝,仪表不显示,没有阅读说明书,2787,1488038400
保险丝,保险丝,没有阅读说明书,2787,1488038400
保险丝,仪表不显示,保险丝,2787,1488038400
保险丝,没有阅读说明书,保险丝,2787,1488038400
保险丝,不懂保养汽车,启动困难,2788,1484755200
保险丝,保险丝,启动困难,2788,1484755200
保险丝,启动困难,不懂保养汽车,2788,1484755200
保险丝,保险丝,不懂保养汽车,2788,1484755200
保险丝,启动困难,保险丝,2788,1484755200
保险丝,不懂保养汽车,保险丝,2788,1484755200
保险丝,上次修理失当,启动困难,2789,1484496000
保险丝,保险丝,启动困难,2789,1484496000
保险丝,启动困难,上次修理失当,2789,1484496000
保险丝,保险丝,上次修理失当,2789,1484496000
保险丝,启动困难,保险丝,2789,1484496000
保险丝,上次修理失当,保险丝,2789,1484496000
保险丝,修理不当,不能启动,3018,1493481600
保险丝,保险丝,不能启动,3018,1493481600
保险丝,不能启动,修理不当,3018,1493481600
保险丝,保险丝,修理不当,3018,1493481600
保险丝,不能启动,保险丝,3018,1493481600
保险丝,修理不当,保险丝,3018,1493481600
信号线,操作分心,启动困难,2803,1499961600
信号线,信号线,启动困难,2803,1499961600
信号线,启动困难,操作分心,2803,1499961600
信号线,信号线,操作分心,2803,1499961600
信号线,启动困难,信号线,2803,1499961600
信号线,操作分心,信号线,2803,1499961600
修理不当,修理不当,启动困难,2636,1483200000
修理不当,点火开关,启动困难,2636,1483200000
修理不当,启动困难,修理不当,2636,1483200000
修理不当,点火开关,修理不当,2636,1483200000
修理不当,启动困难,点火开关,2636,1483200000
修理不当,修理不当,点火开关,2636,1483200000
修理不当,修理不当,启动困难,2637,1483200000
修理不当,点火开关,启动困难,2637,1483200000
修理不当,启动困难,修理不当,2637,1483200000
修理不当,点火开关,修理不当,2637,1483200000
修理不当,启动困难,点火开关,2637,1483200000
修理不当,修理不当,点火开关,2637,1483200000
修理不当,修理不当,发动机工作不良,2649,1484236800
修理不当,燃爆限制器,发动机工作不良,2649,1484236800
修理不当,发动机工作不良,修理不当,2649,1484236800
修理不当,燃爆限制器,修理不当,2649,1484236800
修理不当,发动机工作不良,燃爆限制器,2649,1484236800
修理不当,修理不当,燃爆限制器,2649,1484236800
修理不当,修理不当,漏油,2660,1485705600
修理不当,轴承,漏油,2660,1485705600
修理不当,漏油,修理不当,2660,1485705600
修理不当,轴承,修理不当,2660,1485705600
修理不当,漏油,轴承,2660,1485705600
修理不当,修理不当,轴承,2660,1485705600
修理不当,修理不当,漏水,2662,1486224000
修理不当,水箱盖,漏水,2662,1486224000
修理不当,漏水,修理不当,2662,1486224000
修理不当,水箱盖,修理不当,2662,1486224000
修理不当,漏水,水箱盖,2662,1486224000
修理不当,修理不当,水箱盖,2662,1486224000
修理不当,修理不当,熄火困难,2683,1487433600
修理不当,发电机,熄火困难,2683,1487433600
修理不当,熄火困难,修理不当,2683,1487433600
修理不当,发电机,修理不当,2683,1487433600
修理不当,熄火困难,发电机,2683,1487433600
修理不当,修理不当,发电机,2683,1487433600
修理不当,修理不当,车灯不亮,2687,1489248000
修理不当,保险丝,车灯不亮,2687,1489248000
修理不当,车灯不亮,修理不当,2687,1489248000
修理不当,保险丝,修理不当,2687,1489248000
修理不当,车灯不亮,保险丝,2687,1489248000
修理不当,修理不当,保险丝,2687,1489248000
修理不当,修理不当,启动困难,2714,1491667200
修理不当,发动机,启动困难,2714,1491667200
修理不当,启动困难,修理不当,2714,1491667200
修理不当,发动机,修理不当,2714,1491667200
修理不当,启动困难,发动机,2714,1491667200
修理不当,修理不当,发动机,2714,1491667200
修理不当,修理不当,启动困难,2721,1492704000
修理不当,发动机,启动困难,2721,1492704000
修理不当,启动困难,修理不当,2721,1492704000
修理不当,发动机,修理不当,2721,1492704000
修理不当,启动困难,发动机,2721,1492704000
修理不当,修理不当,发动机,2721,1492704000
修理不当,修理不当,启动困难,2723,1492704000
修理不当,起动机,启动困难,2723,1492704000
修理不当,启动困难,修理不当,2723,1492704000
修理不当,起动机,修理不当,2723,1492704000
修理不当,启动困难,起动机,2723,1492704000
修理不当,修理不当,起动机,2723,1492704000
修理不当,修理不当,异响,2734,1493568000
修理不当,发动机,异响,2734,1493568000
修理不当,异响,修理不当,2734,1493568000
修理不当,发动机,修理不当,2734,1493568000
修理不当,异响,发动机,2734,1493568000
修理不当,修理不当,发动机,2734,1493568000
修理不当,修理不当,变速困难,2740,1493568000
修理不当,变速器,变速困难,2740,1493568000
修理不当,变速困难,修理不当,2740,1493568000
修理不当,变速器,修理不当,2740,1493568000
修理不当,变速困难,变速器,2740,1493568000
修理不当,修理不当,变速器,2740,1493568000
修理不当,修理不当,启动困难,2742,1493568000
修理不当,电脑模块,启动困难,2742,1493568000
修理不当,启动困难,修理不当,2742,1493568000
修理不当,电脑模块,修理不当,2742,1493568000
修理不当,启动困难,电脑模块,2742,1493568000
修理不当,修理不当,电脑模块,2742,1493568000
修理不当,修理不当,启动困难,2745,1494604800
修理不当,发动机,启动困难,2745,1494604800
修理不当,启动困难,修理不当,2745,1494604800
修理不当,发动机,修理不当,2745,1494604800
修理不当,启动困难,发动机,2745,1494604800
修理不当,修理不当,发动机,2745,1494604800
修理不当,修理不当,冒黑烟,2757,1484064000
修理不当,排气管,冒黑烟,2757,1484064000
修理不当,冒黑烟,修理不当,2757,1484064000
修理不当,排气管,修理不当,2757,1484064000
修理不当,冒黑烟,排气管,2757,1484064000
修理不当,修理不当,排气管,2757,1484064000
修理不当,修理不当,启动困难,2759,1498147200
修理不当,点火开关,启动困难,2759,1498147200
修理不当,启动困难,修理不当,2759,1498147200
修理不当,点火开关,修理不当,2759,1498147200
修理不当,启动困难,点火开关,2759,1498147200
修理不当,修理不当,点火开关,2759,1498147200
修理不当,修理不当,熄火,2761,1500739200
修理不当,点火控制器,熄火,2761,1500739200
修理不当,熄火,修理不当,2761,1500739200
修理不当,点火控制器,修理不当,2761,1500739200
修理不当,熄火,点火控制器,2761,1500739200
修理不当,修理不当,点火控制器,2761,1500739200
修理不当,修理不当,冒黑烟,2763,1483459200
修理不当,氧传感器,冒黑烟,2763,1483459200
修理不当,冒黑烟,修理不当,2763,1483459200
修理不当,氧传感器,修理不当,2763,1483459200
修理不当,冒黑烟,氧传感器,2763,1483459200
修理不当,修理不当,氧传感器,2763,1483459200
修理不当,修理不当,启动困难,2771,1492444800
修理不当,驱动齿轮,启动困难,2771,1492444800
修理不当,启动困难,修理不当,2771,1492444800
修理不当,驱动齿轮,修理不当,2771,1492444800
修理不当,启动困难,驱动齿轮,2771,1492444800
修理不当,修理不当,驱动齿轮,2771,1492444800
修理不当,修理不当,启动困难,2774,1489766400
修理不当,化油器,启动困难,2774,1489766400
修理不当,启动困难,修理不当,2774,1489766400
修理不当,化油器,修理不当,2774,1489766400
修理不当,启动困难,化油器,2774,1489766400
修理不当,修理不当,化油器,2774,1489766400
修理不当,修理不当,怠速不稳,2799,1500220800
修理不当,火花塞,怠速不稳,2799,1500220800
修理不当,怠速不稳,修理不当,2799,1500220800
修理不当,火花塞,修理不当,2799,1500220800
修理不当,怠速不稳,火花塞,2799,1500220800
修理不当,修理不当,火花塞,2799,1500220800
修理不当,修理不当,怠速不稳,2800,1499961600
修理不当,三元催化转换器,怠速不稳,2800,1499961600
修理不当,怠速不稳,修理不当,2800,1499961600
修理不当,三元催化转换器,修理不当,2800,1499961600
修理不当,怠速不稳,三元催化转换器,2800,1499961600
修理不当,修理不当,三元催化转换器,2800,1499961600
修理不当,修理不当,熄火,2811,1495555200
修理不当,曲轴位置传感器，发动机电子控制器ECU插接头,熄火,2811,1495555200
修理不当,熄火,修理不当,2811,1495555200
修理不当,曲轴位置传感器，发动机电子控制器ECU插接头,修理不当,2811,1495555200
修理不当,熄火,曲轴位置传感器，发动机电子控制器ECU插接头,2811,1495555200
修理不当,修理不当,曲轴位置传感器，发动机电子控制器ECU插接头,2811,1495555200
修理不当,修理不当,输油泵故障,2819,1484409600
修理不当,输出泵,输油泵故障,2819,1484409600
修理不当,输油泵故障,修理不当,2819,1484409600
修理不当,输出泵,修理不当,2819,1484409600
修理不当,输油泵故障,输出泵,2819,1484409600
修理不当,修理不当,输出泵,2819,1484409600
修理不当,修理不当,转向沉重,2842,1497715200
修理不当,转向系,转向沉重,2842,1497715200
修理不当,转向沉重,修理不当,2842,1497715200
修理不当,转向系,修理不当,2842,1497715200
修理不当,转向沉重,转向系,2842,1497715200
修理不当,修理不当,转向系,2842,1497715200
修理不当,修理不当,交流发电机充电电流不稳定,2846,1488124800
修理不当,调节器,交流发电机充电电流不稳定,2846,1488124800
修理不当,交流发电机充电电流不稳定,修理不当,2846,1488124800
修理不当,调节器,修理不当,2846,1488124800
修理不当,交流发电机充电电流不稳定,调节器,2846,1488124800
修理不当,修理不当,调节器,2846,1488124800
修理不当,修理不当,发动机故障,2858,1495987200
修理不当,螺栓,发动机故障,2858,1495987200
修理不当,发动机故障,修理不当,2858,1495987200
修理不当,螺栓,修理不当,2858,1495987200
修理不当,发动机故障,螺栓,2858,1495987200
修理不当,修理不当,螺栓,2858,1495987200
修理不当,修理不当,发动机故障,2863,1497715200
修理不当,齿轮,发动机故障,2863,1497715200
修理不当,发动机故障,修理不当,2863,1497715200
修理不当,齿轮,修理不当,2863,1497715200
