selected_tag_name,p_tag_name,p_tag_type,create_time
PCV阀,不定时检查车况,行为,1486396800
PCV阀,PCV阀,器件,1486396800
PCV阀,怠速不稳,故障,1486396800
“哧哧”声,“哧哧”声,故障,1499616000
“哧哧”声,不懂保养汽车,行为,1499616000
“哧哧”声,气泵一轴承,器件,1499616000
万向十字轴,万向十字轴,器件,1483545600
万向十字轴,万向十字轴磨损导致动力不足,故障,1483545600
万向十字轴,万向十字轴,器件,1501516800
万向十字轴,动力不足,故障,1501516800
万向十字轴,驾驶不当,行为,1483545600
万向十字轴,意外,行为,1501516800
万向十字轴磨损导致动力不足,万向十字轴,器件,1483545600
万向十字轴磨损导致动力不足,万向十字轴磨损导致动力不足,故障,1483545600
万向十字轴磨损导致动力不足,驾驶不当,行为,1483545600
三元催化器,没有阅读说明书,行为,1499961600
三元催化器,三元催化器,器件,1499961600
三元催化器,自动变速器不跳四档故障,故障,1499961600
三元催化转换器,修理不当,行为,1499961600
三元催化转换器,三元催化转换器,器件,1499961600
三元催化转换器,怠速不稳,故障,1499961600
上次修理失当,上次修理失当,行为,1484236800
上次修理失当,垫板,器件,1484236800
上次修理失当,上次修理失当,行为,1485705600
上次修理失当,气缸,器件,1485705600
上次修理失当,分缸线,器件,1485705600
上次修理失当,上次修理失当,行为,1486224000
上次修理失当,齿轮,器件,1486224000
上次修理失当,发动机,器件,1486224000
上次修理失当,上次修理失当,行为,1487088000
上次修理失当,发电机,器件,1487088000
上次修理失当,化油器,器件,1487088000
上次修理失当,上次修理失当,行为,1490803200
上次修理失当,发动机,器件,1490803200
上次修理失当,发电机,器件,1490803200
上次修理失当,上次修理失当,行为,1493568000
上次修理失当,发动机,器件,1493568000
上次修理失当,上次修理失当,行为,1494604800
上次修理失当,发动机,器件,1494604800
上次修理失当,动力不足,故障,1494604800
上次修理失当,上次修理失当,行为,1493827200
上次修理失当,启动困难,故障,1493827200
上次修理失当,上次修理失当,行为,1494000000
上次修理失当,凸轮轴承,器件,1494000000
上次修理失当,上次修理失当,行为,1496678400
上次修理失当,水温高,故障,1496678400
上次修理失当,上次修理失当,行为,1484496000
上次修理失当,保险丝,器件,1484496000
上次修理失当,发动机故障,故障,1484496000
上次修理失当,上次修理失当,行为,1492012800
上次修理失当,倒车灯不亮,故障,1492012800
上次修理失当,上次修理失当,行为,1494777600
上次修理失当,灯常亮,故障,1494777600
上次修理失当,上次修理失当,行为,1469808000
上次修理失当,油箱,器件,1469808000
上次修理失当,上次修理失当,行为,1484668800
上次修理失当,喷油器,器件,1484668800
上次修理失当,上次修理失当,行为,1489766400
上次修理失当,启动困难,故障,1489766400
上次修理失当,汽缸垫,器件,1489766400
上次修理失当,上次修理失当,行为,1497974400
上次修理失当,发动机故障,故障,1497974400
上次修理失当,上次修理失当,行为,1485100800
上次修理失当,冷却系统故障,故障,1485100800
上次修理失当,上次修理失当,行为,1496332800
上次修理失当,火线圈，点火开关,器件,1496332800
上次修理失当,上次修理失当,行为,1483718400
上次修理失当,喷油头,器件,1483718400
上次修理失当,上次修理失当,行为,1486483200
上次修理失当,发动机,器件,1486483200
上次修理失当,上次修理失当,行为,1488729600
上次修理失当,制动时熄火,故障,1488729600
上次修理失当,上次修理失当,行为,1490889600
上次修理失当,起动机,器件,1490889600
上次修理失当,上次修理失当,行为,1500739200
上次修理失当,刚大修的发动机严重烧润滑铀,故障,1500739200
上次修理失当,上次修理失当,行为,1486051200
上次修理失当,变速器,器件,1486051200
上次修理失当,上次修理失当,行为,1495900800
上次修理失当,发动不着,故障,1495900800
上次修理失当,发动机,器件,1497974400
上次修理失当,异响,故障,1484236800
上次修理失当,气缸盖碗形塞锈穿,故障,1485705600
上次修理失当,分缸线故障,故障,1485705600
上次修理失当,齿轮损坏,故障,1486224000
上次修理失当,发动机固定螺栓松脱,故障,1486224000
上次修理失当,发电机故障,故障,1487088000
上次修理失当,"起动困难 ",故障,1487088000
上次修理失当,怠速不稳,故障,1490803200
上次修理失当,容易熄火,故障,1490803200
上次修理失当,异响,故障,1493568000
上次修理失当,启动困难,故障,1493568000
上次修理失当,启动困难,故障,1494604800
上次修理失当,进油管,器件,1493827200
上次修理失当,发动机故障,故障,1494000000
上次修理失当,风扇叶片,器件,1496678400
上次修理失当,启动困难,故障,1484496000
上次修理失当,电脑模块,器件,1484496000
上次修理失当,搭铁线,器件,1492012800
上次修理失当,线,器件,1494777600
上次修理失当,熄火,故障,1469808000
上次修理失当,怠速不稳,故障,1484668800
上次修理失当,气缸垫,器件,1489766400
上次修理失当,熄火，发动不着,故障,1489766400
上次修理失当,轴承盖螺栓,器件,1497974400
上次修理失当,引擎,器件,1485100800
上次修理失当,爬坡无力,故障,1496332800
上次修理失当,点火困难,故障,1483718400
上次修理失当,发动机机油压力指示表显示异常,故障,1486483200
上次修理失当,真空阀,器件,1488729600
上次修理失当,起动系疑难故障,故障,1490889600
上次修理失当,发动机,器件,1500739200
上次修理失当,变速器出现齿轮撞击声,故障,1486051200
上次修理失当,发动机,器件,1495900800
上次修理失当,发动机启动困难,故障,1497974400
不定时检查车况,不定时检查车况,行为,1483718400
不定时检查车况,机油尺,器件,1483718400
不定时检查车况,不定时检查车况,行为,1485705600
不定时检查车况,二极管,器件,1485705600
不定时检查车况,不定时检查车况,行为,1487433600
不定时检查车况,大量漏油,故障,1487433600
不定时检查车况,不定时检查车况,行为,1491667200
不定时检查车况,发动机,器件,1491667200
不定时检查车况,换挡困难,故障,1491667200
不定时检查车况,不定时检查车况,行为,1492704000
不定时检查车况,开锅,故障,1492704000
不定时检查车况,发动机,器件,1492704000
不定时检查车况,不定时检查车况,行为,1486224000
不定时检查车况,水温高,故障,1486224000
不定时检查车况,不定时检查车况,行为,1484409600
不定时检查车况,启动困难,故障,1484409600
不定时检查车况,不定时检查车况,行为,1494000000
不定时检查车况,发动机异响,故障,1494000000
不定时检查车况,不定时检查车况,行为,1486396800
不定时检查车况,PCV阀,器件,1486396800
不定时检查车况,不定时检查车况,行为,1489334400
不定时检查车况,怠速不稳,故障,1489334400
不定时检查车况,不定时检查车况,行为,1500134400
不定时检查车况,水泵,器件,1500134400
不定时检查车况,怠速不稳,故障,1484409600
不定时检查车况,不定时检查车况,行为,1484323200
不定时检查车况,正时齿轮,器件,1484323200
不定时检查车况,不定时检查车况,行为,1484668800
不定时检查车况,起动机,器件,1484668800
不定时检查车况,不定时检查车况,行为,1502294400
不定时检查车况,交流发电机充电电流不稳定,故障,1502294400
不定时检查车况,不定时检查车况,行为,1495987200
不定时检查车况,发动机故障,故障,1495987200
不定时检查车况,不定时检查车况,行为,1496419200
不定时检查车况,发动机,器件,1496419200
不定时检查车况,不定时检查车况,行为,1493913600
不定时检查车况,水箱,器件,1493913600
不定时检查车况,不定时检查车况,行为,1491235200
不定时检查车况,冷启动困难,故障,1491235200
不定时检查车况,不定时检查车况,行为,1499270400
不定时检查车况,蓄电池突然损坏,故障,1499270400
不定时检查车况,不定时检查车况,行为,1485273600
不定时检查车况,起动机,器件,1485273600
不定时检查车况,不定时检查车况,行为,1488729600
不定时检查车况,点火线圈,器件,1488729600
不定时检查车况,不定时检查车况,行为,1491321600
不定时检查车况,起动机,器件,1491321600
不定时检查车况,不定时检查车况,行为,1493740800
不定时检查车况,灯泡座,器件,1493740800
不定时检查车况,不定时检查车况,行为,1494518400
不定时检查车况,熔丝,器件,1494518400
不定时检查车况,不定时检查车况,行为,1490630400
不定时检查车况,发动机,器件,1490630400
不定时检查车况,不定时检查车况,行为,1490371200
不定时检查车况,发动机,器件,1490371200
不定时检查车况,机油尺屡次跳出,故障,1483718400
不定时检查车况,启动困难,故障,1485705600
不定时检查车况,机油泵,器件,1487433600
不定时检查车况,行驶无力,故障,1491667200
不定时检查车况,离合器,器件,1491667200
不定时检查车况,散热器,器件,1492704000
不定时检查车况,异响,故障,1492704000
不定时检查车况,组合仪表,器件,1486224000
不定时检查车况,油管,器件,1484409600
不定时检查车况,火花塞,器件,1494000000
不定时检查车况,怠速不稳,故障,1486396800
不定时检查车况,转子轴,器件,1489334400
不定时检查车况,水温高,故障,1500134400
不定时检查车况,通气口,器件,1484409600
不定时检查车况,正时齿轮发响,故障,1484323200
不定时检查车况,起动机损坏,故障,1484668800
不定时检查车况,传动皮带,器件,1502294400
不定时检查车况,连杆轴承，轴颈,器件,1495987200
不定时检查车况,发动机烧机油故障,故障,1496419200
不定时检查车况,发动机机油消耗量过大,故障,1491667200
不定时检查车况,水箱“开锅”,故障,1493913600
不定时检查车况,点火开关,器件,1491235200
不定时检查车况,起动机,器件,1499270400
不定时检查车况,起动机无反应,故障,1485273600
不定时检查车况,点火线圈突然爆炸,故障,1488729600
不定时检查车况,起动机不转动,故障,1491321600
不定时检查车况,灯泡座被污物覆盖,故障,1493740800
不定时检查车况,熔丝连续熔断,故障,1494518400
不定时检查车况,发动机不能启动,故障,1490630400
不定时检查车况,发动机间歇性无法启动,故障,1490371200
不懂保养汽车,不懂保养汽车,行为,1483545600
不懂保养汽车,启动困难,故障,1483545600
不懂保养汽车,电枢轴,器件,1483545600
不懂保养汽车,不懂保养汽车,行为,1486224000
不懂保养汽车,电流表,器件,1486224000
不懂保养汽车,不懂保养汽车,行为,1487433600
不懂保养汽车,混合气,器件,1487433600
不懂保养汽车,不懂保养汽车,行为,1489248000
不懂保养汽车,启动困难,故障,1489248000
不懂保养汽车,不懂保养汽车,行为,1490803200
不懂保养汽车,点火线圈,器件,1490803200
不懂保养汽车,发动机,器件,1490803200
不懂保养汽车,不懂保养汽车,行为,1493568000
不懂保养汽车,冒黑烟,故障,1493568000
不懂保养汽车,启动困难,故障,1493568000
不懂保养汽车,不懂保养汽车,行为,1494864000
不懂保养汽车,冒黑烟,故障,1494864000
不懂保养汽车,不懂保养汽车,行为,1488038400
不懂保养汽车,水温高,故障,1488038400
不懂保养汽车,不懂保养汽车,行为,1492617600
不懂保养汽车,启动困难,故障,1492617600
不懂保养汽车,不懂保养汽车,行为,1494518400
不懂保养汽车,分电器断电臂,器件,1494518400
不懂保养汽车,不懂保养汽车,行为,1494000000
不懂保养汽车,水温高,故障,1494000000
不懂保养汽车,不懂保养汽车,行为,1484755200
不懂保养汽车,保险丝,器件,1484755200
不懂保养汽车,不懂保养汽车,行为,1499961600
不懂保养汽车,启动困难,故障,1499961600
不懂保养汽车,压力开关,器件,1499961600
不懂保养汽车,不懂保养汽车,行为,1483286400
不懂保养汽车,电阻,器件,1483286400
不懂保养汽车,不懂保养汽车,行为,1500134400
不懂保养汽车,启动困难,故障,1500134400
不懂保养汽车,不懂保养汽车,行为,1484668800
不懂保养汽车,水温高,故障,1484668800
不懂保养汽车,不懂保养汽车,行为,1496678400
不懂保养汽车,怠速不稳,故障,1496678400
不懂保养汽车,不懂保养汽车,行为,1495468800
不懂保养汽车,发动机故障,故障,1495468800
不懂保养汽车,不懂保养汽车,行为,1488297600
不懂保养汽车,排气管,器件,1488297600
不懂保养汽车,不懂保养汽车,行为,1491148800
不懂保养汽车,刹车失灵,故障,1491148800
不懂保养汽车,不懂保养汽车,行为,1491235200
不懂保养汽车,起动机,器件,1491235200
不懂保养汽车,不懂保养汽车,行为,1486569600
不懂保养汽车,消声器,器件,1486569600
不懂保养汽车,单缸,器件,1489248000
不懂保养汽车,不懂保养汽车,行为,1499443200
不懂保养汽车,弹簧,器件,1499443200
不懂保养汽车,不懂保养汽车,行为,1499529600
不懂保养汽车,锁止失效,故障,1499529600
不懂保养汽车,“哧哧”声,故障,1499616000
不懂保养汽车,不懂保养汽车,行为,1499616000
不懂保养汽车,不懂保养汽车,行为,1494259200
不懂保养汽车,起动机,器件,1494259200
不懂保养汽车,不懂保养汽车,行为,1491321600
不懂保养汽车,活塞环,器件,1491321600
不懂保养汽车,制动器,器件,1486224000
不懂保养汽车,不懂保养汽车,行为,1494172800
不懂保养汽车,使用制动后不发电,故障,1494172800
不懂保养汽车,交流发电机,器件,1488297600
不懂保养汽车,蓄电池,器件,1494259200
不懂保养汽车,中控门锁,器件,1486224000
不懂保养汽车,不懂保养汽车,行为,1493481600
不懂保养汽车,发动机,器件,1493481600
不懂保养汽车,点火开关,器件,1483545600
不懂保养汽车,电枢轴脱焊造成起动机空转,故障,1483545600
不懂保养汽车,"起动困难 ",故障,1486224000
不懂保养汽车,行驶无力,故障,1487433600
不懂保养汽车,起动机,器件,1489248000
不懂保养汽车,触点烧蚀,故障,1490803200
不懂保养汽车,容易熄火,故障,1490803200
不懂保养汽车,消音器,器件,1493568000
不懂保养汽车,喷油泵,器件,1493568000
不懂保养汽车,排气管,器件,1494864000
不懂保养汽车,节温器,器件,1488038400
不懂保养汽车,曲轴,器件,1492617600
不懂保养汽车,熄火,故障,1494518400
不懂保养汽车,风扇皮带,器件,1494000000
不懂保养汽车,启动困难,故障,1484755200
不懂保养汽车,气缸垫,器件,1499961600
不懂保养汽车,空调压缩机跳动,故障,1499961600
不懂保养汽车,空调故障,故障,1483286400
不懂保养汽车,链条,器件,1500134400
不懂保养汽车,节温器，冷却系,器件,1484668800
不懂保养汽车,排气系统,器件,1496678400
不懂保养汽车,螺帽,器件,1495468800
不懂保养汽车,车体有异响,故障,1488297600
不懂保养汽车,刹车线,器件,1491148800
不懂保养汽车,起动机运转无力,故障,1491235200
不懂保养汽车,消声器爆裂,故障,1486569600
不懂保养汽车,单缸电时试验机不能起动探因,故障,1489248000
不懂保养汽车,汽车摆头,故障,1499443200
不懂保养汽车,锁片,器件,1499529600
不懂保养汽车,气泵一轴承,器件,1499616000
不懂保养汽车,起动机转动无力,故障,1494259200
不懂保养汽车,活塞环折断,故障,1491321600
不懂保养汽车,制动跑偏故障,故障,1486224000
不懂保养汽车,发电机,器件,1494172800
不懂保养汽车,交流发电机不发电故障,故障,1488297600
不懂保养汽车,蓄电池突然损坏,故障,1494259200
不懂保养汽车,中控门锁突然失灵故障,故障,1486224000
不懂保养汽车,发动机启动困难,故障,1493481600
不能启动,不能启动,故障,1493481600
不能启动,保险丝,器件,1493481600
不能启动,修理不当,行为,1493481600
不能起动,不能起动,故障,1498060800
不能起动,修理不当,行为,1498060800
不能起动,搭铁线,器件,1498060800
中控锁故障,中控锁故障,故障,1492531200
中控锁故障,操作分心,行为,1492531200
中控锁故障,电机,器件,1492531200
中控门锁,不懂保养汽车,行为,1486224000
中控门锁,中控门锁,器件,1486224000
中控门锁,中控门锁突然失灵故障,故障,1486224000
中控门锁突然失灵故障,不懂保养汽车,行为,1486224000
中控门锁突然失灵故障,中控门锁,器件,1486224000
中控门锁突然失灵故障,中控门锁突然失灵故障,故障,1486224000
二极管,二极管,器件,1484236800
二极管,启动困难,故障,1484236800
二极管,不定时检查车况,行为,1485705600
二极管,二极管,器件,1485705600
二极管,启动困难,故障,1485705600
二极管,责任心不强,行为,1484236800
二极管,没有阅读说明书,行为,1485705600
二极管接线螺杆,二极管接线螺杆,器件,1484668800
二极管接线螺杆,充电指示灯不熄灭,故障,1484668800
二极管接线螺杆,责任心不强,行为,1484668800
五缸连杆瓦,五缸连杆瓦,器件,1488211200
五缸连杆瓦,发动机异响,故障,1488211200
五缸连杆瓦,粗心,行为,1488211200
交流发电机,不懂保养汽车,行为,1488297600
交流发电机,交流发电机,器件,1488297600
交流发电机,交流发电机不发电故障,故障,1488297600
交流发电机不发电故障,不懂保养汽车,行为,1488297600
交流发电机不发电故障,交流发电机,器件,1488297600
交流发电机不发电故障,交流发电机不发电故障,故障,1488297600
交流发电机充电电流不稳定,交流发电机充电电流不稳定,故障,1500307200
交流发电机充电电流不稳定,传动皮带,器件,1500307200
交流发电机充电电流不稳定,不定时检查车况,行为,1502294400
交流发电机充电电流不稳定,交流发电机充电电流不稳定,故障,1502294400
交流发电机充电电流不稳定,交流发电机充电电流不稳定,故障,1497974400
交流发电机充电电流不稳定,意外,行为,1497974400
交流发电机充电电流不稳定,交流发电机充电电流不稳定,故障,1488124800
交流发电机充电电流不稳定,修理不当,行为,1488124800
交流发电机充电电流不稳定,知道故障不修理,行为,1500307200
交流发电机充电电流不稳定,传动皮带,器件,1502294400
交流发电机充电电流不稳定,电刷,器件,1497974400
交流发电机充电电流不稳定,调节器,器件,1488124800
从动盘,从动盘,器件,1497715200
从动盘,离合器异响,故障,1497715200
从动盘,驾驶不当,行为,1497715200
仪表不显示,仪表不显示,故障,1488038400
仪表不显示,保险丝,器件,1488038400
仪表不显示,没有阅读说明书,行为,1488038400
传动皮带,交流发电机充电电流不稳定,故障,1500307200
传动皮带,传动皮带,器件,1500307200
传动皮带,不定时检查车况,行为,1502294400
传动皮带,交流发电机充电电流不稳定,故障,1502294400
传动皮带,知道故障不修理,行为,1500307200
传动皮带,传动皮带,器件,1502294400
低压管,低压管,器件,1499961600
低压管,空调故障,故障,1499961600
低压管,责任心不强,行为,1499961600
使用制动后不发电,不懂保养汽车,行为,1494172800
使用制动后不发电,使用制动后不发电,故障,1494172800
使用制动后不发电,发电机,器件,1494172800
保险丝,修理不当,行为,1489248000
保险丝,保险丝,器件,1489248000
保险丝,仪表不显示,故障,1488038400
保险丝,保险丝,器件,1488038400
保险丝,不懂保养汽车,行为,1484755200
保险丝,保险丝,器件,1484755200
保险丝,上次修理失当,行为,1484496000
保险丝,保险丝,器件,1484496000
保险丝,不能启动,故障,1493481600
保险丝,保险丝,器件,1493481600
保险丝,车灯不亮,故障,1489248000
保险丝,没有阅读说明书,行为,1488038400
保险丝,启动困难,故障,1484755200
保险丝,启动困难,故障,1484496000
保险丝,修理不当,行为,1493481600
信号线,信号线,器件,1499961600
信号线,启动困难,故障,1499961600
信号线,操作分心,行为,1499961600
修理不当,修理不当,行为,1483200000
修理不当,启动困难,故障,1483200000
修理不当,修理不当,行为,1484236800
修理不当,发动机工作不良,故障,1484236800
修理不当,修理不当,行为,1485705600
修理不当,漏油,故障,1485705600
修理不当,修理不当,行为,1486224000
修理不当,水箱盖,器件,1486224000
修理不当,修理不当,行为,1487433600
修理不当,发电机,器件,1487433600
修理不当,修理不当,行为,1489248000
修理不当,保险丝,器件,1489248000
修理不当,修理不当,行为,1491667200
修理不当,发动机,器件,1491667200
修理不当,修理不当,行为,1492704000
修理不当,发动机,器件,1492704000
修理不当,启动困难,故障,1492704000
修理不当,修理不当,行为,1493568000
修理不当,发动机,器件,1493568000
修理不当,变速器,器件,1493568000
修理不当,启动困难,故障,1493568000
修理不当,修理不当,行为,1494604800
修理不当,发动机,器件,1494604800
修理不当,修理不当,行为,1484064000
修理不当,冒黑烟,故障,1484064000
修理不当,修理不当,行为,1498147200
修理不当,启动困难,故障,1498147200
修理不当,修理不当,行为,1500739200
修理不当,点火控制器,器件,1500739200
修理不当,修理不当,行为,1483459200
修理不当,冒黑烟,故障,1483459200
修理不当,修理不当,行为,1492444800
修理不当,启动困难,故障,1492444800
修理不当,修理不当,行为,1489766400
修理不当,化油器,器件,1489766400
修理不当,修理不当,行为,1500220800
修理不当,怠速不稳,故障,1500220800
修理不当,修理不当,行为,1499961600
修理不当,三元催化转换器,器件,1499961600
修理不当,修理不当,行为,1495555200
修理不当,曲轴位置传感器，发动机电子控制器ECU插接头,器件,1495555200
修理不当,修理不当,行为,1484409600
修理不当,输出泵,器件,1484409600
修理不当,修理不当,行为,1497715200
修理不当,转向沉重,故障,1497715200
修理不当,交流发电机充电电流不稳定,故障,1488124800
修理不当,修理不当,行为,1488124800
修理不当,修理不当,行为,1495987200
修理不当,发动机故障,故障,1495987200
修理不当,发动机故障,故障,1497715200
修理不当,修理不当,行为,1495123200
修理不当,发电机故障,故障,1495123200
修理不当,离合器,器件,1486224000
修理不当,修理不当,行为,1494518400
修理不当,离合器,器件,1494518400
修理不当,修理不当,行为,1488470400
修理不当,电路故障,故障,1488470400
修理不当,不能起动,故障,1498060800
修理不当,修理不当,行为,1498060800
修理不当,修理不当,行为,1494345600
修理不当,油表,器件,1494345600
修理不当,修理不当,行为,1498924800
修理不当,车内,器件,1498924800
修理不当,修理不当,行为,1494172800
修理不当,进排气歧管衬垫,器件,1494172800
修理不当,修理不当,行为,1499011200
修理不当,刹车失灵,故障,1499011200
修理不当,修理不当,行为,1496851200
修理不当,排除气阻故障,故障,1496851200
修理不当,修理不当,行为,1493395200
修理不当,空调,器件,1493395200
修理不当,不能启动,故障,1493481600
修理不当,保险丝,器件,1493481600
修理不当,修理不当,行为,1484928000
修理不当,点火控制器,器件,1484928000
修理不当,修理不当,行为,1493481600
修理不当,气门,器件,1493481600
修理不当,点火开关,器件,1483200000
修理不当,燃爆限制器,器件,1484236800
修理不当,轴承,器件,1485705600
修理不当,漏水,故障,1486224000
修理不当,熄火困难,故障,1487433600
修理不当,车灯不亮,故障,1489248000
修理不当,启动困难,故障,1491667200
修理不当,起动机,器件,1492704000
修理不当,异响,故障,1493568000
修理不当,变速困难,故障,1493568000
修理不当,电脑模块,器件,1493568000
修理不当,启动困难,故障,1494604800
修理不当,排气管,器件,1484064000
修理不当,点火开关,器件,1498147200
修理不当,熄火,故障,1500739200
修理不当,氧传感器,器件,1483459200
修理不当,驱动齿轮,器件,1492444800
修理不当,启动困难,故障,1489766400
修理不当,火花塞,器件,1500220800
修理不当,怠速不稳,故障,1499961600
修理不当,熄火,故障,1495555200
修理不当,输油泵故障,故障,1484409600
修理不当,转向系,器件,1497715200
修理不当,调节器,器件,1488124800
修理不当,螺栓,器件,1495987200
修理不当,齿轮,器件,1497715200
修理不当,熄火难,故障,1495123200
修理不当,离合器故障,故障,1486224000
修理不当,离合器异响,故障,1494518400
修理不当,绝缘垫,器件,1488470400
修理不当,搭铁线,器件,1498060800
修理不当,油表指针下降得很慢,故障,1494345600
修理不当,车间异味,故障,1498924800
修理不当,汽油消耗量过大,故障,1493568000
修理不当,进排气歧管衬垫烧穿,故障,1494172800
修理不当,刹车线,器件,1499011200
修理不当,柴油机,器件,1496851200
修理不当,空调故障,故障,1493395200
修理不当,突然熄火后不能启动,故障,1484928000
修理不当,气门脚响,故障,1493481600
倒车灯不亮,上次修理失当,行为,1492012800
倒车灯不亮,倒车灯不亮,故障,1492012800
倒车灯不亮,搭铁线,器件,1492012800
储油罐,储油罐,器件,1490803200
储油罐,换挡困难,故障,1490803200
储油罐,驾驶不当,行为,1490803200
充电指示灯,充电指示灯,器件,1485964800
充电指示灯,充电指示灯不灭,故障,1485964800
充电指示灯,充电指示灯,器件,1491408000
充电指示灯,充电指示灯不灭,故障,1491408000
充电指示灯,驾驶不当,行为,1485964800
充电指示灯,驾驶不当,行为,1491408000
充电指示灯不灭,充电指示灯,器件,1485964800
充电指示灯不灭,充电指示灯不灭,故障,1485964800
充电指示灯不灭,充电指示灯,器件,1491408000
充电指示灯不灭,充电指示灯不灭,故障,1491408000
充电指示灯不灭,驾驶不当,行为,1485964800
充电指示灯不灭,驾驶不当,行为,1491408000
充电指示灯不熄灭,充电指示灯不熄灭,故障,1485100800
充电指示灯不熄灭,操作分心,行为,1485100800
充电指示灯不熄灭,二极管接线螺杆,器件,1484668800
充电指示灯不熄灭,充电指示灯不熄灭,故障,1484668800
充电指示灯不熄灭,激磁二极管,器件,1485100800
充电指示灯不熄灭,责任心不强,行为,1484668800
冒黑烟,冒黑烟,故障,1487088000
冒黑烟,操作分心,行为,1487088000
冒黑烟,冒黑烟,故障,1493568000
冒黑烟,没有阅读说明书,行为,1493568000
冒黑烟,不懂保养汽车,行为,1493568000
冒黑烟,发动机,器件,1493568000
冒黑烟,修理不当,行为,1484064000
冒黑烟,冒黑烟,故障,1484064000
冒黑烟,不懂保养汽车,行为,1494864000
冒黑烟,冒黑烟,故障,1494864000
冒黑烟,冒黑烟,故障,1493308800
冒黑烟,操作分心,行为,1493308800
冒黑烟,修理不当,行为,1483459200
冒黑烟,冒黑烟,故障,1483459200
冒黑烟,火花塞,器件,1487088000
冒黑烟,消音器,器件,1493568000
冒黑烟,排气管,器件,1484064000
冒黑烟,排气管,器件,1494864000
冒黑烟,氧传感器,器件,1493308800
冒黑烟,氧传感器,器件,1483459200
冒黑烟，动力不足,冒黑烟，动力不足,故障,1495296000
冒黑烟，动力不足,发动机,器件,1495296000
冒黑烟，动力不足,责任心不强,行为,1495296000
冷却系统,冷却系统,器件,1488470400
冷却系统,过热现象,故障,1488470400
冷却系统,冷却系统,器件,1490803200
冷却系统,加速时有节奏的异响,故障,1490803200
冷却系统,驾驶不当,行为,1488470400
冷却系统,没有阅读说明书,行为,1490803200
冷却系统故障,上次修理失当,行为,1485100800
冷却系统故障,冷却系统故障,故障,1485100800
冷却系统故障,引擎,器件,1485100800
冷启动困难,冷启动困难,故障,1485878400
冷启动困难,点火开关,器件,1485878400
冷启动困难,冷启动困难,故障,1498838400
冷启动困难,意外,行为,1498838400
冷启动困难,不定时检查车况,行为,1491235200
冷启动困难,冷启动困难,故障,1491235200
冷启动困难,知道故障不修理,行为,1485878400
冷启动困难,点火开关,器件,1498838400
冷启动困难,点火开关,器件,1491235200
凸轮轴,凸轮轴,器件,1500393600
凸轮轴,发动机回火,故障,1500393600
凸轮轴,凸轮轴,器件,1495728000
凸轮轴,发动机故障,故障,1495728000
凸轮轴,知道故障不修理,行为,1500393600
凸轮轴,责任心不强,行为,1495728000
凸轮轴承,上次修理失当,行为,1494000000
凸轮轴承,凸轮轴承,器件,1494000000
凸轮轴承,发动机故障,故障,1494000000
凸轮轴轴,凸轮轴轴,器件,1495728000
凸轮轴轴,凸轮轴轴承响,故障,1495728000
凸轮轴轴,粗心,行为,1495728000
凸轮轴轴承响,凸轮轴轴,器件,1495728000
凸轮轴轴承响,凸轮轴轴承响,故障,1495728000
凸轮轴轴承响,粗心,行为,1495728000
分电器,分电器,器件,1484409600
分电器,怠速不稳,故障,1484409600
分电器,责任心不强,行为,1484409600
分电器断电臂,不懂保养汽车,行为,1494518400
分电器断电臂,分电器断电臂,器件,1494518400
分电器断电臂,熄火,故障,1494518400
分电器盖,分电器盖,器件,1483545600
分电器盖,分电器盖窜气故障,故障,1483545600
分电器盖,分电器盖,器件,1493049600
分电器盖,分电器盖窜电,故障,1493049600
分电器盖,没有阅读说明书,行为,1483545600
分电器盖,责任心不强,行为,1493049600
分电器盖窜气故障,分电器盖,器件,1483545600
分电器盖窜气故障,分电器盖窜气故障,故障,1483545600
分电器盖窜气故障,没有阅读说明书,行为,1483545600
分电器盖窜电,分电器盖,器件,1493049600
分电器盖窜电,分电器盖窜电,故障,1493049600
分电器盖窜电,责任心不强,行为,1493049600
分离轴,分离轴,器件,1488729600
分离轴,分离轴承烧蚀引发的故障,故障,1488729600
分离轴,粗心,行为,1488729600
分离轴承,没有阅读说明书,行为,1503072000
分离轴承,分离轴承,器件,1503072000
分离轴承,离合器异响,故障,1503072000
分离轴承烧蚀引发的故障,分离轴,器件,1488729600
分离轴承烧蚀引发的故障,分离轴承烧蚀引发的故障,故障,1488729600
分离轴承烧蚀引发的故障,粗心,行为,1488729600
分缸线,上次修理失当,行为,1485705600
分缸线,分缸线,器件,1485705600
分缸线,分缸线故障,故障,1485705600
分缸线故障,上次修理失当,行为,1485705600
分缸线故障,分缸线,器件,1485705600
分缸线故障,分缸线故障,故障,1485705600
刚大修的发动机严重烧润滑铀,上次修理失当,行为,1500739200
刚大修的发动机严重烧润滑铀,刚大修的发动机严重烧润滑铀,故障,1500739200
刚大修的发动机严重烧润滑铀,发动机,器件,1500739200
制动不灵敏,制动不灵敏,故障,1498406400
制动不灵敏,制动液,器件,1498406400
制动不灵敏,操作分心,行为,1498406400
制动器,制动器,器件,1491667200
制动器,启动困难,故障,1491667200
制动器,不懂保养汽车,行为,1486224000
制动器,制动器,器件,1486224000
制动器,没有阅读说明书,行为,1491667200
制动器,制动跑偏故障,故障,1486224000
制动时熄火,上次修理失当,行为,1488729600
制动时熄火,制动时熄火,故障,1488729600
制动时熄火,真空阀,器件,1488729600
制动毂，蹄片,制动毂，蹄片,器件,1484409600
制动毂，蹄片,制动液温度过高，刹车失灵,故障,1484409600
制动毂，蹄片,意外,行为,1484409600
制动气压不足,制动气压不足,故障,1483545600
制动气压不足,发动机,器件,1483545600
制动气压不足,驾驶不当,行为,1483545600
制动液,制动不灵敏,故障,1498406400
制动液,制动液,器件,1498406400
制动液,操作分心,行为,1498406400
制动液温度过高，刹车失灵,制动毂，蹄片,器件,1484409600
制动液温度过高，刹车失灵,制动液温度过高，刹车失灵,故障,1484409600
制动液温度过高，刹车失灵,意外,行为,1484409600
制动跑偏,制动跑偏,故障,1489852800
制动跑偏,责任心不强,行为,1489852800
制动跑偏,制动跑偏,故障,1489766400
制动跑偏,意外,行为,1489766400
制动跑偏,钢板弹簧栓,器件,1489852800
制动跑偏,钢板弹簧U型固定螺栓,器件,1489766400
制动跑偏故障,不懂保养汽车,行为,1486224000
制动跑偏故障,制动器,器件,1486224000
制动跑偏故障,制动跑偏故障,故障,1486224000
制动踏板,意外,行为,1496851200
制动踏板,制动踏板,器件,1496851200
制动踏板,踩制动踏板时大灯亮,故障,1496851200
制动阀,制动阀,器件,1491667200
制动阀,行驶无力,故障,1491667200
制动阀,制动阀,器件,1499356800
制动阀,制动阀漏气故障,故障,1499356800
制动阀,制动阀,器件,1493740800
制动阀,制动阀漏气故障,故障,1493740800
制动阀,责任心不强,行为,1491667200
制动阀,驾驶不当,行为,1499356800
制动阀,没有阅读说明书,行为,1493740800
制动阀漏气故障,制动阀,器件,1499356800
制动阀漏气故障,制动阀漏气故障,故障,1499356800
制动阀漏气故障,制动阀,器件,1493740800
制动阀漏气故障,制动阀漏气故障,故障,1493740800
制动阀漏气故障,驾驶不当,行为,1499356800
制动阀漏气故障,没有阅读说明书,行为,1493740800
刹车失灵,不懂保养汽车,行为,1491148800
刹车失灵,刹车失灵,故障,1491148800
刹车失灵,修理不当,行为,1499011200
刹车失灵,刹车失灵,故障,1499011200
刹车失灵,刹车线,器件,1491148800
刹车失灵,刹车线,器件,1499011200
刹车线,不懂保养汽车,行为,1491148800
刹车线,刹车失灵,故障,1491148800
刹车线,修理不当,行为,1499011200
刹车线,刹车失灵,故障,1499011200
刹车线,刹车线,器件,1491148800
刹车线,刹车线,器件,1499011200
加速时有节奏的异响,冷却系统,器件,1490803200
加速时有节奏的异响,加速时有节奏的异响,故障,1490803200
加速时有节奏的异响,没有阅读说明书,行为,1490803200
加速时机油压力指示灯会点亮,加速时机油压力指示灯会点亮,故障,1494000000
加速时机油压力指示灯会点亮,机油压力指示灯,器件,1494000000
加速时机油压力指示灯会点亮,知道故障不修理,行为,1494000000
动力不足,动力不足,故障,1493568000
动力不足,发动机,器件,1493568000
动力不足,动力不足,故障,1494604800
动力不足,操作分心,行为,1494604800
动力不足,上次修理失当,行为,1494604800
动力不足,发动机,器件,1494604800
动力不足,万向十字轴,器件,1501516800
动力不足,动力不足,故障,1501516800
动力不足,知道故障不修理,行为,1493568000
动力不足,转换器,器件,1494604800
动力不足,没有阅读说明书,行为,1494604800
动力不足,意外,行为,1501516800
化油器,上次修理失当,行为,1487088000
化油器,化油器,器件,1487088000
化油器,修理不当,行为,1489766400
化油器,化油器,器件,1489766400
化油器,化油器,器件,1488470400
化油器,化油器保养不当,故障,1488470400
化油器,化油器,器件,1500048000
化油器,化油器故障,故障,1500048000
化油器,化油器,器件,1496678400
化油器,化油器严重回火故障,故障,1496678400
化油器,"起动困难 ",故障,1487088000
化油器,启动困难,故障,1489766400
化油器,知道故障不修理,行为,1488470400
化油器,粗心,行为,1500048000
化油器,意外,行为,1496678400
化油器严重回火故障,化油器,器件,1496678400
化油器严重回火故障,化油器严重回火故障,故障,1496678400
化油器严重回火故障,意外,行为,1496678400
化油器保养不当,化油器,器件,1488470400
化油器保养不当,化油器保养不当,故障,1488470400
化油器保养不当,知道故障不修理,行为,1488470400
化油器异响,化油器异响,故障,1496505600
化油器异响,没有阅读说明书,行为,1496505600
化油器异响,螺母,器件,1496505600
化油器故障,化油器,器件,1500048000
化油器故障,化油器故障,故障,1500048000
化油器故障,粗心,行为,1500048000
单向阀弹簧,知道故障不修理,行为,1488470400
单向阀弹簧,单向阀弹簧,器件,1488470400
单向阀弹簧,"起动困难 ",故障,1488470400
单缸,不懂保养汽车,行为,1489248000
单缸,单缸,器件,1489248000
单缸,单缸电时试验机不能起动探因,故障,1489248000
单缸电时试验机不能起动探因,不懂保养汽车,行为,1489248000
单缸电时试验机不能起动探因,单缸,器件,1489248000
单缸电时试验机不能起动探因,单缸电时试验机不能起动探因,故障,1489248000
压力开关,不懂保养汽车,行为,1499961600
压力开关,压力开关,器件,1499961600
压力开关,空调压缩机跳动,故障,1499961600
发动不着,上次修理失当,行为,1495900800
发动不着,发动不着,故障,1495900800
发动不着,发动机,器件,1495900800
发动机,发动机,器件,1483718400
发动机,开锅故障,故障,1483718400
发动机,发动机,器件,1485705600
发动机,汽油泵故障,故障,1485705600
发动机,上次修理失当,行为,1486224000
发动机,发动机,器件,1486224000
发动机,发动机,器件,1487433600
发动机,启动困难,故障,1487433600
发动机,发动机,器件,1489248000
发动机,开锅,故障,1489248000
发动机,启动困难,故障,1489248000
发动机,上次修理失当,行为,1490803200
发动机,发动机,器件,1490803200
发动机,不懂保养汽车,行为,1490803200
发动机,不定时检查车况,行为,1491667200
发动机,发动机,器件,1491667200
发动机,操作分心,行为,1491667200
发动机,修理不当,行为,1491667200
发动机,发动机,器件,1492704000
发动机,启动困难,故障,1492704000
发动机,耗油过大,故障,1492704000
发动机,修理不当,行为,1492704000
发动机,容易熄火,故障,1492704000
发动机,不定时检查车况,行为,1492704000
发动机,发动机,器件,1493568000
发动机,异响,故障,1493568000
发动机,怠速不稳,故障,1493568000
发动机,修理不当,行为,1493568000
发动机,上次修理失当,行为,1493568000
发动机,行驶无力,故障,1493568000
发动机,动力不足,故障,1493568000
发动机,冒黑烟,故障,1493568000
发动机,开锅故障,故障,1493568000
发动机,上次修理失当,行为,1494604800
发动机,发动机,器件,1494604800
发动机,修理不当,行为,1494604800
发动机,动力不足,故障,1494604800
发动机,知道故障不修理,行为,1494604800
发动机,意外,行为,1494604800
发动机,行驶无力,故障,1494604800
发动机,意外,行为,1485964800
发动机,发动机,器件,1485964800
发动机,发动机,器件,1496505600
发动机,发动机噪声大,故障,1496505600
发动机,操作分心,行为,1484496000
发动机,发动机,器件,1484496000
发动机,发动机,器件,1489766400
发动机,发动机噪声大,故障,1489766400
发动机,冒黑烟，动力不足,故障,1495296000
发动机,发动机,器件,1495296000
发动机,"起动困难 ",故障,1496505600
发动机,上次修理失当,行为,1486483200
发动机,发动机,器件,1486483200
发动机,发动机,器件,1488470400
发动机,发动机机油消耗量过大,故障,1488470400
发动机,发动机,器件,1496678400
发动机,发动机异响,故障,1496678400
发动机,发动机,器件,1496851200
发动机,发动机异响,故障,1496851200
发动机,发动机,器件,1488211200
发动机,发动机不能起动,故障,1488211200
发动机,发动机,器件,1497888000
发动机,发动机工作不正常,故障,1497888000
发动机,不定时检查车况,行为,1496419200
发动机,发动机,器件,1496419200
发动机,发动机,器件,1490457600
发动机,发动机动力下降,故障,1490457600
发动机,制动气压不足,故障,1483545600
发动机,发动机,器件,1483545600
发动机,发动机,器件,1488988800
发动机,发动机异响,故障,1488988800
发动机,发动机,器件,1493049600
发动机,汽油消耗量过大,故障,1493049600
发动机,发动机,器件,1497715200
发动机,怠速不稳且不易起动,故障,1497715200
发动机,粗心,行为,1497542400
发动机,发动机,器件,1497542400
发动机,发动机,器件,1498406400
发动机,发动机工作不良,故障,1498406400
发动机,发动机,器件,1483200000
发动机,"发动机低速时的""吱吱""声",故障,1483200000
发动机,发动机,器件,1494172800
发动机,发动机更换气缸后无法起动,故障,1494172800
发动机,上次修理失当,行为,1500739200
发动机,刚大修的发动机严重烧润滑铀,故障,1500739200
发动机,发动机,器件,1493740800
发动机,急加速不良,故障,1493740800
发动机,知道故障不修理,行为,1493740800
发动机,发动机,器件,1501516800
发动机,发动机连续“抱轴”,故障,1501516800
发动机,发动机,器件,1499270400
发动机,发动机无法启动,故障,1499270400
发动机,不定时检查车况,行为,1490630400
发动机,发动机,器件,1490630400
发动机,上次修理失当,行为,1495900800
发动机,发动不着,故障,1495900800
发动机,发动机,器件,1492876800
发动机,发动机无法启动,故障,1492876800
发动机,不定时检查车况,行为,1490371200
发动机,发动机,器件,1490371200
发动机,发动机,器件,1498320000
发动机,怠速不稳,故障,1498320000
发动机,上次修理失当,行为,1497974400
发动机,发动机,器件,1497974400
发动机,操作分心,行为,1496160000
发动机,发动机,器件,1496160000
发动机,不懂保养汽车,行为,1493481600
发动机,发动机,器件,1493481600
发动机,责任心不强,行为,1483718400
发动机,驾驶不当,行为,1485705600
发动机,发动机固定螺栓松脱,故障,1486224000
发动机,意外,行为,1487433600
发动机,操作分心,行为,1489248000
发动机,知道故障不修理,行为,1489248000
发动机,怠速不稳,故障,1490803200
发动机,容易熄火,故障,1490803200
发动机,行驶无力,故障,1491667200
发动机,启动困难,故障,1491667200
发动机,意外,行为,1492704000
发动机,责任心不强,行为,1492704000
发动机,没有阅读说明书,行为,1492704000
发动机,异响,故障,1492704000
发动机,操作分心,行为,1493568000
发动机,责任心不强,行为,1493568000
发动机,知道故障不修理,行为,1493568000
发动机,没有阅读说明书,行为,1493568000
发动机,意外,行为,1493568000
发动机,启动困难,故障,1493568000
发动机,启动困难,故障,1494604800
发动机,没有阅读说明书,行为,1494604800
发动机,操作分心,行为,1494604800
发动机,责任心不强,行为,1494604800
发动机,熄火,故障,1485964800
发动机,没有阅读说明书,行为,1496505600
发动机,故障灯闪烁,故障,1484496000
发动机,意外,行为,1489766400
发动机,责任心不强,行为,1495296000
发动机,驾驶不当,行为,1496505600
发动机,发动机机油压力指示表显示异常,故障,1486483200
发动机,驾驶不当,行为,1488470400
发动机,汽油消耗量过大,故障,1493568000
发动机,知道故障不修理,行为,1496678400
发动机,粗心,行为,1496851200
发动机,意外,行为,1488211200
发动机,粗心,行为,1497888000
发动机,驾驶不当,行为,1496678400
发动机,发动机烧机油故障,故障,1496419200
发动机,意外,行为,1490457600
发动机,驾驶不当,行为,1483545600
发动机,发动机机油消耗量过大,故障,1491667200
发动机,知道故障不修理,行为,1488988800
发动机,驾驶不当,行为,1493049600
发动机,责任心不强,行为,1497715200
发动机,配气相位严重错乱,故障,1497542400
发动机,意外,行为,1498406400
发动机,没有阅读说明书,行为,1483200000
发动机,意外,行为,1494172800
发动机,发动机,器件,1500739200
发动机,粗心,行为,1493740800
发动机,高温易熄火,故障,1493740800
发动机,没有阅读说明书,行为,1501516800
发动机,粗心,行为,1499270400
发动机,发动机不能启动,故障,1490630400
发动机,发动机,器件,1495900800
发动机,粗心,行为,1492876800
发动机,发动机间歇性无法启动,故障,1490371200
发动机,粗心,行为,1498320000
发动机,发动机启动困难,故障,1497974400
发动机,无法启动,故障,1496160000
发动机,发动机启动困难,故障,1493481600
发动机不能启动,不定时检查车况,行为,1490630400
发动机不能启动,发动机,器件,1490630400
发动机不能启动,发动机不能启动,故障,1490630400
发动机不能起动,发动机,器件,1488211200
发动机不能起动,发动机不能起动,故障,1488211200
发动机不能起动,意外,行为,1488211200
"发动机低速时的""吱吱""声",发动机,器件,1483200000
"发动机低速时的""吱吱""声","发动机低速时的""吱吱""声",故障,1483200000
"发动机低速时的""吱吱""声",没有阅读说明书,行为,1483200000
发动机动力下降,发动机,器件,1490457600
发动机动力下降,发动机动力下降,故障,1490457600
发动机动力下降,意外,行为,1490457600
发动机动力不足,发动机动力不足,故障,1503072000
发动机动力不足,操作分心,行为,1503072000
发动机动力不足,喷油器,器件,1503072000
发动机动力不足,发动机动力不足,故障,1492444800
发动机动力不足,水温传感器,器件,1492444800
发动机动力不足,空气流量计,器件,1492444800
发动机动力不足,节气门,器件,1503072000
发动机动力不足,意外,行为,1503072000
发动机动力不足,没有阅读说明书,行为,1492444800
发动机动力不足,粗心,行为,1492444800
发动机启动困难,上次修理失当,行为,1497974400
发动机启动困难,发动机,器件,1497974400
发动机启动困难,不懂保养汽车,行为,1493481600
发动机启动困难,发动机,器件,1493481600
发动机启动困难,发动机启动困难,故障,1497974400
发动机启动困难,发动机启动困难,故障,1493481600
发动机噪声大,发动机,器件,1496505600
发动机噪声大,发动机噪声大,故障,1496505600
发动机噪声大,发动机,器件,1489766400
发动机噪声大,发动机噪声大,故障,1489766400
发动机噪声大,没有阅读说明书,行为,1496505600
发动机噪声大,意外,行为,1489766400
发动机回火,凸轮轴,器件,1500393600
发动机回火,发动机回火,故障,1500393600
发动机回火,知道故障不修理,行为,1500393600
发动机固定螺栓松脱,上次修理失当,行为,1486224000
发动机固定螺栓松脱,发动机,器件,1486224000
发动机固定螺栓松脱,发动机固定螺栓松脱,故障,1486224000
发动机工作不正常,发动机,器件,1497888000
发动机工作不正常,发动机工作不正常,故障,1497888000
发动机工作不正常,粗心,行为,1497888000
发动机工作不良,修理不当,行为,1484236800
发动机工作不良,发动机工作不良,故障,1484236800
发动机工作不良,发动机,器件,1498406400
发动机工作不良,发动机工作不良,故障,1498406400
发动机工作不良,燃爆限制器,器件,1484236800
发动机工作不良,意外,行为,1498406400
发动机异响,不定时检查车况,行为,1494000000
发动机异响,发动机异响,故障,1494000000
发动机异响,五缸连杆瓦,器件,1488211200
发动机异响,发动机异响,故障,1488211200
发动机异响,发动机,器件,1496678400
发动机异响,发动机异响,故障,1496678400
发动机异响,发动机,器件,1496851200
发动机异响,发动机异响,故障,1496851200
发动机异响,发动机,器件,1488988800
发动机异响,发动机异响,故障,1488988800
发动机异响,火花塞,器件,1494000000
发动机异响,粗心,行为,1488211200
发动机异响,知道故障不修理,行为,1496678400
发动机异响,粗心,行为,1496851200
发动机异响,驾驶不当,行为,1496678400
发动机异响,知道故障不修理,行为,1488988800
发动机故障,发动机故障,故障,1494000000
发动机故障,意外,行为,1494000000
发动机故障,上次修理失当,行为,1494000000
发动机故障,凸轮轴承,器件,1494000000
发动机故障,上次修理失当,行为,1484496000
发动机故障,发动机故障,故障,1484496000
发动机故障,发动机故障,故障,1499616000
发动机故障,知道故障不修理,行为,1499616000
发动机故障,发动机故障,故障,1500220800
发动机故障,知道故障不修理,行为,1500220800
发动机故障,修理不当,行为,1495987200
发动机故障,发动机故障,故障,1495987200
发动机故障,上次修理失当,行为,1497974400
发动机故障,发动机故障,故障,1497974400
发动机故障,不定时检查车况,行为,1495987200
发动机故障,发动机故障,故障,1495728000
发动机故障,气门推杆,器件,1495728000
发动机故障,凸轮轴,器件,1495728000
发动机故障,修理不当,行为,1497715200
发动机故障,发动机故障,故障,1497715200
发动机故障,操作分心,行为,1495728000
发动机故障,操作分心,行为,1495987200
发动机故障,不懂保养汽车,行为,1495468800
发动机故障,发动机故障,故障,1495468800
发动机故障,发动机故障,故障,1492358400
发动机故障,气泵皮带,器件,1492358400
发动机故障,发动机故障,故障,1489680000
发动机故障,意外,行为,1489680000
发动机故障,发动机故障,故障,1497110400
发动机故障,喷油提前角,器件,1497110400
发动机故障,气门脚,器件,1497110400
发动机故障,发动机故障,故障,1492531200
发动机故障,知道故障不修理,行为,1492531200
发动机故障,搭铁线,器件,1494000000
发动机故障,电脑模块,器件,1484496000
发动机故障,螺栓,器件,1499616000
发动机故障,螺栓,器件,1500220800
发动机故障,螺栓,器件,1495987200
发动机故障,轴承盖螺栓,器件,1497974400
发动机故障,连杆轴承，轴颈,器件,1495987200
发动机故障,粗心,行为,1495728000
发动机故障,责任心不强,行为,1495728000
发动机故障,齿轮,器件,1497715200
发动机故障,齿轮,器件,1495728000
发动机故障,螺帽,器件,1495987200
发动机故障,螺帽,器件,1495468800
发动机故障,没有阅读说明书,行为,1492358400
发动机故障,风扇皮带,器件,1489680000
发动机故障,驾驶不当,行为,1497110400
发动机故障,风扇离合器,器件,1492531200
发动机无法启动,发动机无法启动,故障,1503072000
发动机无法启动,没有阅读说明书,行为,1503072000
发动机无法启动,发动机,器件,1499270400
发动机无法启动,发动机无法启动,故障,1499270400
发动机无法启动,发动机,器件,1492876800
发动机无法启动,发动机无法启动,故障,1492876800
发动机无法启动,蓄电池,器件,1503072000
发动机无法启动,粗心,行为,1499270400
发动机无法启动,粗心,行为,1492876800
发动机更换气缸后无法起动,发动机,器件,1494172800
发动机更换气缸后无法起动,发动机更换气缸后无法起动,故障,1494172800
发动机更换气缸后无法起动,意外,行为,1494172800
发动机机油压力指示表显示异常,上次修理失当,行为,1486483200
发动机机油压力指示表显示异常,发动机,器件,1486483200
发动机机油压力指示表显示异常,发动机机油压力指示表显示异常,故障,1486483200
发动机机油消耗量过大,发动机,器件,1488470400
发动机机油消耗量过大,发动机机油消耗量过大,故障,1488470400
发动机机油消耗量过大,不定时检查车况,行为,1491667200
发动机机油消耗量过大,发动机,器件,1491667200
发动机机油消耗量过大,驾驶不当,行为,1488470400
发动机机油消耗量过大,发动机机油消耗量过大,故障,1491667200
发动机烧机油故障,不定时检查车况,行为,1496419200
发动机烧机油故障,发动机,器件,1496419200
发动机烧机油故障,发动机烧机油故障,故障,1496419200
发动机缺火,发动机缺火,故障,1492444800
发动机缺火,气缸,器件,1492444800
发动机缺火,没有阅读说明书,行为,1492444800
发动机连续“抱轴”,发动机,器件,1501516800
发动机连续“抱轴”,发动机连续“抱轴”,故障,1501516800
发动机连续“抱轴”,没有阅读说明书,行为,1501516800
发动机间歇性无法启动,不定时检查车况,行为,1490371200
发动机间歇性无法启动,发动机,器件,1490371200
发动机间歇性无法启动,发动机间歇性无法启动,故障,1490371200
发电机,上次修理失当,行为,1487088000
发电机,发电机,器件,1487088000
发电机,修理不当,行为,1487433600
发电机,发电机,器件,1487433600
发电机,上次修理失当,行为,1490803200
发电机,发电机,器件,1490803200
发电机,发电机,器件,1492790400
发电机,发电机充电量过大,故障,1492790400
发电机,发电机,器件,1485964800
发电机,发电机不发电故障,故障,1485964800
发电机,不懂保养汽车,行为,1494172800
发电机,使用制动后不发电,故障,1494172800
发电机,发电机故障,故障,1487088000
发电机,熄火困难,故障,1487433600
发电机,容易熄火,故障,1490803200
发电机,操作分心,行为,1492790400
发电机,知道故障不修理,行为,1485964800
发电机,发电机,器件,1494172800
发电机不发电故障,发电机,器件,1485964800
发电机不发电故障,发电机不发电故障,故障,1485964800
发电机不发电故障,知道故障不修理,行为,1485964800
发电机充电量过大,发电机,器件,1492790400
发电机充电量过大,发电机充电量过大,故障,1492790400
发电机充电量过大,操作分心,行为,1492790400
发电机故障,上次修理失当,行为,1487088000
发电机故障,发电机,器件,1487088000
发电机故障,修理不当,行为,1495123200
发电机故障,发电机故障,故障,1495123200
发电机故障,发电机故障,故障,1487088000
发电机故障,熄火难,故障,1495123200
变速器,变速器,器件,1487088000
变速器,变速器跳挡,故障,1487088000
变速器,变速器,器件,1489248000
变速器,行驶无力,故障,1489248000
变速器,变速器,器件,1493568000
变速器,变速困难,故障,1493568000
变速器,修理不当,行为,1493568000
变速器,变速器,器件,1499443200
变速器,变速器换挡困难,故障,1499443200
变速器,变速器,器件,1487606400
变速器,变速器乱档,故障,1487606400
变速器,变速器,器件,1488470400
变速器,燃润料消耗异常,故障,1488470400
变速器,上次修理失当,行为,1486051200
变速器,变速器,器件,1486051200
变速器,操作分心,行为,1487088000
变速器,责任心不强,行为,1489248000
变速器,责任心不强,行为,1493568000
变速器,责任心不强,行为,1499443200
变速器,粗心,行为,1487606400
变速器,知道故障不修理,行为,1488470400
变速器,变速器出现齿轮撞击声,故障,1486051200
变速器乱档,变速器,器件,1487606400
变速器乱档,变速器乱档,故障,1487606400
变速器乱档,粗心,行为,1487606400
变速器出现齿轮撞击声,上次修理失当,行为,1486051200
变速器出现齿轮撞击声,变速器,器件,1486051200
变速器出现齿轮撞击声,变速器出现齿轮撞击声,故障,1486051200
变速器换挡困难,变速器,器件,1499443200
变速器换挡困难,变速器换挡困难,故障,1499443200
变速器换挡困难,责任心不强,行为,1499443200
变速器跳挡,变速器,器件,1487088000
变速器跳挡,变速器跳挡,故障,1487088000
变速器跳挡,操作分心,行为,1487088000
变速器跳档,变速器跳档,故障,1489075200
变速器跳档,定位销,器件,1489075200
变速器跳档,意外,行为,1489075200
变速困难,变速器,器件,1493568000
变速困难,变速困难,故障,1493568000
变速困难,修理不当,行为,1493568000
变速困难,责任心不强,行为,1493568000
变速箱,意外,行为,1496160000
变速箱,变速箱,器件,1496160000
变速箱,费油,故障,1496160000
变速箱电脑,变速箱电脑,器件,1500134400
变速箱电脑,启动困难,故障,1500134400
变速箱电脑,意外,行为,1500134400
启动困难,启动困难,故障,1483200000
启动困难,点火器,器件,1483200000
启动困难,修理不当,行为,1483200000
启动困难,不懂保养汽车,行为,1483545600
启动困难,启动困难,故障,1483545600
启动困难,点火开关,器件,1483545600
启动困难,启动困难,故障,1484236800
启动困难,知道故障不修理,行为,1484236800
启动困难,二极管,器件,1484236800
启动困难,不定时检查车况,行为,1485705600
启动困难,二极管,器件,1485705600
启动困难,启动困难,故障,1485705600
启动困难,启动困难,故障,1487088000
启动困难,意外,行为,1487088000
启动困难,启动困难,故障,1487433600
启动困难,操作分心,行为,1487433600
启动困难,发动机,器件,1487433600
启动困难,发动机,器件,1489248000
启动困难,启动困难,故障,1489248000
启动困难,不懂保养汽车,行为,1489248000
启动困难,操作分心,行为,1489248000
启动困难,启动困难,故障,1490803200
启动困难,操作分心,行为,1490803200
启动困难,启动困难,故障,1491667200
启动困难,知道故障不修理,行为,1491667200
启动困难,制动器,器件,1491667200
启动困难,修理不当,行为,1491667200
启动困难,发动机,器件,1491667200
启动困难,启动困难,故障,1492704000
启动困难,喷油泵,器件,1492704000
启动困难,发动机,器件,1492704000
启动困难,修理不当,行为,1492704000
启动困难,意外,行为,1492704000
启动困难,不懂保养汽车,行为,1493568000
启动困难,启动困难,故障,1493568000
启动困难,修理不当,行为,1493568000
启动困难,上次修理失当,行为,1493568000
启动困难,发动机,器件,1493568000
启动困难,上次修理失当,行为,1494604800
启动困难,发动机,器件,1494604800
启动困难,修理不当,行为,1494604800
启动困难,修理不当,行为,1498147200
启动困难,启动困难,故障,1498147200
启动困难,上次修理失当,行为,1493827200
启动困难,启动困难,故障,1493827200
启动困难,启动困难,故障,1488384000
启动困难,知道故障不修理,行为,1488384000
启动困难,启动困难,故障,1484150400
启动困难,电脑模块,器件,1484150400
启动困难,不定时检查车况,行为,1484409600
启动困难,启动困难,故障,1484409600
启动困难,修理不当,行为,1492444800
启动困难,启动困难,故障,1492444800
启动困难,不懂保养汽车,行为,1492617600
启动困难,启动困难,故障,1492617600
启动困难,修理不当,行为,1489766400
启动困难,化油器,器件,1489766400
启动困难,不懂保养汽车,行为,1484755200
启动困难,保险丝,器件,1484755200
启动困难,上次修理失当,行为,1484496000
启动困难,保险丝,器件,1484496000
启动困难,不懂保养汽车,行为,1499961600
启动困难,启动困难,故障,1499961600
启动困难,信号线,器件,1499961600
启动困难,不懂保养汽车,行为,1500134400
启动困难,启动困难,故障,1500134400
启动困难,变速箱电脑,器件,1500134400
启动困难,上次修理失当,行为,1489766400
启动困难,启动困难,故障,1489766400
启动困难,操作分心,行为,1483200000
启动困难,启动困难,故障,1493481600
启动困难,曲轴,器件,1493481600
启动困难,粗心,行为,1483200000
启动困难,点火开关,器件,1483200000
启动困难,粗心,行为,1483545600
启动困难,知道故障不修理,行为,1483545600
启动困难,起动机轴承,器件,1484236800
启动困难,责任心不强,行为,1484236800
启动困难,没有阅读说明书,行为,1485705600
启动困难,曲轴箱通风单向阀,器件,1487088000
启动困难,齿轮,器件,1487433600
启动困难,意外,行为,1487433600
启动困难,知道故障不修理,行为,1489248000
启动困难,起动机,器件,1489248000
启动困难,贮气筒,器件,1489248000
启动困难,起动机,器件,1490803200
启动困难,起动机,器件,1491667200
启动困难,没有阅读说明书,行为,1491667200
启动困难,没有阅读说明书,行为,1492704000
启动困难,起动机,器件,1492704000
启动困难,喷油泵,器件,1493568000
启动困难,电脑模块,器件,1493568000
启动困难,启动困难,故障,1494604800
启动困难,点火开关,器件,1498147200
启动困难,进油管,器件,1493827200
启动困难,进油管,器件,1488384000
启动困难,责任心不强,行为,1484150400
启动困难,油管,器件,1484409600
启动困难,驱动齿轮,器件,1492444800
启动困难,曲轴,器件,1492617600
启动困难,启动困难,故障,1484755200
启动困难,启动困难,故障,1484496000
启动困难,气缸垫,器件,1499961600
启动困难,操作分心,行为,1499961600
启动困难,链条,器件,1500134400
启动困难,意外,行为,1500134400
启动困难,气缸垫,器件,1489766400
启动困难,曲轴,器件,1483200000
启动困难,没有阅读说明书,行为,1493481600
启动机,启动机,器件,1490889600
启动机,启动机故障,故障,1490889600
启动机,驾驶不当,行为,1490889600
启动机开关,启动机开关,器件,1490371200
启动机开关,熄火,故障,1490371200
启动机开关,责任心不强,行为,1490371200
启动机故障,启动机,器件,1490889600
启动机故障,启动机故障,故障,1490889600
启动机故障,驾驶不当,行为,1490889600
喷油器,上次修理失当,行为,1484668800
喷油器,喷油器,器件,1484668800
喷油器,发动机动力不足,故障,1503072000
喷油器,喷油器,器件,1503072000
喷油器,怠速不稳,故障,1484668800
喷油器,意外,行为,1503072000
喷油头,操作分心,行为,1497974400
喷油头,喷油头,器件,1497974400
喷油头,上次修理失当,行为,1483718400
喷油头,喷油头,器件,1483718400
喷油头,点火困难,故障,1497974400
喷油头,点火困难,故障,1483718400
喷油提前角,发动机故障,故障,1497110400
喷油提前角,喷油提前角,器件,1497110400
喷油提前角,驾驶不当,行为,1497110400
喷油泵,启动困难,故障,1492704000
喷油泵,喷油泵,器件,1492704000
喷油泵,换挡困难,故障,1492704000
喷油泵,不懂保养汽车,行为,1493568000
喷油泵,启动困难,故障,1493568000
喷油泵,操作分心,行为,1492012800
喷油泵,喷油泵,器件,1492012800
喷油泵,没有阅读说明书,行为,1492704000
喷油泵,驾驶不当,行为,1492704000
喷油泵,喷油泵,器件,1493568000
喷油泵,柱塞锈蚀,故障,1492012800
垫板,上次修理失当,行为,1484236800
垫板,垫板,器件,1484236800
垫板,异响,故障,1484236800
垫片,意外,行为,1487433600
垫片,垫片,器件,1487433600
垫片,跳挡,故障,1487433600
大量漏油,不定时检查车况,行为,1487433600
大量漏油,大量漏油,故障,1487433600
大量漏油,机油泵,器件,1487433600
定位销,变速器跳档,故障,1489075200
定位销,定位销,器件,1489075200
定位销,意外,行为,1489075200
容易熄火,上次修理失当,行为,1490803200
容易熄火,发电机,器件,1490803200
容易熄火,容易熄火,故障,1490803200
容易熄火,操作分心,行为,1490803200
容易熄火,不懂保养汽车,行为,1490803200
容易熄火,发动机,器件,1490803200
容易熄火,发动机,器件,1492704000
容易熄火,容易熄火,故障,1492704000
容易熄火,车垫,器件,1490803200
容易熄火,没有阅读说明书,行为,1492704000
履带,履带,器件,1494172800
履带,履带断裂,故障,1494172800
履带,履带,器件,1496592000
履带,履带断裂,故障,1496592000
履带,没有阅读说明书,行为,1494172800
履带,粗心,行为,1496592000
履带断裂,履带,器件,1494172800
履带断裂,履带断裂,故障,1494172800
履带断裂,履带,器件,1496592000
履带断裂,履带断裂,故障,1496592000
履带断裂,没有阅读说明书,行为,1494172800
履带断裂,粗心,行为,1496592000
开锅,发动机,器件,1489248000
开锅,开锅,故障,1489248000
开锅,开锅,故障,1492704000
开锅,散热器,器件,1492704000
开锅,不定时检查车况,行为,1492704000
开锅,操作分心,行为,1489248000
开锅,没有阅读说明书,行为,1492704000
开锅,知道故障不修理,行为,1492704000
开锅故障,发动机,器件,1483718400
开锅故障,开锅故障,故障,1483718400
开锅故障,发动机,器件,1493568000
开锅故障,开锅故障,故障,1493568000
开锅故障,责任心不强,行为,1483718400
开锅故障,意外,行为,1493568000
异响,上次修理失当,行为,1484236800
异响,垫板,器件,1484236800
异响,异响,故障,1489248000
异响,离合器,器件,1489248000
异响,混合气,器件,1489248000
异响,不定时检查车况,行为,1492704000
异响,发动机,器件,1492704000
异响,异响,故障,1492704000
异响,操作分心,行为,1492704000
异响,发动机,器件,1493568000
异响,异响,故障,1493568000
异响,修理不当,行为,1493568000
异响,上次修理失当,行为,1493568000
异响,异响,故障,1484236800
异响,粗心,行为,1489248000
异响,驾驶不当,行为,1489248000
异响,车垫,器件,1492704000
异响,操作分心,行为,1493568000
引擎,上次修理失当,行为,1485100800
引擎,冷却系统故障,故障,1485100800
引擎,引擎,器件,1485100800
弹簧,不懂保养汽车,行为,1499443200
弹簧,弹簧,器件,1499443200
弹簧,汽车摆头,故障,1499443200
怠速不稳,怠速不稳,故障,1483200000
怠速不稳,没有阅读说明书,行为,1483200000
怠速不稳,操作分心,行为,1483200000
怠速不稳,混合气,器件,1483200000
怠速不稳,上次修理失当,行为,1490803200
怠速不稳,发动机,器件,1490803200
怠速不稳,发动机,器件,1493568000
怠速不稳,怠速不稳,故障,1493568000
怠速不稳,怠速不稳,故障,1483286400
怠速不稳,操作分心,行为,1483286400
怠速不稳,不定时检查车况,行为,1486396800
怠速不稳,PCV阀,器件,1486396800
怠速不稳,怠速不稳,故障,1484496000
怠速不稳,蓄电池,器件,1484496000
怠速不稳,怠速不稳,故障,1500220800
怠速不稳,意外,行为,1500220800
怠速不稳,修理不当,行为,1500220800
怠速不稳,修理不当,行为,1499961600
怠速不稳,三元催化转换器,器件,1499961600
怠速不稳,怠速不稳,故障,1489334400
怠速不稳,节温器,器件,1489334400
怠速不稳,没有阅读说明书,行为,1489334400
怠速不稳,不定时检查车况,行为,1489334400
怠速不稳,不定时检查车况,行为,1484409600
怠速不稳,怠速不稳,故障,1484409600
怠速不稳,分电器,器件,1484409600
怠速不稳,怠速不稳,故障,1491926400
怠速不稳,怠速控制阀,器件,1491926400
怠速不稳,怠速不稳,故障,1484668800
怠速不稳,粗心,行为,1484668800
怠速不稳,怠速不稳,故障,1493654400
怠速不稳,没有阅读说明书,行为,1493654400
怠速不稳,上次修理失当,行为,1484668800
怠速不稳,喷油器,器件,1484668800
怠速不稳,不懂保养汽车,行为,1496678400
怠速不稳,怠速不稳,故障,1496678400
怠速不稳,怠速不稳,故障,1500652800
怠速不稳,混合气,器件,1500652800
怠速不稳,怠速不稳,故障,1488470400
怠速不稳,意外,行为,1488470400
怠速不稳,怠速不稳,故障,1488729600
怠速不稳,没有阅读说明书,行为,1488729600
怠速不稳,发动机,器件,1498320000
怠速不稳,怠速不稳,故障,1498320000
怠速不稳,驾驶不当,行为,1483200000
怠速不稳,怠速不稳,故障,1490803200
怠速不稳,责任心不强,行为,1493568000
怠速不稳,混合气,器件,1483286400
怠速不稳,怠速不稳,故障,1486396800
怠速不稳,驾驶不当,行为,1484496000
怠速不稳,责任心不强,行为,1484496000
怠速不稳,排气门,器件,1500220800
怠速不稳,火花塞,器件,1500220800
怠速不稳,怠速不稳,故障,1499961600
怠速不稳,责任心不强,行为,1489334400
怠速不稳,转子轴,器件,1489334400
怠速不稳,通气口,器件,1484409600
怠速不稳,责任心不强,行为,1484409600
怠速不稳,意外,行为,1491926400
怠速不稳,节气门位置传感器怠速开关,器件,1484668800
怠速不稳,进气管,器件,1493654400
怠速不稳,排气系统,器件,1496678400
怠速不稳,驾驶不当,行为,1500652800
怠速不稳,混合气,器件,1488470400
怠速不稳,混合气,器件,1488729600
怠速不稳,粗心,行为,1498320000
怠速不稳且不易起动,发动机,器件,1497715200
怠速不稳且不易起动,怠速不稳且不易起动,故障,1497715200
怠速不稳且不易起动,责任心不强,行为,1497715200
怠速控制阀,怠速不稳,故障,1491926400
怠速控制阀,怠速控制阀,器件,1491926400
怠速控制阀,意外,行为,1491926400
急加速不良,发动机,器件,1493740800
急加速不良,急加速不良,故障,1493740800
急加速不良,粗心,行为,1493740800
意外,意外,行为,1484236800
意外,水箱,器件,1484236800
意外,启动困难,故障,1487088000
意外,意外,行为,1487088000
意外,意外,行为,1487433600
意外,蓄电池,器件,1487433600
意外,垫片,器件,1487433600
意外,发动机,器件,1487433600
意外,启动困难,故障,1487433600
意外,意外,行为,1489248000
意外,行驶无力,故障,1489248000
意外,发动机,器件,1492704000
意外,启动困难,故障,1492704000
意外,意外,行为,1492704000
意外,飞轮,器件,1492704000
意外,发动机,器件,1493568000
意外,开锅故障,故障,1493568000
意外,意外,行为,1494604800
意外,发动机,器件,1494604800
意外,意外,行为,1485964800
意外,发动机,器件,1485964800
意外,意外,行为,1485014400
意外,水温高,故障,1485014400
意外,发动机故障,故障,1494000000
意外,意外,行为,1494000000
意外,意外,行为,1484496000
意外,换档冲击,故障,1484496000
意外,怠速不稳,故障,1500220800
意外,意外,行为,1500220800
意外,变速箱电脑,器件,1500134400
意外,启动困难,故障,1500134400
意外,意外,行为,1500134400
意外,水泵,器件,1500134400
意外,制动毂，蹄片,器件,1484409600
意外,制动液温度过高，刹车失灵,故障,1484409600
意外,怠速不稳,故障,1491926400
意外,怠速控制阀,器件,1491926400
意外,发动机动力不足,故障,1503072000
意外,喷油器,器件,1503072000
意外,交流发电机充电电流不稳定,故障,1497974400
意外,意外,行为,1497974400
意外,发动机,器件,1489766400
意外,发动机噪声大,故障,1489766400
意外,制动跑偏,故障,1489766400
意外,意外,行为,1489766400
意外,发动机故障,故障,1489680000
意外,意外,行为,1489680000
意外,意外,行为,1493913600
意外,离合器,器件,1493913600
意外,变速器跳档,故障,1489075200
意外,定位销,器件,1489075200
意外,意外,行为,1496937600
意外,油表不准,故障,1496937600
意外,意外,行为,1499184000
意外,排气管,器件,1499184000
意外,发动机,器件,1488211200
意外,发动机不能起动,故障,1488211200
意外,发动机,器件,1490457600
意外,发动机动力下降,故障,1490457600
意外,万向十字轴,器件,1501516800
意外,动力不足,故障,1501516800
意外,冷启动困难,故障,1498838400
意外,意外,行为,1498838400
意外,意外,行为,1496419200
意外,排气管,器件,1496419200
意外,怠速不稳,故障,1488470400
意外,意外,行为,1488470400
意外,发动机,器件,1498406400
意外,发动机工作不良,故障,1498406400
意外,发动机,器件,1494172800
意外,发动机更换气缸后无法起动,故障,1494172800
意外,化油器,器件,1496678400
意外,化油器严重回火故障,故障,1496678400
意外,意外,行为,1496851200
意外,制动踏板,器件,1496851200
意外,排气管,器件,1488470400
意外,意外,行为,1496160000
意外,变速箱,器件,1496160000
意外,意外,行为,1495468800
意外,柴油机,器件,1495468800
意外,水箱开锅,故障,1484236800
意外,曲轴箱通风单向阀,器件,1487088000
意外,蓄电池损坏,故障,1487433600
意外,跳挡,故障,1487433600
意外,贮气筒,器件,1489248000
意外,飞轮损坏,故障,1492704000
意外,起动机,器件,1492704000
意外,意外,行为,1493568000
意外,行驶无力,故障,1494604800
意外,熄火,故障,1485964800
意外,节温器,器件,1485014400
意外,搭铁线,器件,1494000000
意外,电磁阀,器件,1484496000
意外,排气门,器件,1500220800
意外,水温高,故障,1500134400
意外,意外,行为,1484409600
意外,意外,行为,1491926400
意外,意外,行为,1503072000
意外,电刷,器件,1497974400
意外,钢板弹簧U型固定螺栓,器件,1489766400
意外,风扇皮带,器件,1489680000
意外,离合器故障,故障,1493913600
意外,意外,行为,1489075200
意外,油表显示器,器件,1496937600
意外,排气管冒黑烟,故障,1499184000
意外,意外,行为,1488211200
意外,意外,行为,1490457600
意外,意外,行为,1501516800
意外,点火开关,器件,1498838400
意外,排气管冒黑烟,故障,1496419200
意外,混合气,器件,1488470400
意外,意外,行为,1498406400
意外,意外,行为,1494172800
意外,意外,行为,1496678400
意外,踩制动踏板时大灯亮,故障,1496851200
意外,排气管“隆、隆”声,故障,1488470400
意外,费油,故障,1496160000
意外,柴油机着火敲击声,故障,1495468800
感应线圈,没有阅读说明书,行为,1491753600
感应线圈,感应线圈,器件,1491753600
感应线圈,高压无火,故障,1491753600
扁线束,操作分心,行为,1486569600
扁线束,扁线束,器件,1486569600
扁线束,脱档,故障,1486569600
打转向沉重费力,打转向沉重费力,故障,1496937600
打转向沉重费力,责任心不强,行为,1496937600
打转向沉重费力,轴承,器件,1496937600
扭杆与变速器,扭杆与变速器,器件,1488384000
扭杆与变速器,扭杆弹力失准与变速器故障,故障,1488384000
扭杆与变速器,操作分心,行为,1488384000
扭杆弹力失准与变速器故障,扭杆与变速器,器件,1488384000
扭杆弹力失准与变速器故障,扭杆弹力失准与变速器故障,故障,1488384000
扭杆弹力失准与变速器故障,操作分心,行为,1488384000
换挡困难,储油罐,器件,1490803200
换挡困难,换挡困难,故障,1490803200
换挡困难,离合器,器件,1490803200
换挡困难,换挡困难,故障,1491667200
换挡困难,离合器,器件,1491667200
换挡困难,不定时检查车况,行为,1491667200
换挡困难,喷油泵,器件,1492704000
换挡困难,换挡困难,故障,1492704000
换挡困难,驾驶不当,行为,1490803200
换挡困难,粗心,行为,1490803200
换挡困难,驾驶不当,行为,1491667200
换挡困难,驾驶不当,行为,1492704000
换档冲击,意外,行为,1484496000
换档冲击,换档冲击,故障,1484496000
换档冲击,电磁阀,器件,1484496000
排出大量蓝烟,排出大量蓝烟,故障,1493827200
排出大量蓝烟,气缸垫,器件,1493827200
排出大量蓝烟,没有阅读说明书,行为,1493827200
排气管,修理不当,行为,1484064000
排气管,冒黑烟,故障,1484064000
排气管,不懂保养汽车,行为,1494864000
排气管,冒黑烟,故障,1494864000
排气管,不懂保养汽车,行为,1488297600
排气管,排气管,器件,1488297600
排气管,意外,行为,1499184000
排气管,排气管,器件,1499184000
排气管,意外,行为,1496419200
排气管,排气管,器件,1496419200
排气管,意外,行为,1488470400
排气管,排气管,器件,1488470400
排气管,排气管,器件,1490457600
排气管,排气管冒黑烟,故障,1490457600
排气管,排气管,器件,1492704000
排气管,排气管冒黑烟,故障,1492704000
排气管,排气管,器件,1484064000
排气管,排气管,器件,1494864000
排气管,车体有异响,故障,1488297600
排气管,排气管冒黑烟,故障,1499184000
排气管,排气管冒黑烟,故障,1496419200
排气管,排气管“隆、隆”声,故障,1488470400
排气管,操作分心,行为,1490457600
排气管,责任心不强,行为,1492704000
排气管“隆、隆”声,意外,行为,1488470400
排气管“隆、隆”声,排气管,器件,1488470400
排气管“隆、隆”声,排气管“隆、隆”声,故障,1488470400
排气管冒黑烟,意外,行为,1499184000
排气管冒黑烟,排气管,器件,1499184000
排气管冒黑烟,意外,行为,1496419200
排气管冒黑烟,排气管,器件,1496419200
排气管冒黑烟,排气管,器件,1490457600
排气管冒黑烟,排气管冒黑烟,故障,1490457600
排气管冒黑烟,排气管,器件,1492704000
排气管冒黑烟,排气管冒黑烟,故障,1492704000
排气管冒黑烟,排气管冒黑烟,故障,1499184000
排气管冒黑烟,排气管冒黑烟,故障,1496419200
排气管冒黑烟,操作分心,行为,1490457600
排气管冒黑烟,责任心不强,行为,1492704000
排气系统,不懂保养汽车,行为,1496678400
排气系统,怠速不稳,故障,1496678400
排气系统,排气系统,器件,1496678400
排气门,怠速不稳,故障,1500220800
排气门,意外,行为,1500220800
排气门,排气门,器件,1500220800
排除气阻故障,排除气阻故障,故障,1488384000
排除气阻故障,汽油管路及汽油泵,器件,1488384000
排除气阻故障,修理不当,行为,1496851200
排除气阻故障,排除气阻故障,故障,1496851200
排除气阻故障,粗心,行为,1488384000
排除气阻故障,柴油机,器件,1496851200
搭铁线,发动机故障,故障,1494000000
搭铁线,意外,行为,1494000000
搭铁线,上次修理失当,行为,1492012800
搭铁线,倒车灯不亮,故障,1492012800
搭铁线,不能起动,故障,1498060800
搭铁线,修理不当,行为,1498060800
搭铁线,搭铁线,器件,1494000000
搭铁线,搭铁线,器件,1492012800
搭铁线,搭铁线,器件,1498060800
操作分心,怠速不稳,故障,1483200000
操作分心,操作分心,行为,1483200000
操作分心,操作分心,行为,1486224000
操作分心,轮胎,器件,1486224000
操作分心,冒黑烟,故障,1487088000
操作分心,操作分心,行为,1487088000
操作分心,变速器,器件,1487088000
操作分心,变速器跳挡,故障,1487088000
操作分心,启动困难,故障,1487433600
操作分心,操作分心,行为,1487433600
操作分心,发动机,器件,1489248000
操作分心,开锅,故障,1489248000
操作分心,启动困难,故障,1489248000
操作分心,操作分心,行为,1489248000
操作分心,启动困难,故障,1490803200
操作分心,操作分心,行为,1490803200
操作分心,容易熄火,故障,1490803200
操作分心,操作分心,行为,1491667200
操作分心,发动机,器件,1491667200
操作分心,异响,故障,1492704000
操作分心,操作分心,行为,1492704000
操作分心,发动机,器件,1493568000
操作分心,异响,故障,1493568000
操作分心,动力不足,故障,1494604800
操作分心,操作分心,行为,1494604800
操作分心,发动机,器件,1494604800
操作分心,怠速不稳,故障,1483286400
操作分心,操作分心,行为,1483286400
操作分心,冒黑烟,故障,1493308800
操作分心,操作分心,行为,1493308800
操作分心,中控锁故障,故障,1492531200
操作分心,操作分心,行为,1492531200
操作分心,充电指示灯不熄灭,故障,1485100800
操作分心,操作分心,行为,1485100800
操作分心,操作分心,行为,1484496000
操作分心,发动机,器件,1484496000
操作分心,信号线,器件,1499961600
操作分心,启动困难,故障,1499961600
操作分心,操作分心,行为,1489334400
操作分心,无倒档,故障,1489334400
操作分心,操作分心,行为,1484409600
操作分心,油箱,器件,1484409600
操作分心,发动机动力不足,故障,1503072000
操作分心,操作分心,行为,1503072000
操作分心,发动机故障,故障,1495728000
操作分心,操作分心,行为,1495728000
操作分心,发动机故障,故障,1495987200
操作分心,操作分心,行为,1495987200
操作分心,启动困难,故障,1483200000
操作分心,操作分心,行为,1492012800
操作分心,喷油泵,器件,1492012800
操作分心,散热器,器件,1483200000
操作分心,操作分心,行为,1488470400
操作分心,点火线圈,器件,1488470400
操作分心,操作分心,行为,1497974400
操作分心,喷油头,器件,1497974400
操作分心,制动不灵敏,故障,1498406400
操作分心,制动液,器件,1498406400
操作分心,操作分心,行为,1486569600
操作分心,扁线束,器件,1486569600
操作分心,操作分心,行为,1495555200
操作分心,油泵,器件,1495555200
操作分心,发电机,器件,1492790400
操作分心,发电机充电量过大,故障,1492790400
操作分心,操作分心,行为,1491148800
操作分心,轮轴螺孔,器件,1491148800
操作分心,电路,器件,1488470400
操作分心,扭杆与变速器,器件,1488384000
操作分心,扭杆弹力失准与变速器故障,故障,1488384000
操作分心,排气管,器件,1490457600
操作分心,排气管冒黑烟,故障,1490457600
操作分心,操作分心,行为,1496160000
操作分心,发动机,器件,1496160000
操作分心,操作分心,行为,1493049600
操作分心,水温表,器件,1493049600
操作分心,操作分心,行为,1488211200
操作分心,水温表,器件,1488211200
操作分心,混合气,器件,1483200000
操作分心,轮胎异常,故障,1486224000
操作分心,火花塞,器件,1487088000
操作分心,齿轮,器件,1487433600
操作分心,贮气筒,器件,1489248000
操作分心,起动机,器件,1490803200
操作分心,车垫,器件,1490803200
操作分心,行驶无力,故障,1491667200
操作分心,车垫,器件,1492704000
操作分心,操作分心,行为,1493568000
操作分心,转换器,器件,1494604800
操作分心,混合气,器件,1483286400
操作分心,氧传感器,器件,1493308800
操作分心,电机,器件,1492531200
操作分心,激磁二极管,器件,1485100800
操作分心,故障灯闪烁,故障,1484496000
操作分心,操作分心,行为,1499961600
操作分心,防盗器,器件,1489334400
操作分心,熄火,故障,1484409600
操作分心,节气门,器件,1503072000
操作分心,齿轮,器件,1495728000
操作分心,螺帽,器件,1495987200
操作分心,曲轴,器件,1483200000
操作分心,柱塞锈蚀,故障,1492012800
操作分心,散热器开关,故障,1483200000
操作分心,电阻断路,故障,1488470400
操作分心,点火困难,故障,1497974400
操作分心,操作分心,行为,1498406400
操作分心,脱档,故障,1486569600
操作分心,油泵破裂,故障,1495555200
操作分心,操作分心,行为,1492790400
操作分心,造成连续烧瓦,故障,1491148800
操作分心,电路故障,故障,1488470400
操作分心,操作分心,行为,1488384000
操作分心,操作分心,行为,1490457600
操作分心,无法启动,故障,1496160000
操作分心,水温高,故障,1493049600
操作分心,水温高,故障,1488211200
故障灯,故障灯,器件,1498060800
故障灯,故障灯无故亮起,故障,1498060800
故障灯,责任心不强,行为,1498060800
故障灯无故亮起,故障灯,器件,1498060800
故障灯无故亮起,故障灯无故亮起,故障,1498060800
故障灯无故亮起,责任心不强,行为,1498060800
故障灯闪烁,操作分心,行为,1484496000
故障灯闪烁,发动机,器件,1484496000
故障灯闪烁,故障灯闪烁,故障,1484496000
散热器,开锅,故障,1492704000
散热器,散热器,器件,1492704000
散热器,不定时检查车况,行为,1492704000
散热器,操作分心,行为,1483200000
散热器,散热器,器件,1483200000
散热器,没有阅读说明书,行为,1492704000
散热器,知道故障不修理,行为,1492704000
散热器,散热器开关,故障,1483200000
散热器开关,操作分心,行为,1483200000
散热器开关,散热器,器件,1483200000
散热器开关,散热器开关,故障,1483200000
方向盘,方向盘,器件,1490803200
方向盘,方向盘故障,故障,1490803200
方向盘,没有阅读说明书,行为,1490803200
方向盘故障,方向盘,器件,1490803200
方向盘故障,方向盘故障,故障,1490803200
方向盘故障,没有阅读说明书,行为,1490803200
无倒档,操作分心,行为,1489334400
无倒档,无倒档,故障,1489334400
无倒档,防盗器,器件,1489334400
无法启动,操作分心,行为,1496160000
无法启动,发动机,器件,1496160000
无法启动,无法启动,故障,1496160000
无法启动故障,无法启动故障,故障,1490630400
无法启动故障,链条,器件,1490630400
无法启动故障,驾驶不当,行为,1490630400
曲轴,不懂保养汽车,行为,1492617600
曲轴,启动困难,故障,1492617600
曲轴,启动困难,故障,1483200000
曲轴,操作分心,行为,1483200000
曲轴,启动困难,故障,1493481600
曲轴,曲轴,器件,1493481600
曲轴,曲轴,器件,1492617600
曲轴,曲轴,器件,1483200000
曲轴,没有阅读说明书,行为,1493481600
曲轴位置传感器，发动机电子控制器ECU插接头,修理不当,行为,1495555200
曲轴位置传感器，发动机电子控制器ECU插接头,曲轴位置传感器，发动机电子控制器ECU插接头,器件,1495555200
曲轴位置传感器，发动机电子控制器ECU插接头,熄火,故障,1495555200
曲轴箱,曲轴箱,器件,1487433600
曲轴箱,爆燃,故障,1487433600
曲轴箱,驾驶不当,行为,1487433600
曲轴箱通风单向阀,启动困难,故障,1487088000
曲轴箱通风单向阀,意外,行为,1487088000
曲轴箱通风单向阀,曲轴箱通风单向阀,器件,1487088000
机油,机油,器件,1492876800
机油,烧机油,故障,1492876800
机油,知道故障不修理,行为,1492876800
机油压力指示灯,加速时机油压力指示灯会点亮,故障,1494000000
机油压力指示灯,机油压力指示灯,器件,1494000000
机油压力指示灯,知道故障不修理,行为,1494000000
机油尺,不定时检查车况,行为,1483718400
机油尺,机油尺,器件,1483718400
机油尺,机油尺屡次跳出,故障,1483718400
机油尺屡次跳出,不定时检查车况,行为,1483718400
机油尺屡次跳出,机油尺,器件,1483718400
机油尺屡次跳出,机油尺屡次跳出,故障,1483718400
机油泵,不定时检查车况,行为,1487433600
机油泵,大量漏油,故障,1487433600
机油泵,机油泵,器件,1487433600
机油泵驱动齿轮异响故障,机油泵驱动齿轮异响故障,故障,1487779200
机油泵驱动齿轮异响故障,粗心,行为,1487779200
机油泵驱动齿轮异响故障,骊山LS6911,器件,1487779200
柱塞锈蚀,操作分心,行为,1492012800
柱塞锈蚀,喷油泵,器件,1492012800
柱塞锈蚀,柱塞锈蚀,故障,1492012800
柴油机,修理不当,行为,1496851200
柴油机,排除气阻故障,故障,1496851200
柴油机,意外,行为,1495468800
柴油机,柴油机,器件,1495468800
柴油机,柴油机,器件,1496851200
柴油机,柴油机着火敲击声,故障,1495468800
柴油机着火敲击声,意外,行为,1495468800
柴油机着火敲击声,柴油机,器件,1495468800
柴油机着火敲击声,柴油机着火敲击声,故障,1495468800
正时齿轮,不定时检查车况,行为,1484323200
正时齿轮,正时齿轮,器件,1484323200
正时齿轮,正时齿轮发响,故障,1484323200
正时齿轮,驾驶不当,行为,1484323200
正时齿轮,知道故障不修理,行为,1484323200
正时齿轮发响,不定时检查车况,行为,1484323200
正时齿轮发响,正时齿轮,器件,1484323200
正时齿轮发响,正时齿轮发响,故障,1484323200
正时齿轮发响,驾驶不当,行为,1484323200
正时齿轮发响,知道故障不修理,行为,1484323200
气泵一轴承,“哧哧”声,故障,1499616000
气泵一轴承,不懂保养汽车,行为,1499616000
气泵一轴承,气泵一轴承,器件,1499616000
气泵皮带,发动机故障,故障,1492358400
气泵皮带,气泵皮带,器件,1492358400
气泵皮带,没有阅读说明书,行为,1492358400
气缸,上次修理失当,行为,1485705600
气缸,气缸,器件,1485705600
气缸,气缸盖锈穿,故障,1485705600
气缸,气缸,器件,1487433600
气缸,爆燃,故障,1487433600
气缸,发动机缺火,故障,1492444800
气缸,气缸,器件,1492444800
气缸,气缸,器件,1485964800
气缸,气缸不工作,故障,1485964800
气缸,气缸盖碗形塞锈穿,故障,1485705600
气缸,没有阅读说明书,行为,1485705600
气缸,驾驶不当,行为,1487433600
气缸,没有阅读说明书,行为,1492444800
气缸,知道故障不修理,行为,1485964800
气缸不工作,气缸,器件,1485964800
气缸不工作,气缸不工作,故障,1485964800
气缸不工作,知道故障不修理,行为,1485964800
气缸垫,不懂保养汽车,行为,1499961600
气缸垫,启动困难,故障,1499961600
气缸垫,上次修理失当,行为,1489766400
气缸垫,启动困难,故障,1489766400
气缸垫,排出大量蓝烟,故障,1493827200
气缸垫,气缸垫,器件,1493827200
气缸垫,气缸垫,器件,1499961600
气缸垫,气缸垫,器件,1489766400
气缸垫,没有阅读说明书,行为,1493827200
气缸盖碗形塞锈穿,上次修理失当,行为,1485705600
气缸盖碗形塞锈穿,气缸,器件,1485705600
气缸盖碗形塞锈穿,气缸盖碗形塞锈穿,故障,1485705600
气缸盖锈穿,气缸,器件,1485705600
气缸盖锈穿,气缸盖锈穿,故障,1485705600
气缸盖锈穿,没有阅读说明书,行为,1485705600
气门,气门,器件,1493568000
气门,缺门反复发响,故障,1493568000
气门,修理不当,行为,1493481600
气门,气门,器件,1493481600
气门,责任心不强,行为,1493568000
气门,气门脚响,故障,1493481600
气门推杆,发动机故障,故障,1495728000
气门推杆,气门推杆,器件,1495728000
气门推杆,粗心,行为,1495728000
气门脚,发动机故障,故障,1497110400
气门脚,气门脚,器件,1497110400
气门脚,驾驶不当,行为,1497110400
气门脚响,修理不当,行为,1493481600
气门脚响,气门,器件,1493481600
气门脚响,气门脚响,故障,1493481600
氧传感器,冒黑烟,故障,1493308800
氧传感器,操作分心,行为,1493308800
氧传感器,修理不当,行为,1483459200
氧传感器,冒黑烟,故障,1483459200
氧传感器,氧传感器,器件,1493308800
氧传感器,氧传感器,器件,1483459200
水泵,不定时检查车况,行为,1500134400
水泵,水泵,器件,1500134400
水泵,意外,行为,1500134400
水泵,水温高,故障,1500134400
水温传感器,发动机动力不足,故障,1492444800
水温传感器,水温传感器,器件,1492444800
水温传感器,没有阅读说明书,行为,1492444800
水温表,操作分心,行为,1493049600
水温表,水温表,器件,1493049600
水温表,操作分心,行为,1488211200
水温表,水温表,器件,1488211200
水温表,水温高,故障,1493049600
水温表,水温高,故障,1488211200
水温高,不定时检查车况,行为,1486224000
水温高,水温高,故障,1486224000
水温高,不懂保养汽车,行为,1488038400
水温高,水温高,故障,1488038400
水温高,意外,行为,1485014400
水温高,水温高,故障,1485014400
水温高,不懂保养汽车,行为,1494000000
水温高,水温高,故障,1494000000
水温高,水温高,故障,1496678400
水温高,没有阅读说明书,行为,1496678400
水温高,上次修理失当,行为,1496678400
水温高,不定时检查车况,行为,1500134400
水温高,水泵,器件,1500134400
水温高,意外,行为,1500134400
水温高,不懂保养汽车,行为,1484668800
水温高,水温高,故障,1484668800
水温高,操作分心,行为,1493049600
水温高,水温表,器件,1493049600
水温高,操作分心,行为,1488211200
水温高,水温表,器件,1488211200
水温高,组合仪表,器件,1486224000
水温高,节温器,器件,1488038400
水温高,节温器,器件,1485014400
水温高,风扇皮带,器件,1494000000
水温高,风扇叶片,器件,1496678400
水温高,水温高,故障,1500134400
水温高,节温器，冷却系,器件,1484668800
水温高,水温高,故障,1493049600
水温高,水温高,故障,1488211200
水箱,意外,行为,1484236800
水箱,水箱,器件,1484236800
水箱,水箱,器件,1493913600
水箱,水箱“开锅”,故障,1493913600
水箱,不定时检查车况,行为,1493913600
水箱,水箱开锅,故障,1484236800
水箱,驾驶不当,行为,1493913600
水箱“开锅”,水箱,器件,1493913600
水箱“开锅”,水箱“开锅”,故障,1493913600
水箱“开锅”,不定时检查车况,行为,1493913600
水箱“开锅”,驾驶不当,行为,1493913600
水箱开锅,意外,行为,1484236800
水箱开锅,水箱,器件,1484236800
水箱开锅,水箱开锅,故障,1484236800
水箱盖,修理不当,行为,1486224000
水箱盖,水箱盖,器件,1486224000
水箱盖,漏水,故障,1486224000
汽油发动机,汽油发动机,器件,1488038400
汽油发动机,汽油发动机故障,故障,1488038400
汽油发动机,粗心,行为,1488038400
汽油发动机故障,汽油发动机,器件,1488038400
汽油发动机故障,汽油发动机故障,故障,1488038400
汽油发动机故障,粗心,行为,1488038400
汽油泵,汽油泵,器件,1484236800
汽油泵,行驶无力,故障,1484236800
汽油泵,驾驶不当,行为,1484236800
汽油泵故障,发动机,器件,1485705600
汽油泵故障,汽油泵故障,故障,1485705600
汽油泵故障,驾驶不当,行为,1485705600
汽油消耗量过大,修理不当,行为,1493568000
汽油消耗量过大,发动机,器件,1493568000
汽油消耗量过大,发动机,器件,1493049600
汽油消耗量过大,汽油消耗量过大,故障,1493049600
汽油消耗量过大,汽油消耗量过大,故障,1493568000
汽油消耗量过大,驾驶不当,行为,1493049600
汽油管路及汽油泵,排除气阻故障,故障,1488384000
汽油管路及汽油泵,汽油管路及汽油泵,器件,1488384000
汽油管路及汽油泵,粗心,行为,1488384000
汽缸垫,上次修理失当,行为,1489766400
汽缸垫,汽缸垫,器件,1489766400
汽缸垫,熄火，发动不着,故障,1489766400
汽车摆头,不懂保养汽车,行为,1499443200
汽车摆头,弹簧,器件,1499443200
汽车摆头,汽车摆头,故障,1499443200
没有阅读说明书,怠速不稳,故障,1483200000
没有阅读说明书,没有阅读说明书,行为,1483200000
没有阅读说明书,分电器盖,器件,1483545600
没有阅读说明书,分电器盖窜气故障,故障,1483545600
没有阅读说明书,没有阅读说明书,行为,1483718400
没有阅读说明书,活塞,器件,1483718400
没有阅读说明书,二极管,器件,1485705600
没有阅读说明书,启动困难,故障,1485705600
没有阅读说明书,气缸,器件,1485705600
没有阅读说明书,气缸盖锈穿,故障,1485705600
没有阅读说明书,没有阅读说明书,行为,1486224000
没有阅读说明书,行驶摇头,故障,1486224000
没有阅读说明书,电流表,器件,1486224000
没有阅读说明书,没有阅读说明书,行为,1489248000
没有阅读说明书,车垫,器件,1489248000
没有阅读说明书,方向盘,器件,1490803200
没有阅读说明书,方向盘故障,故障,1490803200
没有阅读说明书,制动器,器件,1491667200
没有阅读说明书,启动困难,故障,1491667200
没有阅读说明书,没有阅读说明书,行为,1491667200
没有阅读说明书,车灯,器件,1491667200
没有阅读说明书,开锅,故障,1492704000
没有阅读说明书,散热器,器件,1492704000
没有阅读说明书,启动困难,故障,1492704000
没有阅读说明书,喷油泵,器件,1492704000
没有阅读说明书,发动机,器件,1492704000
没有阅读说明书,容易熄火,故障,1492704000
没有阅读说明书,冒黑烟,故障,1493568000
没有阅读说明书,没有阅读说明书,行为,1493568000
没有阅读说明书,发动机,器件,1493568000
没有阅读说明书,动力不足,故障,1494604800
没有阅读说明书,发动机,器件,1494604800
没有阅读说明书,发动机,器件,1496505600
没有阅读说明书,发动机噪声大,故障,1496505600
没有阅读说明书,水温高,故障,1496678400
没有阅读说明书,没有阅读说明书,行为,1496678400
没有阅读说明书,仪表不显示,故障,1488038400
没有阅读说明书,保险丝,器件,1488038400
没有阅读说明书,怠速不稳,故障,1489334400
没有阅读说明书,没有阅读说明书,行为,1489334400
没有阅读说明书,怠速不稳,故障,1493654400
没有阅读说明书,没有阅读说明书,行为,1493654400
没有阅读说明书,发动机无法启动,故障,1503072000
没有阅读说明书,没有阅读说明书,行为,1503072000
没有阅读说明书,分离轴承,器件,1503072000
没有阅读说明书,没有阅读说明书,行为,1491753600
没有阅读说明书,感应线圈,器件,1491753600
没有阅读说明书,发动机动力不足,故障,1492444800
没有阅读说明书,水温传感器,器件,1492444800
没有阅读说明书,发动机缺火,故障,1492444800
没有阅读说明书,气缸,器件,1492444800
没有阅读说明书,没有阅读说明书,行为,1499961600
没有阅读说明书,三元催化器,器件,1499961600
没有阅读说明书,发动机故障,故障,1492358400
没有阅读说明书,气泵皮带,器件,1492358400
没有阅读说明书,没有阅读说明书,行为,1500220800
没有阅读说明书,油路中的空气排不净,故障,1500220800
没有阅读说明书,冷却系统,器件,1490803200
没有阅读说明书,加速时有节奏的异响,故障,1490803200
没有阅读说明书,排出大量蓝烟,故障,1493827200
没有阅读说明书,气缸垫,器件,1493827200
没有阅读说明书,化油器异响,故障,1496505600
没有阅读说明书,没有阅读说明书,行为,1496505600
没有阅读说明书,履带,器件,1494172800
没有阅读说明书,履带断裂,故障,1494172800
没有阅读说明书,没有阅读说明书,行为,1494000000
没有阅读说明书,油箱,器件,1494000000
没有阅读说明书,起动机,器件,1486224000
没有阅读说明书,发动机,器件,1483200000
没有阅读说明书,"发动机低速时的""吱吱""声",故障,1483200000
没有阅读说明书,发动机,器件,1501516800
没有阅读说明书,发动机连续“抱轴”,故障,1501516800
没有阅读说明书,制动阀,器件,1493740800
没有阅读说明书,制动阀漏气故障,故障,1493740800
没有阅读说明书,怠速不稳,故障,1488729600
没有阅读说明书,没有阅读说明书,行为,1488729600
没有阅读说明书,没有阅读说明书,行为,1490889600
没有阅读说明书,空调,器件,1490889600
没有阅读说明书,启动困难,故障,1493481600
没有阅读说明书,曲轴,器件,1493481600
没有阅读说明书,混合气,器件,1483200000
没有阅读说明书,没有阅读说明书,行为,1483545600
没有阅读说明书,活塞环折断,故障,1483718400
没有阅读说明书,没有阅读说明书,行为,1485705600
没有阅读说明书,钢板销衬套,器件,1486224000
没有阅读说明书,"起动困难 ",故障,1486224000
没有阅读说明书,转向困难,故障,1489248000
没有阅读说明书,没有阅读说明书,行为,1490803200
没有阅读说明书,车灯不亮,故障,1491667200
没有阅读说明书,没有阅读说明书,行为,1492704000
没有阅读说明书,消音器,器件,1493568000
没有阅读说明书,没有阅读说明书,行为,1494604800
没有阅读说明书,风扇叶片,器件,1496678400
没有阅读说明书,没有阅读说明书,行为,1488038400
没有阅读说明书,节温器,器件,1489334400
没有阅读说明书,进气管,器件,1493654400
没有阅读说明书,蓄电池,器件,1503072000
没有阅读说明书,离合器异响,故障,1503072000
没有阅读说明书,高压无火,故障,1491753600
没有阅读说明书,没有阅读说明书,行为,1492444800
没有阅读说明书,自动变速器不跳四档故障,故障,1499961600
没有阅读说明书,没有阅读说明书,行为,1492358400
没有阅读说明书,螺栓垫片,器件,1500220800
没有阅读说明书,没有阅读说明书,行为,1493827200
没有阅读说明书,螺母,器件,1496505600
没有阅读说明书,没有阅读说明书,行为,1494172800
没有阅读说明书,经常不来油,故障,1494000000
没有阅读说明书,起动机故障,故障,1486224000
没有阅读说明书,没有阅读说明书,行为,1501516800
没有阅读说明书,没有阅读说明书,行为,1493740800
没有阅读说明书,混合气,器件,1488729600
没有阅读说明书,空调不致冷,故障,1490889600
没有阅读说明书,没有阅读说明书,行为,1493481600
油泵,操作分心,行为,1495555200
油泵,油泵,器件,1495555200
油泵,油泵破裂,故障,1495555200
油泵破裂,操作分心,行为,1495555200
油泵破裂,油泵,器件,1495555200
油泵破裂,油泵破裂,故障,1495555200
油管,不定时检查车况,行为,1484409600
油管,启动困难,故障,1484409600
油管,油管,器件,1484409600
油箱,上次修理失当,行为,1469808000
油箱,油箱,器件,1469808000
油箱,操作分心,行为,1484409600
油箱,油箱,器件,1484409600
油箱,没有阅读说明书,行为,1494000000
油箱,油箱,器件,1494000000
油箱,熄火,故障,1469808000
油箱,熄火,故障,1484409600
油箱,经常不来油,故障,1494000000
油表,修理不当,行为,1494345600
油表,油表,器件,1494345600
油表,油表指针下降得很慢,故障,1494345600
油表不准,意外,行为,1496937600
油表不准,油表不准,故障,1496937600
油表不准,油表显示器,器件,1496937600
油表指针下降得很慢,修理不当,行为,1494345600
油表指针下降得很慢,油表,器件,1494345600
油表指针下降得很慢,油表指针下降得很慢,故障,1494345600
油表显示器,意外,行为,1496937600
油表显示器,油表不准,故障,1496937600
油表显示器,油表显示器,器件,1496937600
油路中的空气排不净,没有阅读说明书,行为,1500220800
油路中的空气排不净,油路中的空气排不净,故障,1500220800
油路中的空气排不净,螺栓垫片,器件,1500220800
活动触点臂,活动触点臂,器件,1494000000
活动触点臂,熄火,故障,1494000000
活动触点臂,粗心,行为,1494000000
活塞,没有阅读说明书,行为,1483718400
活塞,活塞,器件,1483718400
活塞,活塞环折断,故障,1483718400
活塞环,不懂保养汽车,行为,1491321600
活塞环,活塞环,器件,1491321600
活塞环,活塞环折断,故障,1491321600
活塞环折断,没有阅读说明书,行为,1483718400
活塞环折断,活塞,器件,1483718400
活塞环折断,不懂保养汽车,行为,1491321600
活塞环折断,活塞环,器件,1491321600
活塞环折断,活塞环折断,故障,1483718400
活塞环折断,活塞环折断,故障,1491321600
消声器,不懂保养汽车,行为,1486569600
消声器,消声器,器件,1486569600
消声器,消声器,器件,1497715200
消声器,消声器爆裂,故障,1497715200
消声器,消声器爆裂,故障,1486569600
消声器,驾驶不当,行为,1497715200
消声器冒黑烟,消声器冒黑烟,故障,1494604800
消声器冒黑烟,火花塞陶,器件,1494604800
消声器冒黑烟,粗心,行为,1494604800
消声器爆裂,消声器爆裂,故障,1483718400
消声器爆裂,消音器,器件,1483718400
消声器爆裂,不懂保养汽车,行为,1486569600
消声器爆裂,消声器,器件,1486569600
消声器爆裂,消声器,器件,1497715200
消声器爆裂,消声器爆裂,故障,1497715200
消声器爆裂,驾驶不当,行为,1483718400
消声器爆裂,消声器爆裂,故障,1486569600
消声器爆裂,驾驶不当,行为,1497715200
消音器,消声器爆裂,故障,1483718400
消音器,消音器,器件,1483718400
消音器,冒黑烟,故障,1493568000
消音器,没有阅读说明书,行为,1493568000
消音器,不懂保养汽车,行为,1493568000
消音器,驾驶不当,行为,1483718400
消音器,消音器,器件,1493568000
混合气,怠速不稳,故障,1483200000
混合气,没有阅读说明书,行为,1483200000
混合气,操作分心,行为,1483200000
混合气,混合气,器件,1483200000
混合气,不懂保养汽车,行为,1487433600
混合气,混合气,器件,1487433600
混合气,行驶无力,故障,1487433600
混合气,异响,故障,1489248000
混合气,混合气,器件,1489248000
混合气,怠速不稳,故障,1483286400
混合气,操作分心,行为,1483286400
混合气,怠速不稳,故障,1500652800
混合气,混合气,器件,1500652800
混合气,怠速不稳,故障,1488470400
混合气,意外,行为,1488470400
混合气,怠速不稳,故障,1488729600
混合气,没有阅读说明书,行为,1488729600
混合气,驾驶不当,行为,1483200000
混合气,责任心不强,行为,1487433600
混合气,驾驶不当,行为,1489248000
混合气,混合气,器件,1483286400
混合气,驾驶不当,行为,1500652800
混合气,混合气,器件,1488470400
混合气,混合气,器件,1488729600
漏水,修理不当,行为,1486224000
漏水,水箱盖,器件,1486224000
漏水,漏水,故障,1486224000
漏油,修理不当,行为,1485705600
漏油,漏油,故障,1485705600
漏油,轴承,器件,1485705600
激磁二极管,充电指示灯不熄灭,故障,1485100800
激磁二极管,操作分心,行为,1485100800
激磁二极管,激磁二极管,器件,1485100800
火线圈，点火开关,上次修理失当,行为,1496332800
火线圈，点火开关,火线圈，点火开关,器件,1496332800
火线圈，点火开关,爬坡无力,故障,1496332800
火花塞,冒黑烟,故障,1487088000
火花塞,操作分心,行为,1487088000
火花塞,不定时检查车况,行为,1494000000
火花塞,发动机异响,故障,1494000000
火花塞,修理不当,行为,1500220800
火花塞,怠速不稳,故障,1500220800
火花塞,火花塞,器件,1487088000
火花塞,火花塞,器件,1494000000
火花塞,火花塞,器件,1500220800
火花塞陶,消声器冒黑烟,故障,1494604800
火花塞陶,火花塞陶,器件,1494604800
火花塞陶,粗心,行为,1494604800
灯常亮,上次修理失当,行为,1494777600
灯常亮,灯常亮,故障,1494777600
灯常亮,线,器件,1494777600
灯泡座,不定时检查车况,行为,1493740800
灯泡座,灯泡座,器件,1493740800
灯泡座,灯泡座被污物覆盖,故障,1493740800
灯泡座被污物覆盖,不定时检查车况,行为,1493740800
灯泡座被污物覆盖,灯泡座,器件,1493740800
灯泡座被污物覆盖,灯泡座被污物覆盖,故障,1493740800
点火器,启动困难,故障,1483200000
点火器,点火器,器件,1483200000
点火器,粗心,行为,1483200000
点火困难,操作分心,行为,1497974400
点火困难,喷油头,器件,1497974400
点火困难,上次修理失当,行为,1483718400
点火困难,喷油头,器件,1483718400
点火困难,点火困难,故障,1497974400
点火困难,点火困难,故障,1483718400
点火开关,修理不当,行为,1483200000
点火开关,启动困难,故障,1483200000
点火开关,不懂保养汽车,行为,1483545600
点火开关,启动困难,故障,1483545600
点火开关,点火开关,器件,1483545600
点火开关,修理不当,行为,1498147200
点火开关,启动困难,故障,1498147200
点火开关,冷启动困难,故障,1485878400
点火开关,点火开关,器件,1485878400
点火开关,冷启动困难,故障,1498838400
点火开关,意外,行为,1498838400
点火开关,不定时检查车况,行为,1491235200
点火开关,冷启动困难,故障,1491235200
点火开关,点火开关,器件,1483200000
点火开关,粗心,行为,1483545600
点火开关,知道故障不修理,行为,1483545600
点火开关,点火开关,器件,1498147200
点火开关,知道故障不修理,行为,1485878400
点火开关,点火开关,器件,1498838400
点火开关,点火开关,器件,1491235200
点火控制器,修理不当,行为,1500739200
点火控制器,点火控制器,器件,1500739200
点火控制器,修理不当,行为,1484928000
点火控制器,点火控制器,器件,1484928000
点火控制器,熄火,故障,1500739200
点火控制器,突然熄火后不能启动,故障,1484928000
点火线圈,不懂保养汽车,行为,1490803200
点火线圈,点火线圈,器件,1490803200
点火线圈,操作分心,行为,1488470400
点火线圈,点火线圈,器件,1488470400
点火线圈,不定时检查车况,行为,1488729600
点火线圈,点火线圈,器件,1488729600
点火线圈,触点烧蚀,故障,1490803200
点火线圈,电阻断路,故障,1488470400
点火线圈,点火线圈突然爆炸,故障,1488729600
点火线圈突然爆炸,不定时检查车况,行为,1488729600
点火线圈突然爆炸,点火线圈,器件,1488729600
点火线圈突然爆炸,点火线圈突然爆炸,故障,1488729600
烧机油,机油,器件,1492876800
烧机油,烧机油,故障,1492876800
烧机油,知道故障不修理,行为,1492876800
熄火,意外,行为,1485964800
熄火,发动机,器件,1485964800
熄火,修理不当,行为,1500739200
熄火,点火控制器,器件,1500739200
熄火,不懂保养汽车,行为,1494518400
熄火,分电器断电臂,器件,1494518400
熄火,活动触点臂,器件,1494000000
熄火,熄火,故障,1494000000
熄火,修理不当,行为,1495555200
熄火,曲轴位置传感器，发动机电子控制器ECU插接头,器件,1495555200
熄火,启动机开关,器件,1490371200
熄火,熄火,故障,1490371200
熄火,上次修理失当,行为,1469808000
熄火,油箱,器件,1469808000
熄火,操作分心,行为,1484409600
熄火,油箱,器件,1484409600
熄火,熄火,故障,1485964800
熄火,熄火,故障,1500739200
熄火,熄火,故障,1494518400
熄火,粗心,行为,1494000000
熄火,熄火,故障,1495555200
熄火,责任心不强,行为,1490371200
熄火,熄火,故障,1469808000
熄火,熄火,故障,1484409600
熄火困难,修理不当,行为,1487433600
熄火困难,发电机,器件,1487433600
熄火困难,熄火困难,故障,1487433600
熄火难,修理不当,行为,1495123200
熄火难,发电机故障,故障,1495123200
熄火难,熄火难,故障,1495123200
熄火，发动不着,上次修理失当,行为,1489766400
熄火，发动不着,汽缸垫,器件,1489766400
熄火，发动不着,熄火，发动不着,故障,1489766400
熄火，发动机故障,熄火，发动机故障,故障,1500220800
熄火，发动机故障,电脑模块,器件,1500220800
熄火，发动机故障,知道故障不修理,行为,1500220800
熔丝,不定时检查车况,行为,1494518400
熔丝,熔丝,器件,1494518400
熔丝,熔丝连续熔断,故障,1494518400
熔丝连续熔断,不定时检查车况,行为,1494518400
熔丝连续熔断,熔丝,器件,1494518400
熔丝连续熔断,熔丝连续熔断,故障,1494518400
燃润料消耗异常,变速器,器件,1488470400
燃润料消耗异常,燃润料消耗异常,故障,1488470400
燃润料消耗异常,知道故障不修理,行为,1488470400
燃爆限制器,修理不当,行为,1484236800
燃爆限制器,发动机工作不良,故障,1484236800
燃爆限制器,燃爆限制器,器件,1484236800
爆燃,气缸,器件,1487433600
爆燃,爆燃,故障,1487433600
爆燃,曲轴箱,器件,1487433600
爆燃,驾驶不当,行为,1487433600
爬坡无力,上次修理失当,行为,1496332800
爬坡无力,火线圈，点火开关,器件,1496332800
爬坡无力,爬坡无力,故障,1496332800
电刷,交流发电机充电电流不稳定,故障,1497974400
电刷,意外,行为,1497974400
电刷,电刷,器件,1497974400
电压的原因,电压的原因,故障,1494345600
电压的原因,知道故障不修理,行为,1494345600
电压的原因,车窗,器件,1494345600
电器传动轴,电器传动轴,器件,1487088000
电器传动轴,电器传动轴松动,故障,1487088000
电器传动轴,知道故障不修理,行为,1487088000
电器传动轴松动,电器传动轴,器件,1487088000
电器传动轴松动,电器传动轴松动,故障,1487088000
电器传动轴松动,知道故障不修理,行为,1487088000
电机,中控锁故障,故障,1492531200
电机,操作分心,行为,1492531200
电机,电机,器件,1492531200
电枢轴,不懂保养汽车,行为,1483545600
电枢轴,电枢轴,器件,1483545600
电枢轴,电枢轴脱焊造成起动机空转,故障,1483545600
电枢轴脱焊造成起动机空转,不懂保养汽车,行为,1483545600
电枢轴脱焊造成起动机空转,电枢轴,器件,1483545600
电枢轴脱焊造成起动机空转,电枢轴脱焊造成起动机空转,故障,1483545600
电流表,没有阅读说明书,行为,1486224000
电流表,电流表,器件,1486224000
电流表,不懂保养汽车,行为,1486224000
电流表,"起动困难 ",故障,1486224000
电磁开关,电磁开关,器件,1490198400
电磁开关,起动机转动无力,故障,1490198400
电磁开关,驾驶不当,行为,1490198400
电磁阀,意外,行为,1484496000
电磁阀,换档冲击,故障,1484496000
电磁阀,电磁阀,器件,1484496000
电脑模块,修理不当,行为,1493568000
电脑模块,启动困难,故障,1493568000
电脑模块,启动困难,故障,1484150400
电脑模块,电脑模块,器件,1484150400
电脑模块,上次修理失当,行为,1484496000
电脑模块,发动机故障,故障,1484496000
电脑模块,熄火，发动机故障,故障,1500220800
电脑模块,电脑模块,器件,1500220800
电脑模块,电脑模块,器件,1493568000
电脑模块,责任心不强,行为,1484150400
电脑模块,电脑模块,器件,1484496000
电脑模块,知道故障不修理,行为,1500220800
电路,操作分心,行为,1488470400
电路,电路,器件,1488470400
电路,电路故障,故障,1488470400
电路故障,修理不当,行为,1488470400
电路故障,电路故障,故障,1488470400
电路故障,操作分心,行为,1488470400
电路故障,电路,器件,1488470400
电路故障,绝缘垫,器件,1488470400
电阻,不懂保养汽车,行为,1483286400
电阻,电阻,器件,1483286400
电阻,空调故障,故障,1483286400
电阻断路,操作分心,行为,1488470400
电阻断路,点火线圈,器件,1488470400
电阻断路,电阻断路,故障,1488470400
真空阀,上次修理失当,行为,1488729600
真空阀,制动时熄火,故障,1488729600
真空阀,真空阀,器件,1488729600
知道故障不修理,启动困难,故障,1483545600
知道故障不修理,点火开关,器件,1483545600
知道故障不修理,启动困难,故障,1484236800
知道故障不修理,知道故障不修理,行为,1484236800
知道故障不修理,电器传动轴,器件,1487088000
知道故障不修理,电器传动轴松动,故障,1487088000
知道故障不修理,发动机,器件,1489248000
知道故障不修理,启动困难,故障,1489248000
知道故障不修理,启动困难,故障,1491667200
知道故障不修理,知道故障不修理,行为,1491667200
知道故障不修理,开锅,故障,1492704000
知道故障不修理,散热器,器件,1492704000
知道故障不修理,动力不足,故障,1493568000
知道故障不修理,发动机,器件,1493568000
知道故障不修理,知道故障不修理,行为,1494604800
知道故障不修理,发动机,器件,1494604800
知道故障不修理,启动困难,故障,1488384000
知道故障不修理,知道故障不修理,行为,1488384000
知道故障不修理,发动机故障,故障,1499616000
知道故障不修理,知道故障不修理,行为,1499616000
知道故障不修理,发动机故障,故障,1500220800
知道故障不修理,知道故障不修理,行为,1500220800
知道故障不修理,熄火，发动机故障,故障,1500220800
知道故障不修理,电脑模块,器件,1500220800
知道故障不修理,凸轮轴,器件,1500393600
知道故障不修理,发动机回火,故障,1500393600
知道故障不修理,正时齿轮,器件,1484323200
知道故障不修理,正时齿轮发响,故障,1484323200
知道故障不修理,交流发电机充电电流不稳定,故障,1500307200
知道故障不修理,传动皮带,器件,1500307200
知道故障不修理,发动机故障,故障,1492531200
知道故障不修理,知道故障不修理,行为,1492531200
知道故障不修理,变速器,器件,1488470400
知道故障不修理,燃润料消耗异常,故障,1488470400
知道故障不修理,知道故障不修理,行为,1488902400
知道故障不修理,耗油量明显增加、运行中加速不良,故障,1488902400
知道故障不修理,化油器,器件,1488470400
知道故障不修理,化油器保养不当,故障,1488470400
知道故障不修理,知道故障不修理,行为,1488470400
知道故障不修理,单向阀弹簧,器件,1488470400
知道故障不修理,电压的原因,故障,1494345600
知道故障不修理,知道故障不修理,行为,1494345600
知道故障不修理,冷启动困难,故障,1485878400
知道故障不修理,点火开关,器件,1485878400
知道故障不修理,加速时机油压力指示灯会点亮,故障,1494000000
知道故障不修理,机油压力指示灯,器件,1494000000
知道故障不修理,发动机,器件,1496678400
知道故障不修理,发动机异响,故障,1496678400
知道故障不修理,机油,器件,1492876800
知道故障不修理,烧机油,故障,1492876800
知道故障不修理,知道故障不修理,行为,1492099200
知道故障不修理,起动机,器件,1492099200
知道故障不修理,气缸,器件,1485964800
知道故障不修理,气缸不工作,故障,1485964800
知道故障不修理,发动机,器件,1488988800
知道故障不修理,发动机异响,故障,1488988800
知道故障不修理,发电机,器件,1485964800
知道故障不修理,发电机不发电故障,故障,1485964800
知道故障不修理,知道故障不修理,行为,1493740800
知道故障不修理,发动机,器件,1493740800
知道故障不修理,知道故障不修理,行为,1483545600
知道故障不修理,起动机轴承,器件,1484236800
知道故障不修理,知道故障不修理,行为,1487088000
知道故障不修理,知道故障不修理,行为,1489248000
知道故障不修理,起动机,器件,1491667200
知道故障不修理,知道故障不修理,行为,1492704000
知道故障不修理,知道故障不修理,行为,1493568000
知道故障不修理,行驶无力,故障,1494604800
知道故障不修理,进油管,器件,1488384000
知道故障不修理,螺栓,器件,1499616000
知道故障不修理,螺栓,器件,1500220800
知道故障不修理,知道故障不修理,行为,1500393600
知道故障不修理,知道故障不修理,行为,1484323200
知道故障不修理,知道故障不修理,行为,1500307200
知道故障不修理,风扇离合器,器件,1492531200
知道故障不修理,螺钉,器件,1488902400
知道故障不修理,"起动困难 ",故障,1488470400
知道故障不修理,车窗,器件,1494345600
知道故障不修理,知道故障不修理,行为,1485878400
知道故障不修理,知道故障不修理,行为,1494000000
知道故障不修理,知道故障不修理,行为,1496678400
知道故障不修理,知道故障不修理,行为,1492876800
知道故障不修理,起动机空转,故障,1492099200
知道故障不修理,知道故障不修理,行为,1485964800
知道故障不修理,知道故障不修理,行为,1488988800
知道故障不修理,高温易熄火,故障,1493740800
离合器,异响,故障,1489248000
离合器,离合器,器件,1489248000
离合器,换挡困难,故障,1490803200
离合器,离合器,器件,1490803200
离合器,换挡困难,故障,1491667200
离合器,离合器,器件,1491667200
离合器,不定时检查车况,行为,1491667200
离合器,离合器,器件,1491321600
离合器,离合器发料,故障,1491321600
离合器,修理不当,行为,1486224000
离合器,离合器,器件,1486224000
离合器,离合器,器件,1492444800
离合器,离合器故障,故障,1492444800
离合器,意外,行为,1493913600
离合器,离合器,器件,1493913600
离合器,修理不当,行为,1494518400
离合器,离合器,器件,1494518400
离合器,离合器,器件,1493740800
离合器,离合器传动销故障,故障,1493740800
离合器,粗心,行为,1489248000
离合器,粗心,行为,1490803200
离合器,驾驶不当,行为,1491667200
离合器,责任心不强,行为,1491321600
离合器,离合器故障,故障,1486224000
离合器,责任心不强,行为,1492444800
离合器,离合器故障,故障,1493913600
离合器,离合器异响,故障,1494518400
离合器,驾驶不当,行为,1493740800
离合器传动销故障,离合器,器件,1493740800
离合器传动销故障,离合器传动销故障,故障,1493740800
离合器传动销故障,驾驶不当,行为,1493740800
离合器发料,离合器,器件,1491321600
离合器发料,离合器发料,故障,1491321600
离合器发料,责任心不强,行为,1491321600
离合器异响,没有阅读说明书,行为,1503072000
离合器异响,分离轴承,器件,1503072000
离合器异响,从动盘,器件,1497715200
离合器异响,离合器异响,故障,1497715200
离合器异响,修理不当,行为,1494518400
离合器异响,离合器,器件,1494518400
离合器异响,离合器异响,故障,1503072000
离合器异响,驾驶不当,行为,1497715200
离合器异响,离合器异响,故障,1494518400
离合器故障,离合器故障,故障,1495123200
离合器故障,粗心,行为,1495123200
离合器故障,修理不当,行为,1486224000
离合器故障,离合器,器件,1486224000
离合器故障,离合器,器件,1492444800
离合器故障,离合器故障,故障,1492444800
离合器故障,意外,行为,1493913600
离合器故障,离合器,器件,1493913600
离合器故障,螺栓,器件,1495123200
离合器故障,离合器故障,故障,1486224000
离合器故障,责任心不强,行为,1492444800
离合器故障,离合器故障,故障,1493913600
空气流量计,发动机动力不足,故障,1492444800
空气流量计,空气流量计,器件,1492444800
空气流量计,粗心,行为,1492444800
空调,空调,器件,1491321600
空调,空调不制冷,故障,1491321600
空调,修理不当,行为,1493395200
空调,空调,器件,1493395200
空调,没有阅读说明书,行为,1490889600
空调,空调,器件,1490889600
空调,驾驶不当,行为,1491321600
空调,空调故障,故障,1493395200
空调,空调不致冷,故障,1490889600
空调不制冷,空调,器件,1491321600
空调不制冷,空调不制冷,故障,1491321600
空调不制冷,驾驶不当,行为,1491321600
空调不致冷,没有阅读说明书,行为,1490889600
空调不致冷,空调,器件,1490889600
空调不致冷,空调不致冷,故障,1490889600
空调压缩机跳动,不懂保养汽车,行为,1499961600
空调压缩机跳动,压力开关,器件,1499961600
空调压缩机跳动,空调压缩机跳动,故障,1499961600
空调故障,低压管,器件,1499961600
空调故障,空调故障,故障,1499961600
空调故障,不懂保养汽车,行为,1483286400
空调故障,电阻,器件,1483286400
空调故障,修理不当,行为,1493395200
空调故障,空调,器件,1493395200
空调故障,责任心不强,行为,1499961600
空调故障,空调故障,故障,1483286400
空调故障,空调故障,故障,1493395200
突然熄火后不能启动,修理不当,行为,1484928000
突然熄火后不能启动,点火控制器,器件,1484928000
突然熄火后不能启动,突然熄火后不能启动,故障,1484928000
粗心,启动困难,故障,1483200000
粗心,点火器,器件,1483200000
粗心,启动困难,故障,1483545600
粗心,点火开关,器件,1483545600
粗心,粗心,行为,1486224000
粗心,齿轮,器件,1486224000
粗心,异响,故障,1489248000
粗心,离合器,器件,1489248000
粗心,换挡困难,故障,1490803200
粗心,离合器,器件,1490803200
粗心,活动触点臂,器件,1494000000
粗心,熄火,故障,1494000000
粗心,怠速不稳,故障,1484668800
粗心,粗心,行为,1484668800
粗心,发动机动力不足,故障,1492444800
粗心,空气流量计,器件,1492444800
粗心,发动机故障,故障,1495728000
粗心,气门推杆,器件,1495728000
粗心,离合器故障,故障,1495123200
粗心,粗心,行为,1495123200
粗心,变速器,器件,1487606400
粗心,变速器乱档,故障,1487606400
粗心,粗心,行为,1491926400
粗心,飞轮,器件,1491926400
粗心,消声器冒黑烟,故障,1494604800
粗心,火花塞陶,器件,1494604800
粗心,五缸连杆瓦,器件,1488211200
粗心,发动机异响,故障,1488211200
粗心,粗心,行为,1486051200
粗心,转向灯,器件,1486051200
粗心,发动机,器件,1496851200
粗心,发动机异响,故障,1496851200
粗心,发动机,器件,1497888000
粗心,发动机工作不正常,故障,1497888000
粗心,机油泵驱动齿轮异响故障,故障,1487779200
粗心,粗心,行为,1487779200
粗心,履带,器件,1496592000
粗心,履带断裂,故障,1496592000
粗心,化油器,器件,1500048000
粗心,化油器故障,故障,1500048000
粗心,粗心,行为,1497542400
粗心,发动机,器件,1497542400
粗心,汽油发动机,器件,1488038400
粗心,汽油发动机故障,故障,1488038400
粗心,发动机,器件,1493740800
粗心,急加速不良,故障,1493740800
粗心,排除气阻故障,故障,1488384000
粗心,汽油管路及汽油泵,器件,1488384000
粗心,分离轴,器件,1488729600
粗心,分离轴承烧蚀引发的故障,故障,1488729600
粗心,粗心,行为,1488988800
粗心,输出泵,器件,1488988800
粗心,发动机,器件,1499270400
粗心,发动机无法启动,故障,1499270400
粗心,发动机,器件,1492876800
粗心,发动机无法启动,故障,1492876800
粗心,发动机,器件,1498320000
粗心,怠速不稳,故障,1498320000
粗心,凸轮轴轴,器件,1495728000
粗心,凸轮轴轴承响,故障,1495728000
粗心,粗心,行为,1483200000
粗心,粗心,行为,1483545600
粗心,齿轮损坏,故障,1486224000
粗心,粗心,行为,1489248000
粗心,粗心,行为,1490803200
粗心,粗心,行为,1494000000
粗心,节气门位置传感器怠速开关,器件,1484668800
粗心,粗心,行为,1492444800
粗心,粗心,行为,1495728000
粗心,螺栓,器件,1495123200
粗心,粗心,行为,1487606400
粗心,飞轮壳易损坏,故障,1491926400
粗心,粗心,行为,1494604800
粗心,粗心,行为,1488211200
粗心,转向灯点亮时闪烁的频率比平时快,故障,1486051200
粗心,粗心,行为,1496851200
粗心,粗心,行为,1497888000
粗心,骊山LS6911,器件,1487779200
粗心,粗心,行为,1496592000
粗心,粗心,行为,1500048000
粗心,配气相位严重错乱,故障,1497542400
粗心,粗心,行为,1488038400
粗心,粗心,行为,1493740800
粗心,粗心,行为,1488384000
粗心,粗心,行为,1488729600
粗心,输油泵故障,故障,1488988800
粗心,粗心,行为,1499270400
粗心,粗心,行为,1492876800
粗心,粗心,行为,1498320000
线,上次修理失当,行为,1494777600
线,灯常亮,故障,1494777600
线,线,器件,1494777600
组合仪表,不定时检查车况,行为,1486224000
组合仪表,水温高,故障,1486224000
组合仪表,组合仪表,器件,1486224000
经常不来油,没有阅读说明书,行为,1494000000
经常不来油,油箱,器件,1494000000
经常不来油,经常不来油,故障,1494000000
绝缘垫,修理不当,行为,1488470400
绝缘垫,电路故障,故障,1488470400
绝缘垫,绝缘垫,器件,1488470400
缺门反复发响,气门,器件,1493568000
缺门反复发响,缺门反复发响,故障,1493568000
缺门反复发响,责任心不强,行为,1493568000
耗油过大,发动机,器件,1492704000
耗油过大,耗油过大,故障,1492704000
耗油过大,责任心不强,行为,1492704000
耗油量明显增加、运行中加速不良,知道故障不修理,行为,1488902400
耗油量明显增加、运行中加速不良,耗油量明显增加、运行中加速不良,故障,1488902400
耗油量明显增加、运行中加速不良,螺钉,器件,1488902400
脱档,操作分心,行为,1486569600
脱档,扁线束,器件,1486569600
脱档,脱档,故障,1486569600
自动变速器不跳四档故障,没有阅读说明书,行为,1499961600
自动变速器不跳四档故障,三元催化器,器件,1499961600
自动变速器不跳四档故障,自动变速器不跳四档故障,故障,1499961600
节气门,发动机动力不足,故障,1503072000
节气门,操作分心,行为,1503072000
节气门,节气门,器件,1503072000
节气门位置传感器怠速开关,怠速不稳,故障,1484668800
节气门位置传感器怠速开关,粗心,行为,1484668800
节气门位置传感器怠速开关,节气门位置传感器怠速开关,器件,1484668800
节温器,不懂保养汽车,行为,1488038400
节温器,水温高,故障,1488038400
节温器,意外,行为,1485014400
节温器,水温高,故障,1485014400
节温器,怠速不稳,故障,1489334400
节温器,节温器,器件,1489334400
节温器,没有阅读说明书,行为,1489334400
节温器,节温器,器件,1488038400
节温器,节温器,器件,1485014400
节温器,责任心不强,行为,1489334400
节温器，冷却系,不懂保养汽车,行为,1484668800
节温器，冷却系,水温高,故障,1484668800
节温器，冷却系,节温器，冷却系,器件,1484668800
蓄电池,意外,行为,1487433600
蓄电池,蓄电池,器件,1487433600
蓄电池,怠速不稳,故障,1484496000
蓄电池,蓄电池,器件,1484496000
蓄电池,发动机无法启动,故障,1503072000
蓄电池,没有阅读说明书,行为,1503072000
蓄电池,不懂保养汽车,行为,1494259200
蓄电池,蓄电池,器件,1494259200
蓄电池,蓄电池损坏,故障,1487433600
蓄电池,驾驶不当,行为,1484496000
蓄电池,责任心不强,行为,1484496000
蓄电池,蓄电池,器件,1503072000
蓄电池,蓄电池突然损坏,故障,1494259200
蓄电池损坏,意外,行为,1487433600
蓄电池损坏,蓄电池,器件,1487433600
蓄电池损坏,蓄电池损坏,故障,1487433600
蓄电池突然损坏,不定时检查车况,行为,1499270400
蓄电池突然损坏,蓄电池突然损坏,故障,1499270400
蓄电池突然损坏,不懂保养汽车,行为,1494259200
蓄电池突然损坏,蓄电池,器件,1494259200
蓄电池突然损坏,起动机,器件,1499270400
蓄电池突然损坏,蓄电池突然损坏,故障,1494259200
螺帽,发动机故障,故障,1495987200
螺帽,操作分心,行为,1495987200
螺帽,不懂保养汽车,行为,1495468800
螺帽,发动机故障,故障,1495468800
螺帽,螺帽,器件,1495987200
螺帽,螺帽,器件,1495468800
螺栓,发动机故障,故障,1499616000
螺栓,知道故障不修理,行为,1499616000
螺栓,发动机故障,故障,1500220800
螺栓,知道故障不修理,行为,1500220800
螺栓,修理不当,行为,1495987200
螺栓,发动机故障,故障,1495987200
螺栓,离合器故障,故障,1495123200
螺栓,粗心,行为,1495123200
螺栓,螺栓,器件,1499616000
螺栓,螺栓,器件,1500220800
螺栓,螺栓,器件,1495987200
螺栓,螺栓,器件,1495123200
螺栓垫片,没有阅读说明书,行为,1500220800
螺栓垫片,油路中的空气排不净,故障,1500220800
螺栓垫片,螺栓垫片,器件,1500220800
螺母,化油器异响,故障,1496505600
螺母,没有阅读说明书,行为,1496505600
螺母,螺母,器件,1496505600
螺钉,知道故障不修理,行为,1488902400
螺钉,耗油量明显增加、运行中加速不良,故障,1488902400
螺钉,螺钉,器件,1488902400
行驶摇头,没有阅读说明书,行为,1486224000
行驶摇头,行驶摇头,故障,1486224000
行驶摇头,钢板销衬套,器件,1486224000
行驶无力,汽油泵,器件,1484236800
行驶无力,行驶无力,故障,1484236800
行驶无力,不懂保养汽车,行为,1487433600
行驶无力,混合气,器件,1487433600
行驶无力,行驶无力,故障,1487433600
行驶无力,变速器,器件,1489248000
行驶无力,行驶无力,故障,1489248000
行驶无力,意外,行为,1489248000
行驶无力,不定时检查车况,行为,1491667200
行驶无力,发动机,器件,1491667200
行驶无力,制动阀,器件,1491667200
行驶无力,行驶无力,故障,1491667200
行驶无力,操作分心,行为,1491667200
行驶无力,发动机,器件,1493568000
行驶无力,行驶无力,故障,1493568000
行驶无力,知道故障不修理,行为,1494604800
行驶无力,发动机,器件,1494604800
行驶无力,意外,行为,1494604800
行驶无力,行驶无力,故障,1494604800
行驶无力,驾驶不当,行为,1484236800
行驶无力,责任心不强,行为,1487433600
行驶无力,责任心不强,行为,1489248000
行驶无力,贮气筒,器件,1489248000
行驶无力,责任心不强,行为,1491667200
行驶无力,责任心不强,行为,1493568000
行驶无力,责任心不强,行为,1494604800
行驶时车辆的转向盘难于操纵,行驶时车辆的转向盘难于操纵,故障,1488988800
行驶时车辆的转向盘难于操纵,责任心不强,行为,1488988800
行驶时车辆的转向盘难于操纵,转向盘,器件,1488988800
触点烧蚀,不懂保养汽车,行为,1490803200
触点烧蚀,点火线圈,器件,1490803200
触点烧蚀,触点烧蚀,故障,1490803200
调节器,交流发电机充电电流不稳定,故障,1488124800
调节器,修理不当,行为,1488124800
调节器,调节器,器件,1488124800
责任心不强,发动机,器件,1483718400
责任心不强,开锅故障,故障,1483718400
责任心不强,二极管,器件,1484236800
责任心不强,启动困难,故障,1484236800
责任心不强,混合气,器件,1487433600
责任心不强,行驶无力,故障,1487433600
责任心不强,变速器,器件,1489248000
责任心不强,行驶无力,故障,1489248000
责任心不强,制动阀,器件,1491667200
责任心不强,行驶无力,故障,1491667200
责任心不强,发动机,器件,1492704000
责任心不强,耗油过大,故障,1492704000
责任心不强,变速器,器件,1493568000
责任心不强,变速困难,故障,1493568000
责任心不强,发动机,器件,1493568000
责任心不强,怠速不稳,故障,1493568000
责任心不强,行驶无力,故障,1493568000
责任心不强,发动机,器件,1494604800
责任心不强,行驶无力,故障,1494604800
责任心不强,启动困难,故障,1484150400
责任心不强,电脑模块,器件,1484150400
责任心不强,制动跑偏,故障,1489852800
责任心不强,责任心不强,行为,1489852800
责任心不强,离合器,器件,1491321600
责任心不强,离合器发料,故障,1491321600
责任心不强,怠速不稳,故障,1484496000
责任心不强,蓄电池,器件,1484496000
责任心不强,低压管,器件,1499961600
责任心不强,空调故障,故障,1499961600
责任心不强,怠速不稳,故障,1489334400
责任心不强,节温器,器件,1489334400
责任心不强,分电器,器件,1484409600
责任心不强,怠速不稳,故障,1484409600
责任心不强,启动机开关,器件,1490371200
责任心不强,熄火,故障,1490371200
责任心不强,二极管接线螺杆,器件,1484668800
责任心不强,充电指示灯不熄灭,故障,1484668800
责任心不强,责任心不强,行为,1497715200
责任心不强,转向沉重,故障,1497715200
责任心不强,凸轮轴,器件,1495728000
责任心不强,发动机故障,故障,1495728000
责任心不强,离合器,器件,1492444800
责任心不强,离合器故障,故障,1492444800
责任心不强,变速器,器件,1499443200
责任心不强,变速器换挡困难,故障,1499443200
责任心不强,责任心不强,行为,1499616000
责任心不强,"起动困难 ",故障,1499616000
责任心不强,冒黑烟，动力不足,故障,1495296000
责任心不强,发动机,器件,1495296000
责任心不强,打转向沉重费力,故障,1496937600
责任心不强,责任心不强,行为,1496937600
责任心不强,故障灯,器件,1498060800
责任心不强,故障灯无故亮起,故障,1498060800
责任心不强,行驶时车辆的转向盘难于操纵,故障,1488988800
责任心不强,责任心不强,行为,1488988800
责任心不强,发动机,器件,1497715200
责任心不强,怠速不稳且不易起动,故障,1497715200
责任心不强,气门,器件,1493568000
责任心不强,缺门反复发响,故障,1493568000
责任心不强,分电器盖,器件,1493049600
责任心不强,分电器盖窜电,故障,1493049600
责任心不强,排气管,器件,1492704000
责任心不强,排气管冒黑烟,故障,1492704000
责任心不强,责任心不强,行为,1483718400
责任心不强,责任心不强,行为,1484236800
责任心不强,责任心不强,行为,1487433600
责任心不强,责任心不强,行为,1489248000
责任心不强,责任心不强,行为,1491667200
责任心不强,责任心不强,行为,1492704000
责任心不强,责任心不强,行为,1493568000
责任心不强,责任心不强,行为,1494604800
责任心不强,责任心不强,行为,1484150400
责任心不强,钢板弹簧栓,器件,1489852800
责任心不强,责任心不强,行为,1491321600
责任心不强,责任心不强,行为,1484496000
责任心不强,责任心不强,行为,1499961600
责任心不强,责任心不强,行为,1489334400
责任心不强,责任心不强,行为,1484409600
责任心不强,责任心不强,行为,1490371200
责任心不强,责任心不强,行为,1484668800
责任心不强,轮胎,器件,1497715200
责任心不强,责任心不强,行为,1495728000
责任心不强,责任心不强,行为,1492444800
责任心不强,责任心不强,行为,1499443200
责任心不强,起动机轴承,器件,1499616000
责任心不强,责任心不强,行为,1495296000
责任心不强,轴承,器件,1496937600
责任心不强,责任心不强,行为,1498060800
责任心不强,转向盘,器件,1488988800
责任心不强,责任心不强,行为,1493049600
贮气筒,意外,行为,1489248000
贮气筒,行驶无力,故障,1489248000
贮气筒,启动困难,故障,1489248000
贮气筒,操作分心,行为,1489248000
贮气筒,贮气筒,器件,1489248000
费油,意外,行为,1496160000
费油,变速箱,器件,1496160000
费油,费油,故障,1496160000
"起动困难 ",没有阅读说明书,行为,1486224000
"起动困难 ",电流表,器件,1486224000
"起动困难 ",不懂保养汽车,行为,1486224000
"起动困难 ",上次修理失当,行为,1487088000
"起动困难 ",化油器,器件,1487088000
"起动困难 ",知道故障不修理,行为,1488470400
"起动困难 ",单向阀弹簧,器件,1488470400
"起动困难 ",责任心不强,行为,1499616000
"起动困难 ","起动困难 ",故障,1499616000
"起动困难 ",发动机,器件,1496505600
"起动困难 ","起动困难 ",故障,1496505600
"起动困难 ","起动困难 ",故障,1486224000
"起动困难 ","起动困难 ",故障,1487088000
"起动困难 ","起动困难 ",故障,1488470400
"起动困难 ",起动机轴承,器件,1499616000
"起动困难 ",驾驶不当,行为,1496505600
起动机,不懂保养汽车,行为,1489248000
起动机,启动困难,故障,1489248000
起动机,启动困难,故障,1490803200
起动机,操作分心,行为,1490803200
起动机,启动困难,故障,1491667200
起动机,知道故障不修理,行为,1491667200
起动机,修理不当,行为,1492704000
起动机,启动困难,故障,1492704000
起动机,意外,行为,1492704000
起动机,不定时检查车况,行为,1484668800
起动机,起动机,器件,1484668800
起动机,不懂保养汽车,行为,1491235200
起动机,起动机,器件,1491235200
起动机,知道故障不修理,行为,1492099200
起动机,起动机,器件,1492099200
起动机,上次修理失当,行为,1490889600
起动机,起动机,器件,1490889600
起动机,不定时检查车况,行为,1499270400
起动机,蓄电池突然损坏,故障,1499270400
起动机,不定时检查车况,行为,1485273600
起动机,起动机,器件,1485273600
起动机,没有阅读说明书,行为,1486224000
起动机,起动机,器件,1486224000
起动机,不定时检查车况,行为,1491321600
起动机,起动机,器件,1491321600
起动机,不懂保养汽车,行为,1494259200
起动机,起动机,器件,1494259200
起动机,起动机,器件,1489248000
起动机,起动机,器件,1490803200
起动机,起动机,器件,1491667200
起动机,起动机,器件,1492704000
起动机,起动机损坏,故障,1484668800
起动机,起动机运转无力,故障,1491235200
起动机,起动机空转,故障,1492099200
起动机,起动系疑难故障,故障,1490889600
起动机,起动机,器件,1499270400
起动机,起动机无反应,故障,1485273600
起动机,起动机故障,故障,1486224000
起动机,起动机不转动,故障,1491321600
起动机,起动机转动无力,故障,1494259200
起动机不转动,不定时检查车况,行为,1491321600
起动机不转动,起动机,器件,1491321600
起动机不转动,起动机不转动,故障,1491321600
起动机损坏,不定时检查车况,行为,1484668800
起动机损坏,起动机,器件,1484668800
起动机损坏,起动机损坏,故障,1484668800
起动机故障,没有阅读说明书,行为,1486224000
起动机故障,起动机,器件,1486224000
起动机故障,起动机故障,故障,1486224000
起动机无反应,不定时检查车况,行为,1485273600
起动机无反应,起动机,器件,1485273600
起动机无反应,起动机无反应,故障,1485273600
起动机空转,知道故障不修理,行为,1492099200
起动机空转,起动机,器件,1492099200
起动机空转,起动机空转,故障,1492099200
起动机转动无力,电磁开关,器件,1490198400
起动机转动无力,起动机转动无力,故障,1490198400
起动机转动无力,不懂保养汽车,行为,1494259200
起动机转动无力,起动机,器件,1494259200
起动机转动无力,驾驶不当,行为,1490198400
起动机转动无力,起动机转动无力,故障,1494259200
起动机轴承,启动困难,故障,1484236800
起动机轴承,知道故障不修理,行为,1484236800
起动机轴承,责任心不强,行为,1499616000
起动机轴承,"起动困难 ",故障,1499616000
起动机轴承,起动机轴承,器件,1484236800
起动机轴承,起动机轴承,器件,1499616000
起动机运转无力,不懂保养汽车,行为,1491235200
起动机运转无力,起动机,器件,1491235200
起动机运转无力,起动机运转无力,故障,1491235200
起动系疑难故障,上次修理失当,行为,1490889600
起动系疑难故障,起动机,器件,1490889600
起动系疑难故障,起动系疑难故障,故障,1490889600
跳挡,意外,行为,1487433600
跳挡,垫片,器件,1487433600
跳挡,跳挡,故障,1487433600
踩制动踏板时大灯亮,意外,行为,1496851200
踩制动踏板时大灯亮,制动踏板,器件,1496851200
踩制动踏板时大灯亮,踩制动踏板时大灯亮,故障,1496851200
车体有异响,不懂保养汽车,行为,1488297600
车体有异响,排气管,器件,1488297600
车体有异响,车体有异响,故障,1488297600
车内,修理不当,行为,1498924800
车内,车内,器件,1498924800
车内,车间异味,故障,1498924800
车垫,没有阅读说明书,行为,1489248000
车垫,车垫,器件,1489248000
车垫,容易熄火,故障,1490803200
车垫,操作分心,行为,1490803200
车垫,异响,故障,1492704000
车垫,操作分心,行为,1492704000
车垫,转向困难,故障,1489248000
车垫,车垫,器件,1490803200
车垫,车垫,器件,1492704000
车灯,车灯,器件,1491667200
车灯,车灯不亮,故障,1491667200
车灯,没有阅读说明书,行为,1491667200
车灯,驾驶不当,行为,1491667200
车灯不亮,修理不当,行为,1489248000
车灯不亮,保险丝,器件,1489248000
车灯不亮,车灯,器件,1491667200
车灯不亮,车灯不亮,故障,1491667200
车灯不亮,没有阅读说明书,行为,1491667200
车灯不亮,车灯不亮,故障,1489248000
车灯不亮,驾驶不当,行为,1491667200
车窗,电压的原因,故障,1494345600
车窗,知道故障不修理,行为,1494345600
车窗,车窗,器件,1494345600
车间异味,修理不当,行为,1498924800
车间异味,车内,器件,1498924800
车间异味,车间异味,故障,1498924800
转向困难,没有阅读说明书,行为,1489248000
转向困难,车垫,器件,1489248000
转向困难,转向困难,故障,1489248000
转向沉重,责任心不强,行为,1497715200
转向沉重,转向沉重,故障,1497715200
转向沉重,修理不当,行为,1497715200
转向沉重,轮胎,器件,1497715200
转向沉重,转向系,器件,1497715200
转向灯,粗心,行为,1486051200
转向灯,转向灯,器件,1486051200
转向灯,转向灯点亮时闪烁的频率比平时快,故障,1486051200
转向灯点亮时闪烁的频率比平时快,粗心,行为,1486051200
转向灯点亮时闪烁的频率比平时快,转向灯,器件,1486051200
转向灯点亮时闪烁的频率比平时快,转向灯点亮时闪烁的频率比平时快,故障,1486051200
转向盘,行驶时车辆的转向盘难于操纵,故障,1488988800
转向盘,责任心不强,行为,1488988800
转向盘,转向盘,器件,1488988800
转向系,修理不当,行为,1497715200
转向系,转向沉重,故障,1497715200
转向系,转向系,器件,1497715200
转子轴,不定时检查车况,行为,1489334400
转子轴,怠速不稳,故障,1489334400
转子轴,转子轴,器件,1489334400
转换器,动力不足,故障,1494604800
转换器,操作分心,行为,1494604800
转换器,转换器,器件,1494604800
轮胎,操作分心,行为,1486224000
轮胎,轮胎,器件,1486224000
轮胎,责任心不强,行为,1497715200
轮胎,转向沉重,故障,1497715200
轮胎,轮胎异常,故障,1486224000
轮胎,轮胎,器件,1497715200
轮胎异常,操作分心,行为,1486224000
轮胎异常,轮胎,器件,1486224000
轮胎异常,轮胎异常,故障,1486224000
轮轴螺孔,操作分心,行为,1491148800
轮轴螺孔,轮轴螺孔,器件,1491148800
轮轴螺孔,造成连续烧瓦,故障,1491148800
轴承,修理不当,行为,1485705600
轴承,漏油,故障,1485705600
轴承,打转向沉重费力,故障,1496937600
轴承,责任心不强,行为,1496937600
轴承,轴承,器件,1485705600
轴承,轴承,器件,1496937600
轴承盖螺栓,上次修理失当,行为,1497974400
轴承盖螺栓,发动机故障,故障,1497974400
轴承盖螺栓,轴承盖螺栓,器件,1497974400
输出泵,修理不当,行为,1484409600
输出泵,输出泵,器件,1484409600
输出泵,粗心,行为,1488988800
输出泵,输出泵,器件,1488988800
输出泵,输油泵故障,故障,1484409600
输出泵,输油泵故障,故障,1488988800
输油泵故障,修理不当,行为,1484409600
输油泵故障,输出泵,器件,1484409600
输油泵故障,粗心,行为,1488988800
输油泵故障,输出泵,器件,1488988800
输油泵故障,输油泵故障,故障,1484409600
输油泵故障,输油泵故障,故障,1488988800
过热现象,冷却系统,器件,1488470400
过热现象,过热现象,故障,1488470400
过热现象,驾驶不当,行为,1488470400
进排气歧管衬垫,修理不当,行为,1494172800
进排气歧管衬垫,进排气歧管衬垫,器件,1494172800
进排气歧管衬垫,进排气歧管衬垫烧穿,故障,1494172800
进排气歧管衬垫烧穿,修理不当,行为,1494172800
进排气歧管衬垫烧穿,进排气歧管衬垫,器件,1494172800
进排气歧管衬垫烧穿,进排气歧管衬垫烧穿,故障,1494172800
进气管,怠速不稳,故障,1493654400
进气管,没有阅读说明书,行为,1493654400
进气管,进气管,器件,1493654400
进油管,上次修理失当,行为,1493827200
进油管,启动困难,故障,1493827200
进油管,启动困难,故障,1488384000
进油管,知道故障不修理,行为,1488384000
进油管,进油管,器件,1493827200
进油管,进油管,器件,1488384000
连杆轴承，轴颈,不定时检查车况,行为,1495987200
连杆轴承，轴颈,发动机故障,故障,1495987200
连杆轴承，轴颈,连杆轴承，轴颈,器件,1495987200
通气口,不定时检查车况,行为,1484409600
通气口,怠速不稳,故障,1484409600
通气口,通气口,器件,1484409600
造成连续烧瓦,操作分心,行为,1491148800
造成连续烧瓦,轮轴螺孔,器件,1491148800
造成连续烧瓦,造成连续烧瓦,故障,1491148800
配气相位严重错乱,粗心,行为,1497542400
配气相位严重错乱,发动机,器件,1497542400
配气相位严重错乱,配气相位严重错乱,故障,1497542400
钢板弹簧U型固定螺栓,制动跑偏,故障,1489766400
钢板弹簧U型固定螺栓,意外,行为,1489766400
钢板弹簧U型固定螺栓,钢板弹簧U型固定螺栓,器件,1489766400
钢板弹簧栓,制动跑偏,故障,1489852800
钢板弹簧栓,责任心不强,行为,1489852800
钢板弹簧栓,钢板弹簧栓,器件,1489852800
钢板销衬套,没有阅读说明书,行为,1486224000
钢板销衬套,行驶摇头,故障,1486224000
钢板销衬套,钢板销衬套,器件,1486224000
链条,不懂保养汽车,行为,1500134400
链条,启动困难,故障,1500134400
链条,无法启动故障,故障,1490630400
链条,链条,器件,1490630400
链条,链条,器件,1500134400
链条,驾驶不当,行为,1490630400
锁止失效,不懂保养汽车,行为,1499529600
锁止失效,锁止失效,故障,1499529600
锁止失效,锁片,器件,1499529600
锁片,不懂保养汽车,行为,1499529600
锁片,锁止失效,故障,1499529600
锁片,锁片,器件,1499529600
防盗器,操作分心,行为,1489334400
防盗器,无倒档,故障,1489334400
防盗器,防盗器,器件,1489334400
风扇叶片,水温高,故障,1496678400
风扇叶片,没有阅读说明书,行为,1496678400
风扇叶片,上次修理失当,行为,1496678400
风扇叶片,风扇叶片,器件,1496678400
风扇皮带,不懂保养汽车,行为,1494000000
风扇皮带,水温高,故障,1494000000
风扇皮带,发动机故障,故障,1489680000
风扇皮带,意外,行为,1489680000
风扇皮带,风扇皮带,器件,1494000000
风扇皮带,风扇皮带,器件,1489680000
风扇离合器,发动机故障,故障,1492531200
风扇离合器,知道故障不修理,行为,1492531200
风扇离合器,风扇离合器,器件,1492531200
飞轮,意外,行为,1492704000
飞轮,飞轮,器件,1492704000
飞轮,粗心,行为,1491926400
飞轮,飞轮,器件,1491926400
飞轮,飞轮损坏,故障,1492704000
飞轮,飞轮壳易损坏,故障,1491926400
飞轮壳易损坏,粗心,行为,1491926400
飞轮壳易损坏,飞轮,器件,1491926400
飞轮壳易损坏,飞轮壳易损坏,故障,1491926400
飞轮损坏,意外,行为,1492704000
飞轮损坏,飞轮,器件,1492704000
飞轮损坏,飞轮损坏,故障,1492704000
驱动齿轮,修理不当,行为,1492444800
驱动齿轮,启动困难,故障,1492444800
驱动齿轮,驱动齿轮,器件,1492444800
驾驶不当,怠速不稳,故障,1483200000
驾驶不当,混合气,器件,1483200000
驾驶不当,万向十字轴,器件,1483545600
驾驶不当,万向十字轴磨损导致动力不足,故障,1483545600
驾驶不当,消声器爆裂,故障,1483718400
驾驶不当,消音器,器件,1483718400
驾驶不当,汽油泵,器件,1484236800
驾驶不当,行驶无力,故障,1484236800
驾驶不当,发动机,器件,1485705600
驾驶不当,汽油泵故障,故障,1485705600
驾驶不当,气缸,器件,1487433600
驾驶不当,爆燃,故障,1487433600
驾驶不当,曲轴箱,器件,1487433600
驾驶不当,异响,故障,1489248000
驾驶不当,混合气,器件,1489248000
驾驶不当,储油罐,器件,1490803200
驾驶不当,换挡困难,故障,1490803200
驾驶不当,车灯,器件,1491667200
驾驶不当,车灯不亮,故障,1491667200
驾驶不当,换挡困难,故障,1491667200
驾驶不当,离合器,器件,1491667200
驾驶不当,喷油泵,器件,1492704000
驾驶不当,换挡困难,故障,1492704000
驾驶不当,怠速不稳,故障,1484496000
驾驶不当,蓄电池,器件,1484496000
驾驶不当,正时齿轮,器件,1484323200
驾驶不当,正时齿轮发响,故障,1484323200
驾驶不当,从动盘,器件,1497715200
驾驶不当,离合器异响,故障,1497715200
驾驶不当,电磁开关,器件,1490198400
驾驶不当,起动机转动无力,故障,1490198400
驾驶不当,怠速不稳,故障,1500652800
驾驶不当,混合气,器件,1500652800
驾驶不当,发动机故障,故障,1497110400
驾驶不当,喷油提前角,器件,1497110400
驾驶不当,气门脚,器件,1497110400
驾驶不当,冷却系统,器件,1488470400
驾驶不当,过热现象,故障,1488470400
驾驶不当,发动机,器件,1496505600
驾驶不当,"起动困难 ",故障,1496505600
驾驶不当,发动机,器件,1488470400
驾驶不当,发动机机油消耗量过大,故障,1488470400
驾驶不当,水箱,器件,1493913600
驾驶不当,水箱“开锅”,故障,1493913600
驾驶不当,充电指示灯,器件,1485964800
驾驶不当,充电指示灯不灭,故障,1485964800
驾驶不当,发动机,器件,1496678400
驾驶不当,发动机异响,故障,1496678400
驾驶不当,消声器,器件,1497715200
驾驶不当,消声器爆裂,故障,1497715200
驾驶不当,制动阀,器件,1499356800
驾驶不当,制动阀漏气故障,故障,1499356800
驾驶不当,制动气压不足,故障,1483545600
驾驶不当,发动机,器件,1483545600
驾驶不当,充电指示灯,器件,1491408000
驾驶不当,充电指示灯不灭,故障,1491408000
驾驶不当,发动机,器件,1493049600
驾驶不当,汽油消耗量过大,故障,1493049600
驾驶不当,空调,器件,1491321600
驾驶不当,空调不制冷,故障,1491321600
驾驶不当,离合器,器件,1493740800
驾驶不当,离合器传动销故障,故障,1493740800
驾驶不当,无法启动故障,故障,1490630400
驾驶不当,链条,器件,1490630400
驾驶不当,启动机,器件,1490889600
驾驶不当,启动机故障,故障,1490889600
驾驶不当,驾驶不当,行为,1483200000
驾驶不当,驾驶不当,行为,1483545600
驾驶不当,驾驶不当,行为,1483718400
驾驶不当,驾驶不当,行为,1484236800
驾驶不当,驾驶不当,行为,1485705600
驾驶不当,驾驶不当,行为,1487433600
驾驶不当,驾驶不当,行为,1489248000
驾驶不当,驾驶不当,行为,1490803200
驾驶不当,驾驶不当,行为,1491667200
驾驶不当,驾驶不当,行为,1492704000
驾驶不当,驾驶不当,行为,1484496000
驾驶不当,驾驶不当,行为,1484323200
驾驶不当,驾驶不当,行为,1497715200
驾驶不当,驾驶不当,行为,1490198400
驾驶不当,驾驶不当,行为,1500652800
驾驶不当,驾驶不当,行为,1497110400
驾驶不当,驾驶不当,行为,1488470400
驾驶不当,驾驶不当,行为,1496505600
驾驶不当,驾驶不当,行为,1493913600
驾驶不当,驾驶不当,行为,1485964800
驾驶不当,驾驶不当,行为,1496678400
驾驶不当,驾驶不当,行为,1499356800
驾驶不当,驾驶不当,行为,1491408000
驾驶不当,驾驶不当,行为,1493049600
驾驶不当,驾驶不当,行为,1491321600
驾驶不当,驾驶不当,行为,1493740800
驾驶不当,驾驶不当,行为,1490630400
驾驶不当,驾驶不当,行为,1490889600
骊山LS6911,机油泵驱动齿轮异响故障,故障,1487779200
骊山LS6911,粗心,行为,1487779200
骊山LS6911,骊山LS6911,器件,1487779200
高压无火,没有阅读说明书,行为,1491753600
高压无火,感应线圈,器件,1491753600
高压无火,高压无火,故障,1491753600
高温易熄火,知道故障不修理,行为,1493740800
高温易熄火,发动机,器件,1493740800
高温易熄火,高温易熄火,故障,1493740800
齿轮,上次修理失当,行为,1486224000
齿轮,齿轮,器件,1486224000
齿轮,粗心,行为,1486224000
齿轮,启动困难,故障,1487433600
齿轮,操作分心,行为,1487433600
齿轮,修理不当,行为,1497715200
齿轮,发动机故障,故障,1497715200
齿轮,发动机故障,故障,1495728000
齿轮,操作分心,行为,1495728000
齿轮,齿轮损坏,故障,1486224000
齿轮,齿轮,器件,1487433600
齿轮,齿轮,器件,1497715200
齿轮,齿轮,器件,1495728000
齿轮损坏,上次修理失当,行为,1486224000
齿轮损坏,齿轮,器件,1486224000
齿轮损坏,粗心,行为,1486224000
齿轮损坏,齿轮损坏,故障,1486224000
