selected_equipment,p_tag_name,p_tag_type,create_time
6105QC型,6105QC型,装备,1492704000
6105QC型,没有阅读说明书,行为,1492704000
6105QC型,喷油泵,器件,1492704000
6105QC型,启动困难,故障,1492704000
6110型,6110型,装备,1492704000
6110型,换挡困难,故障,1492704000
6110型,驾驶不当,行为,1492704000
6110型,喷油泵,器件,1492704000
CA1092E运输车,CA1092E运输车,装备,1483718400
CA1092E运输车,CA1092E运输车,装备,1493568000
CA1092E运输车,开锅故障,故障,1483718400
CA1092E运输车,责任心不强,行为,1483718400
CA1092E运输车,开锅故障,故障,1493568000
CA1092E运输车,意外,行为,1493568000
CA1092E运输车,发动机,器件,1483718400
CA1092E运输车,发动机,器件,1493568000
EQ1090E型汽车,EQ1090E型汽车,装备,1484236800
EQ1090E型汽车,EQ1090E型汽车,装备,1485705600
EQ1090E型汽车,EQ1090E型汽车,装备,1489248000
EQ1090E型汽车,EQ1090E型汽车,装备,1491667200
EQ1090E型汽车,启动困难,故障,1484236800
EQ1090E型汽车,责任心不强,行为,1484236800
EQ1090E型汽车,启动困难,故障,1485705600
EQ1090E型汽车,没有阅读说明书,行为,1485705600
EQ1090E型汽车,操作分心,行为,1489248000
EQ1090E型汽车,贮气筒,器件,1489248000
EQ1090E型汽车,知道故障不修理,行为,1491667200
EQ1090E型汽车,起动机,器件,1491667200
EQ1090E型汽车,二极管,器件,1484236800
EQ1090E型汽车,二极管,器件,1485705600
EQ1090E型汽车,启动困难,故障,1489248000
EQ1090E型汽车,启动困难,故障,1491667200
EQ1090型汽车,EQ1090型汽车,装备,1484236800
EQ1090型汽车,EQ1090型汽车,装备,1485705600
EQ1090型汽车,EQ1090型汽车,装备,1486224000
EQ1090型汽车,EQ1090型汽车,装备,1487088000
EQ1090型汽车,EQ1090型汽车,装备,1487433600
EQ1090型汽车,EQ1090型汽车,装备,1489248000
EQ1090型汽车,EQ1090型汽车,装备,1490803200
EQ1090型汽车,EQ1090型汽车,装备,1491667200
EQ1090型汽车,EQ1090型汽车,装备,1492704000
EQ1090型汽车,异响,故障,1484236800
EQ1090型汽车,垫板,器件,1484236800
EQ1090型汽车,知道故障不修理,行为,1484236800
EQ1090型汽车,起动机轴承,器件,1484236800
EQ1090型汽车,行驶无力,故障,1484236800
EQ1090型汽车,驾驶不当,行为,1484236800
EQ1090型汽车,气缸盖碗形塞锈穿,故障,1485705600
EQ1090型汽车,气缸,器件,1485705600
EQ1090型汽车,气缸盖锈穿,故障,1485705600
EQ1090型汽车,没有阅读说明书,行为,1485705600
EQ1090型汽车,汽油泵故障,故障,1485705600
EQ1090型汽车,驾驶不当,行为,1485705600
EQ1090型汽车,分缸线故障,故障,1485705600
EQ1090型汽车,分缸线,器件,1485705600
EQ1090型汽车,漏油,故障,1485705600
EQ1090型汽车,轴承,器件,1485705600
EQ1090型汽车,行驶摇头,故障,1486224000
EQ1090型汽车,钢板销衬套,器件,1486224000
EQ1090型汽车,漏水,故障,1486224000
EQ1090型汽车,水箱盖,器件,1486224000
EQ1090型汽车,齿轮损坏,故障,1486224000
EQ1090型汽车,齿轮,器件,1486224000
EQ1090型汽车,"起动困难 ",故障,1486224000
EQ1090型汽车,电流表,器件,1486224000
EQ1090型汽车,发动机固定螺栓松脱,故障,1486224000
EQ1090型汽车,发动机,器件,1486224000
EQ1090型汽车,发电机故障,故障,1487088000
EQ1090型汽车,发电机,器件,1487088000
EQ1090型汽车,电器传动轴松动,故障,1487088000
EQ1090型汽车,知道故障不修理,行为,1487088000
EQ1090型汽车,"起动困难 ",故障,1487088000
EQ1090型汽车,化油器,器件,1487088000
EQ1090型汽车,意外,行为,1487088000
EQ1090型汽车,曲轴箱通风单向阀,器件,1487088000
EQ1090型汽车,操作分心,行为,1487088000
EQ1090型汽车,火花塞,器件,1487088000
EQ1090型汽车,变速器跳挡,故障,1487088000
EQ1090型汽车,行驶无力,故障,1487433600
EQ1090型汽车,混合气,器件,1487433600
EQ1090型汽车,爆燃,故障,1487433600
EQ1090型汽车,驾驶不当,行为,1487433600
EQ1090型汽车,责任心不强,行为,1487433600
EQ1090型汽车,蓄电池损坏,故障,1487433600
EQ1090型汽车,蓄电池,器件,1487433600
EQ1090型汽车,大量漏油,故障,1487433600
EQ1090型汽车,机油泵,器件,1487433600
EQ1090型汽车,跳挡,故障,1487433600
EQ1090型汽车,意外,行为,1487433600
EQ1090型汽车,操作分心,行为,1487433600
EQ1090型汽车,齿轮,器件,1487433600
EQ1090型汽车,熄火困难,故障,1487433600
EQ1090型汽车,发电机,器件,1487433600
EQ1090型汽车,启动困难,故障,1487433600
EQ1090型汽车,粗心,行为,1489248000
EQ1090型汽车,离合器,器件,1489248000
EQ1090型汽车,车灯不亮,故障,1489248000
EQ1090型汽车,修理不当,行为,1489248000
EQ1090型汽车,行驶无力,故障,1489248000
EQ1090型汽车,责任心不强,行为,1489248000
EQ1090型汽车,启动困难,故障,1489248000
EQ1090型汽车,知道故障不修理,行为,1489248000
EQ1090型汽车,驾驶不当,行为,1489248000
EQ1090型汽车,混合气,器件,1489248000
EQ1090型汽车,转向困难,故障,1489248000
EQ1090型汽车,车垫,器件,1489248000
EQ1090型汽车,操作分心,行为,1490803200
EQ1090型汽车,起动机,器件,1490803200
EQ1090型汽车,怠速不稳,故障,1490803200
EQ1090型汽车,发动机,器件,1490803200
EQ1090型汽车,方向盘故障,故障,1490803200
EQ1090型汽车,没有阅读说明书,行为,1490803200
EQ1090型汽车,容易熄火,故障,1490803200
EQ1090型汽车,发电机,器件,1490803200
EQ1090型汽车,车垫,器件,1490803200
EQ1090型汽车,触点烧蚀,故障,1490803200
EQ1090型汽车,点火线圈,器件,1490803200
EQ1090型汽车,驾驶不当,行为,1491667200
EQ1090型汽车,离合器,器件,1491667200
EQ1090型汽车,行驶无力,故障,1491667200
EQ1090型汽车,操作分心,行为,1491667200
EQ1090型汽车,换挡困难,故障,1491667200
EQ1090型汽车,启动困难,故障,1491667200
EQ1090型汽车,没有阅读说明书,行为,1491667200
EQ1090型汽车,没有阅读说明书,行为,1492704000
EQ1090型汽车,散热器,器件,1492704000
EQ1090型汽车,开锅,故障,1492704000
EQ1090型汽车,耗油过大,故障,1492704000
EQ1090型汽车,责任心不强,行为,1492704000
EQ1090型汽车,启动困难,故障,1492704000
EQ1090型汽车,发动机,器件,1492704000
EQ1090型汽车,起动机,器件,1492704000
EQ1090型汽车,异响,故障,1492704000
EQ1090型汽车,操作分心,行为,1492704000
EQ1090型汽车,车垫,器件,1492704000
EQ1090型汽车,知道故障不修理,行为,1492704000
EQ1090型汽车,上次修理失当,行为,1484236800
EQ1090型汽车,启动困难,故障,1484236800
EQ1090型汽车,汽油泵,器件,1484236800
EQ1090型汽车,上次修理失当,行为,1485705600
EQ1090型汽车,发动机,器件,1485705600
EQ1090型汽车,修理不当,行为,1485705600
EQ1090型汽车,没有阅读说明书,行为,1486224000
EQ1090型汽车,修理不当,行为,1486224000
EQ1090型汽车,上次修理失当,行为,1486224000
EQ1090型汽车,粗心,行为,1486224000
EQ1090型汽车,不懂保养汽车,行为,1486224000
EQ1090型汽车,上次修理失当,行为,1487088000
EQ1090型汽车,电器传动轴,器件,1487088000
EQ1090型汽车,启动困难,故障,1487088000
EQ1090型汽车,冒黑烟,故障,1487088000
EQ1090型汽车,变速器,器件,1487088000
EQ1090型汽车,不懂保养汽车,行为,1487433600
EQ1090型汽车,气缸,器件,1487433600
EQ1090型汽车,不定时检查车况,行为,1487433600
EQ1090型汽车,曲轴箱,器件,1487433600
EQ1090型汽车,垫片,器件,1487433600
EQ1090型汽车,修理不当,行为,1487433600
EQ1090型汽车,发动机,器件,1487433600
EQ1090型汽车,异响,故障,1489248000
EQ1090型汽车,保险丝,器件,1489248000
EQ1090型汽车,变速器,器件,1489248000
EQ1090型汽车,发动机,器件,1489248000
EQ1090型汽车,没有阅读说明书,行为,1489248000
EQ1090型汽车,启动困难,故障,1490803200
EQ1090型汽车,上次修理失当,行为,1490803200
EQ1090型汽车,方向盘,器件,1490803200
EQ1090型汽车,不懂保养汽车,行为,1490803200
EQ1090型汽车,发动机,器件,1491667200
EQ1090型汽车,不定时检查车况,行为,1491667200
EQ1090型汽车,制动器,器件,1491667200
EQ1090型汽车,不定时检查车况,行为,1492704000
EQ1090型汽车,修理不当,行为,1492704000
EQ1090油罐车,EQ1090油罐车,装备,1492704000
EQ1090油罐车,飞轮损坏,故障,1492704000
EQ1090油罐车,飞轮,器件,1492704000
EQ1090油罐车,意外,行为,1492704000
EQ1090运水车,EQ1090运水车,装备,1488470400
EQ1090运水车,EQ1090运水车,装备,1495296000
EQ1090运水车,电路故障,故障,1488470400
EQ1090运水车,绝缘垫,器件,1488470400
EQ1090运水车,责任心不强,行为,1495296000
EQ1090运水车,发动机,器件,1495296000
EQ1090运水车,修理不当,行为,1488470400
EQ1090运水车,冒黑烟，动力不足,故障,1495296000
EQ1091型汽车,EQ1091型汽车,装备,1493568000
EQ1091型汽车,EQ1091型汽车,装备,1494604800
EQ1091型汽车,变速困难,故障,1493568000
EQ1091型汽车,责任心不强,行为,1493568000
EQ1091型汽车,怠速不稳,故障,1493568000
EQ1091型汽车,异响,故障,1493568000
EQ1091型汽车,发动机,器件,1493568000
EQ1091型汽车,行驶无力,故障,1493568000
EQ1091型汽车,变速器,器件,1493568000
EQ1091型汽车,行驶无力,故障,1494604800
EQ1091型汽车,知道故障不修理,行为,1494604800
EQ1091型汽车,意外,行为,1494604800
EQ1091型汽车,责任心不强,行为,1494604800
EQ1091型汽车,修理不当,行为,1493568000
EQ1091型汽车,上次修理失当,行为,1493568000
EQ1091型汽车,发动机,器件,1494604800
EQ1092F1A型汽车,EQ1092F1A型汽车,装备,1489248000
EQ1092F1A型汽车,行驶无力,故障,1489248000
EQ1092F1A型汽车,贮气筒,器件,1489248000
EQ1092F1A型汽车,意外,行为,1489248000
EQ140型汽车,EQ140型汽车,装备,1492704000
EQ140型汽车,意外,行为,1492704000
EQ140型汽车,起动机,器件,1492704000
EQ140型汽车,启动困难,故障,1492704000
EQ144型汽车,EQ144型汽车,装备,1486224000
EQ144型汽车,轮胎异常,故障,1486224000
EQ144型汽车,轮胎,器件,1486224000
EQ144型汽车,操作分心,行为,1486224000
EQ2080型汽车,EQ2080型汽车,装备,1489248000
EQ2080型汽车,EQ2080型汽车,装备,1490803200
EQ2080型汽车,启动困难,故障,1489248000
EQ2080型汽车,起动机,器件,1489248000
EQ2080型汽车,容易熄火,故障,1490803200
EQ2080型汽车,发动机,器件,1490803200
EQ2080型汽车,不懂保养汽车,行为,1489248000
EQ2080型汽车,不懂保养汽车,行为,1490803200
EQ2102型,EQ2102型,装备,1491667200
EQ2102型,EQ2102型,装备,1492704000
EQ2102型,行驶无力,故障,1491667200
EQ2102型,责任心不强,行为,1491667200
EQ2102型,启动困难,故障,1492704000
EQ2102型,意外,行为,1492704000
EQ2102型,制动阀,器件,1491667200
EQ2102型,发动机,器件,1492704000
EQ2102型汽车,EQ2102型汽车,装备,1491667200
EQ2102型汽车,启动困难,故障,1491667200
EQ2102型汽车,发动机,器件,1491667200
EQ2102型汽车,修理不当,行为,1491667200
EQ240巡逻车,EQ240巡逻车,装备,1493568000
EQ240巡逻车,EQ240巡逻车,装备,1496505600
EQ240巡逻车,知道故障不修理,行为,1493568000
EQ240巡逻车,发动机,器件,1493568000
EQ240巡逻车,"起动困难 ",故障,1496505600
EQ240巡逻车,驾驶不当,行为,1496505600
EQ240巡逻车,动力不足,故障,1493568000
EQ240巡逻车,发动机,器件,1496505600
EQ240巡逻车箭炮车,EQ240巡逻车箭炮车,装备,1496505600
EQ240巡逻车箭炮车,没有阅读说明书,行为,1496505600
EQ240巡逻车箭炮车,螺母,器件,1496505600
EQ240巡逻车箭炮车,化油器异响,故障,1496505600
EQ245牵引车,EQ245牵引车,装备,1488211200
EQ245牵引车,发动机异响,故障,1488211200
EQ245牵引车,粗心,行为,1488211200
EQ245牵引车,五缸连杆瓦,器件,1488211200
EQll08G6D型柴油车,EQll08G6D型柴油车,装备,1490803200
EQll08G6D型柴油车,换挡困难,故障,1490803200
EQll08G6D型柴油车,驾驶不当,行为,1490803200
EQll08G6D型柴油车,储油罐,器件,1490803200
EQll08G型柴油车,EQll08G型柴油车,装备,1491667200
EQll08G型柴油车,车灯不亮,故障,1491667200
EQll08G型柴油车,驾驶不当,行为,1491667200
EQll08G型柴油车,车灯,器件,1491667200
EQll08G型汽车,EQll08G型汽车,装备,1490803200
EQll08G型汽车,粗心,行为,1490803200
EQll08G型汽车,离合器,器件,1490803200
EQll08G型汽车,换挡困难,故障,1490803200
EQll08G型车,EQll08G型车,装备,1491667200
EQll08G型车,车灯不亮,故障,1491667200
EQll08G型车,车灯,器件,1491667200
EQll08G型车,没有阅读说明书,行为,1491667200
EQll08型柴油汽车,EQll08型柴油汽车,装备,1491667200
EQll08型柴油汽车,行驶无力,故障,1491667200
EQll08型柴油汽车,发动机,器件,1491667200
EQll08型柴油汽车,不定时检查车况,行为,1491667200
HY473（6×6）牵引车,HY473（6×6）牵引车,装备,1483200000
HY473（6×6）牵引车,HY473（6×6）牵引车,装备,1488470400
HY473（6×6）牵引车,启动困难,故障,1483200000
HY473（6×6）牵引车,点火开关,器件,1483200000
HY473（6×6）牵引车,"起动困难 ",故障,1488470400
HY473（6×6）牵引车,知道故障不修理,行为,1488470400
HY473（6×6）牵引车,修理不当,行为,1483200000
HY473（6×6）牵引车,单向阀弹簧,器件,1488470400
HY962半挂平板车,HY962半挂平板车,装备,1483545600
HY962半挂平板车,HY962半挂平板车,装备,1494604800
HY962半挂平板车,HY962半挂平板车,装备,1492012800
HY962半挂平板车,知道故障不修理,行为,1483545600
HY962半挂平板车,点火开关,器件,1483545600
HY962半挂平板车,动力不足,故障,1494604800
HY962半挂平板车,发动机,器件,1494604800
HY962半挂平板车,柱塞锈蚀,故障,1492012800
HY962半挂平板车,操作分心,行为,1492012800
HY962半挂平板车,启动困难,故障,1483545600
HY962半挂平板车,上次修理失当,行为,1494604800
HY962半挂平板车,喷油泵,器件,1492012800
WJ94装甲防暴,WJ94装甲防暴,装备,1501516800
WJ94装甲防暴,WJ94装甲防暴,装备,1490630400
WJ94装甲防暴,WJ94装甲防暴,装备,1492876800
WJ94装甲防暴,动力不足,故障,1501516800
WJ94装甲防暴,意外,行为,1501516800
WJ94装甲防暴,发动机不能启动,故障,1490630400
WJ94装甲防暴,发动机,器件,1490630400
WJ94装甲防暴,发动机无法启动,故障,1492876800
WJ94装甲防暴,粗心,行为,1492876800
WJ94装甲防暴,万向十字轴,器件,1501516800
WJ94装甲防暴,不定时检查车况,行为,1490630400
WJ94装甲防暴,发动机,器件,1492876800
WJ94装甲防暴车,WJ94装甲防暴车,装备,1490803200
WJ94装甲防暴车,WJ94装甲防暴车,装备,1486051200
WJ94装甲防暴车,加速时有节奏的异响,故障,1490803200
WJ94装甲防暴车,没有阅读说明书,行为,1490803200
WJ94装甲防暴车,转向灯点亮时闪烁的频率比平时快,故障,1486051200
WJ94装甲防暴车,转向灯,器件,1486051200
WJ94装甲防暴车,冷却系统,器件,1490803200
WJ94装甲防暴车,粗心,行为,1486051200
WJ94轮式装甲防暴车,WJ94轮式装甲防暴车,装备,1483545600
WJ94轮式装甲防暴车,WJ94轮式装甲防暴车,装备,1493568000
WJ94轮式装甲防暴车,WJ94轮式装甲防暴车,装备,1494604800
WJ94轮式装甲防暴车,WJ94轮式装甲防暴车,装备,1488470400
WJ94轮式装甲防暴车,粗心,行为,1483545600
WJ94轮式装甲防暴车,点火开关,器件,1483545600
WJ94轮式装甲防暴车,没有阅读说明书,行为,1493568000
WJ94轮式装甲防暴车,发动机,器件,1493568000
WJ94轮式装甲防暴车,没有阅读说明书,行为,1494604800
WJ94轮式装甲防暴车,发动机,器件,1494604800
WJ94轮式装甲防暴车,操作分心,行为,1494604800
WJ94轮式装甲防暴车,燃润料消耗异常,故障,1488470400
WJ94轮式装甲防暴车,知道故障不修理,行为,1488470400
WJ94轮式装甲防暴车,启动困难,故障,1483545600
WJ94轮式装甲防暴车,冒黑烟,故障,1493568000
WJ94轮式装甲防暴车,动力不足,故障,1494604800
WJ94轮式装甲防暴车,变速器,器件,1488470400
WS-1B自行火箭炮,WS-1B自行火箭炮,装备,1496678400
WS-1B自行火箭炮,怠速不稳,故障,1496678400
WS-1B自行火箭炮,排气系统,器件,1496678400
WS-1B自行火箭炮,不懂保养汽车,行为,1496678400
WS-1B自行火箭炮车,WS-1B自行火箭炮车,装备,1488470400
WS-1B自行火箭炮车,WS-1B自行火箭炮车,装备,1488902400
WS-1B自行火箭炮车,过热现象,故障,1488470400
WS-1B自行火箭炮车,驾驶不当,行为,1488470400
WS-1B自行火箭炮车,耗油量明显增加、运行中加速不良,故障,1488902400
WS-1B自行火箭炮车,螺钉,器件,1488902400
WS-1B自行火箭炮车,冷却系统,器件,1488470400
WS-1B自行火箭炮车,知道故障不修理,行为,1488902400
WZ901保安车,WZ901保安车,装备,1483545600
WZ901保安车,WZ901保安车,装备,1494604800
WZ901保安车,WZ901保安车,装备,1496332800
WZ901保安车,WZ901保安车,装备,1493913600
WZ901保安车,WZ901保安车,装备,1485964800
WZ901保安车,WZ901保安车,装备,1496419200
WZ901保安车,WZ901保安车,装备,1488729600
WZ901保安车,WZ901保安车,装备,1486051200
WZ901保安车,启动困难,故障,1483545600
WZ901保安车,点火开关,器件,1483545600
WZ901保安车,启动困难,故障,1494604800
WZ901保安车,发动机,器件,1494604800
WZ901保安车,爬坡无力,故障,1496332800
WZ901保安车,火线圈，点火开关,器件,1496332800
WZ901保安车,水箱“开锅”,故障,1493913600
WZ901保安车,驾驶不当,行为,1493913600
WZ901保安车,气缸不工作,故障,1485964800
WZ901保安车,知道故障不修理,行为,1485964800
WZ901保安车,排气管冒黑烟,故障,1496419200
WZ901保安车,排气管,器件,1496419200
WZ901保安车,分离轴承烧蚀引发的故障,故障,1488729600
WZ901保安车,粗心,行为,1488729600
WZ901保安车,变速器出现齿轮撞击声,故障,1486051200
WZ901保安车,变速器,器件,1486051200
WZ901保安车,不懂保养汽车,行为,1483545600
WZ901保安车,修理不当,行为,1494604800
WZ901保安车,上次修理失当,行为,1496332800
WZ901保安车,水箱,器件,1493913600
WZ901保安车,气缸,器件,1485964800
WZ901保安车,意外,行为,1496419200
WZ901保安车,分离轴,器件,1488729600
WZ901保安车,上次修理失当,行为,1486051200
WZ901轮式装甲安全车,WZ901轮式装甲安全车,装备,1499961600
WZ901轮式装甲安全车,WZ901轮式装甲安全车,装备,1494172800
WZ901轮式装甲安全车,WZ901轮式装甲安全车,装备,1497715200
WZ901轮式装甲安全车,WZ901轮式装甲安全车,装备,1489248000
WZ901轮式装甲安全车,WZ901轮式装甲安全车,装备,1488297600
WZ901轮式装甲安全车,WZ901轮式装甲安全车,装备,1488470400
WZ901轮式装甲安全车,怠速不稳,故障,1499961600
WZ901轮式装甲安全车,修理不当,行为,1499961600
WZ901轮式装甲安全车,启动困难,故障,1499961600
WZ901轮式装甲安全车,气缸垫,器件,1499961600
WZ901轮式装甲安全车,履带断裂,故障,1494172800
WZ901轮式装甲安全车,没有阅读说明书,行为,1494172800
WZ901轮式装甲安全车,消声器爆裂,故障,1497715200
WZ901轮式装甲安全车,驾驶不当,行为,1497715200
WZ901轮式装甲安全车,单缸电时试验机不能起动探因,故障,1489248000
WZ901轮式装甲安全车,单缸,器件,1489248000
WZ901轮式装甲安全车,交流发电机不发电故障,故障,1488297600
WZ901轮式装甲安全车,交流发电机,器件,1488297600
WZ901轮式装甲安全车,排气管“隆、隆”声,故障,1488470400
WZ901轮式装甲安全车,排气管,器件,1488470400
WZ901轮式装甲安全车,三元催化转换器,器件,1499961600
WZ901轮式装甲安全车,不懂保养汽车,行为,1499961600
WZ901轮式装甲安全车,履带,器件,1494172800
WZ901轮式装甲安全车,消声器,器件,1497715200
WZ901轮式装甲安全车,不懂保养汽车,行为,1489248000
WZ901轮式装甲安全车,不懂保养汽车,行为,1488297600
WZ901轮式装甲安全车,意外,行为,1488470400
ZSL92式轮式步兵战车,ZSL92式轮式步兵战车,装备,1483200000
ZSL92式轮式步兵战车,ZSL92式轮式步兵战车,装备,1500220800
ZSL92式轮式步兵战车,ZSL92式轮式步兵战车,装备,1488470400
ZSL92式轮式步兵战车,ZSL92式轮式步兵战车,装备,1501516800
ZSL92式轮式步兵战车,ZSL92式轮式步兵战车,装备,1494518400
ZSL92式轮式步兵战车,ZSL92式轮式步兵战车,装备,1497974400
ZSL92式轮式步兵战车,ZSL92式轮式步兵战车,装备,1493481600
ZSL92式轮式步兵战车,ZSL92式轮式步兵战车,装备,1495468800
ZSL92式轮式步兵战车,粗心,行为,1483200000
ZSL92式轮式步兵战车,点火器,器件,1483200000
ZSL92式轮式步兵战车,油路中的空气排不净,故障,1500220800
ZSL92式轮式步兵战车,螺栓垫片,器件,1500220800
ZSL92式轮式步兵战车,电路故障,故障,1488470400
ZSL92式轮式步兵战车,电路,器件,1488470400
ZSL92式轮式步兵战车,发动机连续“抱轴”,故障,1501516800
ZSL92式轮式步兵战车,没有阅读说明书,行为,1501516800
ZSL92式轮式步兵战车,熔丝连续熔断,故障,1494518400
ZSL92式轮式步兵战车,熔丝,器件,1494518400
ZSL92式轮式步兵战车,发动机启动困难,故障,1497974400
ZSL92式轮式步兵战车,发动机,器件,1497974400
ZSL92式轮式步兵战车,发动机启动困难,故障,1493481600
ZSL92式轮式步兵战车,发动机,器件,1493481600
ZSL92式轮式步兵战车,柴油机着火敲击声,故障,1495468800
ZSL92式轮式步兵战车,柴油机,器件,1495468800
ZSL92式轮式步兵战车,启动困难,故障,1483200000
ZSL92式轮式步兵战车,没有阅读说明书,行为,1500220800
ZSL92式轮式步兵战车,操作分心,行为,1488470400
ZSL92式轮式步兵战车,发动机,器件,1501516800
ZSL92式轮式步兵战车,不定时检查车况,行为,1494518400
ZSL92式轮式步兵战车,上次修理失当,行为,1497974400
ZSL92式轮式步兵战车,不懂保养汽车,行为,1493481600
ZSL92式轮式步兵战车,意外,行为,1495468800
一汽捷达,一汽捷达,装备,1491926400
一汽捷达,飞轮壳易损坏,故障,1491926400
一汽捷达,飞轮,器件,1491926400
一汽捷达,粗心,行为,1491926400
上汽奇瑞,上汽奇瑞,装备,1494345600
上汽奇瑞,油表指针下降得很慢,故障,1494345600
上汽奇瑞,油表,器件,1494345600
上汽奇瑞,修理不当,行为,1494345600
上海别克GL,上海别克GL,装备,1483200000
上海别克GL,上海别克GL,装备,1487606400
上海别克GL,操作分心,行为,1483200000
上海别克GL,曲轴,器件,1483200000
上海别克GL,变速器乱档,故障,1487606400
上海别克GL,粗心,行为,1487606400
上海别克GL,启动困难,故障,1483200000
上海别克GL,变速器,器件,1487606400
东风EQ1090E,东风EQ1090E,装备,1492876800
东风EQ1090E,东风EQ1090E,装备,1493913600
东风EQ1090E,东风EQ1090E,装备,1484928000
东风EQ1090E,东风EQ1090E,装备,1493049600
东风EQ1090E,烧机油,故障,1492876800
东风EQ1090E,知道故障不修理,行为,1492876800
东风EQ1090E,水箱“开锅”,故障,1493913600
东风EQ1090E,水箱,器件,1493913600
东风EQ1090E,突然熄火后不能启动,故障,1484928000
东风EQ1090E,点火控制器,器件,1484928000
东风EQ1090E,水温高,故障,1493049600
东风EQ1090E,水温表,器件,1493049600
东风EQ1090E,机油,器件,1492876800
东风EQ1090E,不定时检查车况,行为,1493913600
东风EQ1090E,修理不当,行为,1484928000
东风EQ1090E,操作分心,行为,1493049600
东风EQ1091运输车,东风EQ1091运输车,装备,1489075200
东风EQ1091运输车,意外,行为,1489075200
东风EQ1091运输车,定位销,器件,1489075200
东风EQ1091运输车,变速器跳档,故障,1489075200
东风EQ245,东风EQ245,装备,1493568000
东风EQ245,异响,故障,1493568000
东风EQ245,操作分心,行为,1493568000
东风EQ245,发动机,器件,1493568000
东风勇士,东风勇士,装备,1485964800
东风勇士,熄火,故障,1485964800
东风勇士,意外,行为,1485964800
东风勇士,发动机,器件,1485964800
东风猛士,东风猛士,装备,1494000000
东风猛士,东风猛士,装备,1497715200
东风猛士,东风猛士,装备,1500307200
东风猛士,发动机异响,故障,1494000000
东风猛士,火花塞,器件,1494000000
东风猛士,水温高,故障,1494000000
东风猛士,风扇皮带,器件,1494000000
东风猛士,转向沉重,故障,1497715200
东风猛士,转向系,器件,1497715200
东风猛士,知道故障不修理,行为,1500307200
东风猛士,传动皮带,器件,1500307200
东风猛士,不定时检查车况,行为,1494000000
东风猛士,不懂保养汽车,行为,1494000000
东风猛士,修理不当,行为,1497715200
东风猛士,交流发电机充电电流不稳定,故障,1500307200
东风运水车,东风运水车,装备,1493568000
东风运水车,东风运水车,装备,1493827200
东风运水车,冒黑烟,故障,1493568000
东风运水车,消音器,器件,1493568000
东风运水车,没有阅读说明书,行为,1493827200
东风运水车,气缸垫,器件,1493827200
东风运水车,不懂保养汽车,行为,1493568000
东风运水车,排出大量蓝烟,故障,1493827200
东风运输车,东风运输车,装备,1493568000
东风运输车,东风运输车,装备,1494604800
东风运输车,没有阅读说明书,行为,1493568000
东风运输车,消音器,器件,1493568000
东风运输车,粗心,行为,1494604800
东风运输车,火花塞陶,器件,1494604800
东风运输车,冒黑烟,故障,1493568000
东风运输车,消声器冒黑烟,故障,1494604800
东风铁甲,东风铁甲,装备,1483200000
东风铁甲,东风铁甲,装备,1485705600
东风铁甲,东风铁甲,装备,1489248000
东风铁甲,东风铁甲,装备,1494604800
东风铁甲,启动困难,故障,1483200000
东风铁甲,点火开关,器件,1483200000
东风铁甲,启动困难,故障,1485705600
东风铁甲,二极管,器件,1485705600
东风铁甲,开锅,故障,1489248000
东风铁甲,操作分心,行为,1489248000
东风铁甲,启动困难,故障,1494604800
东风铁甲,发动机,器件,1494604800
东风铁甲,修理不当,行为,1483200000
东风铁甲,不定时检查车况,行为,1485705600
东风铁甲,发动机,器件,1489248000
东风铁甲,上次修理失当,行为,1494604800
五岳TAZ3090,五岳TAZ3090,装备,1488384000
五岳TAZ3090,五岳TAZ3090,装备,1484496000
五岳TAZ3090,五岳TAZ3090,装备,1499961600
五岳TAZ3090,五岳TAZ3090,装备,1483286400
五岳TAZ3090,五岳TAZ3090,装备,1489334400
五岳TAZ3090,五岳TAZ3090,装备,1497974400
五岳TAZ3090,五岳TAZ3090,装备,1488124800
五岳TAZ3090,五岳TAZ3090,装备,1491753600
五岳TAZ3090,五岳TAZ3090,装备,1492444800
五岳TAZ3090,五岳TAZ3090,装备,1495987200
五岳TAZ3090,五岳TAZ3090,装备,1495468800
五岳TAZ3090,五岳TAZ3090,装备,1492358400
五岳TAZ3090,五岳TAZ3090,装备,1485878400
五岳TAZ3090,五岳TAZ3090,装备,1496678400
五岳TAZ3090,五岳TAZ3090,装备,1499011200
五岳TAZ3090,五岳TAZ3090,装备,1491408000
五岳TAZ3090,五岳TAZ3090,装备,1499270400
五岳TAZ3090,五岳TAZ3090,装备,1488729600
五岳TAZ3090,五岳TAZ3090,装备,1498406400
五岳TAZ3090,五岳TAZ3090,装备,1486224000
五岳TAZ3090,五岳TAZ3090,装备,1498320000
五岳TAZ3090,五岳TAZ3090,装备,1493481600
五岳TAZ3090,知道故障不修理,行为,1488384000
五岳TAZ3090,进油管,器件,1488384000
五岳TAZ3090,驾驶不当,行为,1484496000
五岳TAZ3090,蓄电池,器件,1484496000
五岳TAZ3090,发动机故障,故障,1484496000
五岳TAZ3090,电脑模块,器件,1484496000
五岳TAZ3090,换档冲击,故障,1484496000
五岳TAZ3090,电磁阀,器件,1484496000
五岳TAZ3090,启动困难,故障,1499961600
五岳TAZ3090,操作分心,行为,1499961600
五岳TAZ3090,空调故障,故障,1483286400
五岳TAZ3090,电阻,器件,1483286400
五岳TAZ3090,责任心不强,行为,1489334400
五岳TAZ3090,节温器,器件,1489334400
五岳TAZ3090,怠速不稳,故障,1489334400
五岳TAZ3090,转子轴,器件,1489334400
五岳TAZ3090,意外,行为,1497974400
五岳TAZ3090,电刷,器件,1497974400
五岳TAZ3090,修理不当,行为,1488124800
五岳TAZ3090,调节器,器件,1488124800
五岳TAZ3090,高压无火,故障,1491753600
五岳TAZ3090,没有阅读说明书,行为,1491753600
五岳TAZ3090,没有阅读说明书,行为,1492444800
五岳TAZ3090,水温传感器,器件,1492444800
五岳TAZ3090,操作分心,行为,1495987200
五岳TAZ3090,螺帽,器件,1495987200
五岳TAZ3090,发动机故障,故障,1495468800
五岳TAZ3090,螺帽,器件,1495468800
五岳TAZ3090,没有阅读说明书,行为,1492358400
五岳TAZ3090,气泵皮带,器件,1492358400
五岳TAZ3090,知道故障不修理,行为,1485878400
五岳TAZ3090,点火开关,器件,1485878400
五岳TAZ3090,发动机异响,故障,1496678400
五岳TAZ3090,驾驶不当,行为,1496678400
五岳TAZ3090,刹车失灵,故障,1499011200
五岳TAZ3090,刹车线,器件,1499011200
五岳TAZ3090,充电指示灯不灭,故障,1491408000
五岳TAZ3090,驾驶不当,行为,1491408000
五岳TAZ3090,蓄电池突然损坏,故障,1499270400
五岳TAZ3090,起动机,器件,1499270400
五岳TAZ3090,点火线圈突然爆炸,故障,1488729600
五岳TAZ3090,点火线圈,器件,1488729600
五岳TAZ3090,发动机工作不良,故障,1498406400
五岳TAZ3090,意外,行为,1498406400
五岳TAZ3090,起动机故障,故障,1486224000
五岳TAZ3090,起动机,器件,1486224000
五岳TAZ3090,怠速不稳,故障,1498320000
五岳TAZ3090,粗心,行为,1498320000
五岳TAZ3090,没有阅读说明书,行为,1493481600
五岳TAZ3090,曲轴,器件,1493481600
五岳TAZ3090,启动困难,故障,1488384000
五岳TAZ3090,怠速不稳,故障,1484496000
五岳TAZ3090,上次修理失当,行为,1484496000
五岳TAZ3090,意外,行为,1484496000
五岳TAZ3090,信号线,器件,1499961600
五岳TAZ3090,不懂保养汽车,行为,1483286400
五岳TAZ3090,不定时检查车况,行为,1489334400
五岳TAZ3090,交流发电机充电电流不稳定,故障,1497974400
五岳TAZ3090,交流发电机充电电流不稳定,故障,1488124800
五岳TAZ3090,感应线圈,器件,1491753600
五岳TAZ3090,发动机动力不足,故障,1492444800
五岳TAZ3090,发动机故障,故障,1495987200
五岳TAZ3090,不懂保养汽车,行为,1495468800
五岳TAZ3090,发动机故障,故障,1492358400
五岳TAZ3090,冷启动困难,故障,1485878400
五岳TAZ3090,发动机,器件,1496678400
五岳TAZ3090,修理不当,行为,1499011200
五岳TAZ3090,充电指示灯,器件,1491408000
五岳TAZ3090,不定时检查车况,行为,1499270400
五岳TAZ3090,不定时检查车况,行为,1488729600
五岳TAZ3090,发动机,器件,1498406400
五岳TAZ3090,没有阅读说明书,行为,1486224000
五岳TAZ3090,发动机,器件,1498320000
五岳TAZ3090,启动困难,故障,1493481600
别克赛欧,别克赛欧,装备,1493913600
别克赛欧,离合器故障,故障,1493913600
别克赛欧,离合器,器件,1493913600
别克赛欧,意外,行为,1493913600
北汽勇士,北汽勇士,装备,1483286400
北汽勇士,北汽勇士,装备,1496678400
北汽勇士,北汽勇士,装备,1488038400
北汽勇士,北汽勇士,装备,1484496000
北汽勇士,北汽勇士,装备,1484409600
北汽勇士,北汽勇士,装备,1484323200
北汽勇士,北汽勇士,装备,1495987200
北汽勇士,北汽勇士,装备,1495728000
北汽勇士,北汽勇士,装备,1494000000
北汽勇士,北汽勇士,装备,1494172800
北汽勇士,北汽勇士,装备,1493049600
北汽勇士,北汽勇士,装备,1488470400
北汽勇士,操作分心,行为,1483286400
北汽勇士,混合气,器件,1483286400
北汽勇士,水温高,故障,1496678400
北汽勇士,风扇叶片,器件,1496678400
北汽勇士,没有阅读说明书,行为,1488038400
北汽勇士,保险丝,器件,1488038400
北汽勇士,责任心不强,行为,1484496000
北汽勇士,蓄电池,器件,1484496000
北汽勇士,熄火,故障,1484409600
北汽勇士,油箱,器件,1484409600
北汽勇士,制动液温度过高，刹车失灵,故障,1484409600
北汽勇士,意外,行为,1484409600
北汽勇士,正时齿轮发响,故障,1484323200
北汽勇士,正时齿轮,器件,1484323200
北汽勇士,发动机故障,故障,1495987200
北汽勇士,连杆轴承，轴颈,器件,1495987200
北汽勇士,粗心,行为,1495728000
北汽勇士,气门推杆,器件,1495728000
北汽勇士,发动机故障,故障,1495728000
北汽勇士,责任心不强,行为,1495728000
北汽勇士,知道故障不修理,行为,1494000000
北汽勇士,机油压力指示灯,器件,1494000000
北汽勇士,进排气歧管衬垫烧穿,故障,1494172800
北汽勇士,进排气歧管衬垫,器件,1494172800
北汽勇士,汽油消耗量过大,故障,1493049600
北汽勇士,驾驶不当,行为,1493049600
北汽勇士,意外,行为,1488470400
北汽勇士,混合气,器件,1488470400
北汽勇士,凸轮轴轴承响,故障,1495728000
北汽勇士,怠速不稳,故障,1483286400
北汽勇士,上次修理失当,行为,1496678400
北汽勇士,仪表不显示,故障,1488038400
北汽勇士,怠速不稳,故障,1484496000
北汽勇士,操作分心,行为,1484409600
北汽勇士,制动毂，蹄片,器件,1484409600
北汽勇士,不定时检查车况,行为,1484323200
北汽勇士,不定时检查车况,行为,1495987200
北汽勇士,凸轮轴,器件,1495728000
北汽勇士,加速时机油压力指示灯会点亮,故障,1494000000
北汽勇士,修理不当,行为,1494172800
北汽勇士,发动机,器件,1493049600
北汽勇士,怠速不稳,故障,1488470400
北汽勇士,凸轮轴轴,器件,1495728000
北起BCW5122JQZ,北起BCW5122JQZ,装备,1499616000
北起BCW5122JQZ,北起BCW5122JQZ,装备,1493740800
北起BCW5122JQZ,北起BCW5122JQZ,装备,1496851200
北起BCW5122JQZ,不懂保养汽车,行为,1499616000
北起BCW5122JQZ,气泵一轴承,器件,1499616000
北起BCW5122JQZ,急加速不良,故障,1493740800
北起BCW5122JQZ,粗心,行为,1493740800
北起BCW5122JQZ,排除气阻故障,故障,1496851200
北起BCW5122JQZ,柴油机,器件,1496851200
北起BCW5122JQZ,“哧哧”声,故障,1499616000
北起BCW5122JQZ,发动机,器件,1493740800
北起BCW5122JQZ,修理不当,行为,1496851200
北起CWY12,北起CWY12,装备,1499529600
北起CWY12,锁止失效,故障,1499529600
北起CWY12,锁片,器件,1499529600
北起CWY12,不懂保养汽车,行为,1499529600
奇瑞SQR7160ET车,奇瑞SQR7160ET车,装备,1493568000
奇瑞SQR7160ET车,启动困难,故障,1493568000
奇瑞SQR7160ET车,电脑模块,器件,1493568000
奇瑞SQR7160ET车,修理不当,行为,1493568000
奔驰2026,奔驰2026,装备,1488988800
奔驰2026,奔驰2026,装备,1490457600
奔驰2026,责任心不强,行为,1488988800
奔驰2026,转向盘,器件,1488988800
奔驰2026,发动机动力下降,故障,1490457600
奔驰2026,意外,行为,1490457600
奔驰2026,行驶时车辆的转向盘难于操纵,故障,1488988800
奔驰2026,发动机,器件,1490457600
奔驰2026（6×6）8吨级越野车,奔驰2026（6×6）8吨级越野车,装备,1494000000
奔驰2026（6×6）8吨级越野车,奔驰2026（6×6）8吨级越野车,装备,1492444800
奔驰2026（6×6）8吨级越野车,发动机故障,故障,1494000000
奔驰2026（6×6）8吨级越野车,凸轮轴承,器件,1494000000
奔驰2026（6×6）8吨级越野车,离合器故障,故障,1492444800
奔驰2026（6×6）8吨级越野车,责任心不强,行为,1492444800
奔驰2026（6×6）8吨级越野车,上次修理失当,行为,1494000000
奔驰2026（6×6）8吨级越野车,离合器,器件,1492444800
奥迪A1,奥迪A1,装备,1492444800
奥迪A1,奥迪A1,装备,1489766400
奥迪A1,奥迪A1,装备,1500652800
奥迪A1,奥迪A1,装备,1492531200
奥迪A1,奥迪A1,装备,1485100800
奥迪A1,奥迪A1,装备,1488470400
奥迪A1,奥迪A1,装备,1493568000
奥迪A1,奥迪A1,装备,1492790400
奥迪A1,奥迪A1,装备,1488988800
奥迪A1,奥迪A1,装备,1491321600
奥迪A1,奥迪A1,装备,1494259200
奥迪A1,粗心,行为,1492444800
奥迪A1,空气流量计,器件,1492444800
奥迪A1,没有阅读说明书,行为,1492444800
奥迪A1,气缸,器件,1492444800
奥迪A1,启动困难,故障,1489766400
奥迪A1,气缸垫,器件,1489766400
奥迪A1,驾驶不当,行为,1500652800
奥迪A1,混合气,器件,1500652800
奥迪A1,知道故障不修理,行为,1492531200
奥迪A1,风扇离合器,器件,1492531200
奥迪A1,冷却系统故障,故障,1485100800
奥迪A1,引擎,器件,1485100800
奥迪A1,电阻断路,故障,1488470400
奥迪A1,点火线圈,器件,1488470400
奥迪A1,汽油消耗量过大,故障,1493568000
奥迪A1,发动机,器件,1493568000
奥迪A1,发电机充电量过大,故障,1492790400
奥迪A1,操作分心,行为,1492790400
奥迪A1,发动机异响,故障,1488988800
奥迪A1,知道故障不修理,行为,1488988800
奥迪A1,起动机不转动,故障,1491321600
奥迪A1,起动机,器件,1491321600
奥迪A1,起动机转动无力,故障,1494259200
奥迪A1,起动机,器件,1494259200
奥迪A1,发动机动力不足,故障,1492444800
奥迪A1,发动机缺火,故障,1492444800
奥迪A1,上次修理失当,行为,1489766400
奥迪A1,怠速不稳,故障,1500652800
奥迪A1,发动机故障,故障,1492531200
奥迪A1,上次修理失当,行为,1485100800
奥迪A1,操作分心,行为,1488470400
奥迪A1,修理不当,行为,1493568000
奥迪A1,发电机,器件,1492790400
奥迪A1,发动机,器件,1488988800
奥迪A1,不定时检查车况,行为,1491321600
奥迪A1,不懂保养汽车,行为,1494259200
奥迪A2,奥迪A2,装备,1483459200
奥迪A2,奥迪A2,装备,1489766400
奥迪A2,奥迪A2,装备,1499443200
奥迪A2,冒黑烟,故障,1483459200
奥迪A2,氧传感器,器件,1483459200
奥迪A2,发动机噪声大,故障,1489766400
奥迪A2,意外,行为,1489766400
奥迪A2,变速器换挡困难,故障,1499443200
奥迪A2,责任心不强,行为,1499443200
奥迪A2,修理不当,行为,1483459200
奥迪A2,发动机,器件,1489766400
奥迪A2,变速器,器件,1499443200
奥迪A3,奥迪A3,装备,1494000000
奥迪A3,奥迪A3,装备,1484323200
奥迪A3,意外,行为,1494000000
奥迪A3,搭铁线,器件,1494000000
奥迪A3,正时齿轮发响,故障,1484323200
奥迪A3,驾驶不当,行为,1484323200
奥迪A3,发动机故障,故障,1494000000
奥迪A3,正时齿轮,器件,1484323200
奥迪A5,奥迪A5,装备,1484150400
奥迪A5,奥迪A5,装备,1484496000
奥迪A5,责任心不强,行为,1484150400
奥迪A5,电脑模块,器件,1484150400
奥迪A5,启动困难,故障,1484496000
奥迪A5,保险丝,器件,1484496000
奥迪A5,启动困难,故障,1484150400
奥迪A5,上次修理失当,行为,1484496000
奥迪A6,奥迪A6,装备,1493308800
奥迪A6,奥迪A6,装备,1486396800
奥迪A6,奥迪A6,装备,1499961600
奥迪A6,奥迪A6,装备,1489334400
奥迪A6,奥迪A6,装备,1489766400
奥迪A6,奥迪A6,装备,1495123200
奥迪A6,操作分心,行为,1493308800
奥迪A6,氧传感器,器件,1493308800
奥迪A6,怠速不稳,故障,1486396800
奥迪A6,不定时检查车况,行为,1486396800
奥迪A6,空调故障,故障,1499961600
奥迪A6,责任心不强,行为,1499961600
奥迪A6,无倒档,故障,1489334400
奥迪A6,防盗器,器件,1489334400
奥迪A6,熄火，发动不着,故障,1489766400
奥迪A6,汽缸垫,器件,1489766400
奥迪A6,粗心,行为,1495123200
奥迪A6,螺栓,器件,1495123200
奥迪A6,冒黑烟,故障,1493308800
奥迪A6,PCV阀,器件,1486396800
奥迪A6,低压管,器件,1499961600
奥迪A6,操作分心,行为,1489334400
奥迪A6,上次修理失当,行为,1489766400
奥迪A6,离合器故障,故障,1495123200
奥迪Q3,奥迪Q3,装备,1486224000
奥迪Q3,水温高,故障,1486224000
奥迪Q3,组合仪表,器件,1486224000
奥迪Q3,不定时检查车况,行为,1486224000
帕萨特,帕萨特,装备,1493568000
帕萨特,启动困难,故障,1493568000
帕萨特,发动机,器件,1493568000
帕萨特,上次修理失当,行为,1493568000
帕萨特B4,帕萨特B4,装备,1496937600
帕萨特B4,帕萨特B4,装备,1494345600
帕萨特B4,责任心不强,行为,1496937600
帕萨特B4,轴承,器件,1496937600
帕萨特B4,知道故障不修理,行为,1494345600
帕萨特B4,车窗,器件,1494345600
帕萨特B4,打转向沉重费力,故障,1496937600
帕萨特B4,电压的原因,故障,1494345600
日产蓝鸟U13轿车,日产蓝鸟U13轿车,装备,1498060800
日产蓝鸟U13轿车,修理不当,行为,1498060800
日产蓝鸟U13轿车,搭铁线,器件,1498060800
日产蓝鸟U13轿车,不能起动,故障,1498060800
机油泵驱动齿轮,机油泵驱动齿轮,装备,1487779200
机油泵驱动齿轮,粗心,行为,1487779200
机油泵驱动齿轮,骊山LS6911,器件,1487779200
机油泵驱动齿轮,机油泵驱动齿轮异响故障,故障,1487779200
松辽SLQ6502,松辽SLQ6502,装备,1492099200
松辽SLQ6502,松辽SLQ6502,装备,1496160000
松辽SLQ6502,松辽SLQ6502,装备,1490889600
松辽SLQ6502,起动机空转,故障,1492099200
松辽SLQ6502,起动机,器件,1492099200
松辽SLQ6502,费油,故障,1496160000
松辽SLQ6502,意外,行为,1496160000
松辽SLQ6502,启动机故障,故障,1490889600
松辽SLQ6502,驾驶不当,行为,1490889600
松辽SLQ6502,知道故障不修理,行为,1492099200
松辽SLQ6502,变速箱,器件,1496160000
松辽SLQ6502,启动机,器件,1490889600
松辽YJ6501,松辽YJ6501,装备,1493049600
松辽YJ6501,松辽YJ6501,装备,1486224000
松辽YJ6501,松辽YJ6501,装备,1493740800
松辽YJ6501,分电器盖窜电,故障,1493049600
松辽YJ6501,责任心不强,行为,1493049600
松辽YJ6501,制动跑偏故障,故障,1486224000
松辽YJ6501,制动器,器件,1486224000
松辽YJ6501,离合器传动销故障,故障,1493740800
松辽YJ6501,驾驶不当,行为,1493740800
松辽YJ6501,灯泡座被污物覆盖,故障,1493740800
松辽YJ6501,灯泡座,器件,1493740800
松辽YJ6501,高温易熄火,故障,1493740800
松辽YJ6501,知道故障不修理,行为,1493740800
松辽YJ6501,分电器盖,器件,1493049600
松辽YJ6501,不懂保养汽车,行为,1486224000
松辽YJ6501,离合器,器件,1493740800
松辽YJ6501,不定时检查车况,行为,1493740800
松辽YJ6501,发动机,器件,1493740800
枭龙XL2060,枭龙XL2060,装备,1494864000
枭龙XL2060,枭龙XL2060,装备,1500739200
枭龙XL2060,枭龙XL2060,装备,1493827200
枭龙XL2060,枭龙XL2060,装备,1484409600
枭龙XL2060,枭龙XL2060,装备,1492531200
枭龙XL2060,枭龙XL2060,装备,1494000000
枭龙XL2060,枭龙XL2060,装备,1503072000
枭龙XL2060,冒黑烟,故障,1494864000
枭龙XL2060,排气管,器件,1494864000
枭龙XL2060,熄火,故障,1500739200
枭龙XL2060,点火控制器,器件,1500739200
枭龙XL2060,启动困难,故障,1493827200
枭龙XL2060,进油管,器件,1493827200
枭龙XL2060,启动困难,故障,1484409600
枭龙XL2060,油管,器件,1484409600
枭龙XL2060,操作分心,行为,1492531200
枭龙XL2060,电机,器件,1492531200
枭龙XL2060,熄火,故障,1494000000
枭龙XL2060,粗心,行为,1494000000
枭龙XL2060,操作分心,行为,1503072000
枭龙XL2060,节气门,器件,1503072000
枭龙XL2060,不懂保养汽车,行为,1494864000
枭龙XL2060,修理不当,行为,1500739200
枭龙XL2060,上次修理失当,行为,1493827200
枭龙XL2060,不定时检查车况,行为,1484409600
枭龙XL2060,中控锁故障,故障,1492531200
枭龙XL2060,活动触点臂,器件,1494000000
枭龙XL2060,发动机动力不足,故障,1503072000
桑塔纳,桑塔纳,装备,1496937600
桑塔纳,油表不准,故障,1496937600
桑塔纳,油表显示器,器件,1496937600
桑塔纳,意外,行为,1496937600
桑塔纳2000GSi,桑塔纳2000GSi,装备,1498406400
桑塔纳2000GSi,操作分心,行为,1498406400
桑塔纳2000GSi,制动液,器件,1498406400
桑塔纳2000GSi,制动不灵敏,故障,1498406400
毕加索ABS,毕加索ABS,装备,1488297600
毕加索ABS,车体有异响,故障,1488297600
毕加索ABS,排气管,器件,1488297600
毕加索ABS,不懂保养汽车,行为,1488297600
汉阳HY4320S半挂牵引车,汉阳HY4320S半挂牵引车,装备,1492012800
汉阳HY4320S半挂牵引车,汉阳HY4320S半挂牵引车,装备,1495555200
汉阳HY4320S半挂牵引车,汉阳HY4320S半挂牵引车,装备,1500134400
汉阳HY4320S半挂牵引车,汉阳HY4320S半挂牵引车,装备,1490198400
汉阳HY4320S半挂牵引车,汉阳HY4320S半挂牵引车,装备,1486224000
汉阳HY4320S半挂牵引车,汉阳HY4320S半挂牵引车,装备,1486483200
汉阳HY4320S半挂牵引车,汉阳HY4320S半挂牵引车,装备,1491235200
汉阳HY4320S半挂牵引车,汉阳HY4320S半挂牵引车,装备,1496419200
汉阳HY4320S半挂牵引车,汉阳HY4320S半挂牵引车,装备,1496592000
汉阳HY4320S半挂牵引车,汉阳HY4320S半挂牵引车,装备,1492704000
汉阳HY4320S半挂牵引车,倒车灯不亮,故障,1492012800
汉阳HY4320S半挂牵引车,搭铁线,器件,1492012800
汉阳HY4320S半挂牵引车,熄火,故障,1495555200
汉阳HY4320S半挂牵引车,曲轴位置传感器，发动机电子控制器ECU插接头,器件,1495555200
汉阳HY4320S半挂牵引车,启动困难,故障,1500134400
汉阳HY4320S半挂牵引车,链条,器件,1500134400
汉阳HY4320S半挂牵引车,起动机转动无力,故障,1490198400
汉阳HY4320S半挂牵引车,驾驶不当,行为,1490198400
汉阳HY4320S半挂牵引车,离合器故障,故障,1486224000
汉阳HY4320S半挂牵引车,离合器,器件,1486224000
汉阳HY4320S半挂牵引车,发动机机油压力指示表显示异常,故障,1486483200
汉阳HY4320S半挂牵引车,发动机,器件,1486483200
汉阳HY4320S半挂牵引车,起动机运转无力,故障,1491235200
汉阳HY4320S半挂牵引车,起动机,器件,1491235200
汉阳HY4320S半挂牵引车,发动机烧机油故障,故障,1496419200
汉阳HY4320S半挂牵引车,发动机,器件,1496419200
汉阳HY4320S半挂牵引车,履带断裂,故障,1496592000
汉阳HY4320S半挂牵引车,粗心,行为,1496592000
汉阳HY4320S半挂牵引车,排气管冒黑烟,故障,1492704000
汉阳HY4320S半挂牵引车,责任心不强,行为,1492704000
汉阳HY4320S半挂牵引车,上次修理失当,行为,1492012800
汉阳HY4320S半挂牵引车,修理不当,行为,1495555200
汉阳HY4320S半挂牵引车,不懂保养汽车,行为,1500134400
汉阳HY4320S半挂牵引车,电磁开关,器件,1490198400
汉阳HY4320S半挂牵引车,修理不当,行为,1486224000
汉阳HY4320S半挂牵引车,上次修理失当,行为,1486483200
汉阳HY4320S半挂牵引车,不懂保养汽车,行为,1491235200
汉阳HY4320S半挂牵引车,不定时检查车况,行为,1496419200
汉阳HY4320S半挂牵引车,履带,器件,1496592000
汉阳HY4320S半挂牵引车,排气管,器件,1492704000
汉阳HY473AS半挂牵引车,汉阳HY473AS半挂牵引车,装备,1483200000
汉阳HY473AS半挂牵引车,汉阳HY473AS半挂牵引车,装备,1489334400
汉阳HY473AS半挂牵引车,汉阳HY473AS半挂牵引车,装备,1484323200
汉阳HY473AS半挂牵引车,汉阳HY473AS半挂牵引车,装备,1484668800
汉阳HY473AS半挂牵引车,汉阳HY473AS半挂牵引车,装备,1495123200
汉阳HY473AS半挂牵引车,操作分心,行为,1483200000
汉阳HY473AS半挂牵引车,混合气,器件,1483200000
汉阳HY473AS半挂牵引车,没有阅读说明书,行为,1489334400
汉阳HY473AS半挂牵引车,节温器,器件,1489334400
汉阳HY473AS半挂牵引车,正时齿轮发响,故障,1484323200
汉阳HY473AS半挂牵引车,知道故障不修理,行为,1484323200
汉阳HY473AS半挂牵引车,起动机损坏,故障,1484668800
汉阳HY473AS半挂牵引车,起动机,器件,1484668800
汉阳HY473AS半挂牵引车,水温高,故障,1484668800
汉阳HY473AS半挂牵引车,节温器，冷却系,器件,1484668800
汉阳HY473AS半挂牵引车,充电指示灯不熄灭,故障,1484668800
汉阳HY473AS半挂牵引车,责任心不强,行为,1484668800
汉阳HY473AS半挂牵引车,粗心,行为,1484668800
汉阳HY473AS半挂牵引车,节气门位置传感器怠速开关,器件,1484668800
汉阳HY473AS半挂牵引车,怠速不稳,故障,1484668800
汉阳HY473AS半挂牵引车,喷油器,器件,1484668800
汉阳HY473AS半挂牵引车,熄火难,故障,1495123200
汉阳HY473AS半挂牵引车,发电机故障,故障,1495123200
汉阳HY473AS半挂牵引车,怠速不稳,故障,1483200000
汉阳HY473AS半挂牵引车,怠速不稳,故障,1489334400
汉阳HY473AS半挂牵引车,正时齿轮,器件,1484323200
汉阳HY473AS半挂牵引车,不定时检查车况,行为,1484668800
汉阳HY473AS半挂牵引车,不懂保养汽车,行为,1484668800
汉阳HY473AS半挂牵引车,二极管接线螺杆,器件,1484668800
汉阳HY473AS半挂牵引车,上次修理失当,行为,1484668800
汉阳HY473AS半挂牵引车,修理不当,行为,1495123200
沈飞猎鹰,沈飞猎鹰,装备,1492704000
沈飞猎鹰,沈飞猎鹰,装备,1492444800
沈飞猎鹰,沈飞猎鹰,装备,1492617600
沈飞猎鹰,沈飞猎鹰,装备,1491926400
沈飞猎鹰,沈飞猎鹰,装备,1485964800
沈飞猎鹰,沈飞猎鹰,装备,1490889600
沈飞猎鹰,容易熄火,故障,1492704000
沈飞猎鹰,没有阅读说明书,行为,1492704000
沈飞猎鹰,启动困难,故障,1492444800
沈飞猎鹰,驱动齿轮,器件,1492444800
沈飞猎鹰,启动困难,故障,1492617600
沈飞猎鹰,曲轴,器件,1492617600
沈飞猎鹰,意外,行为,1491926400
沈飞猎鹰,怠速控制阀,器件,1491926400
沈飞猎鹰,充电指示灯不灭,故障,1485964800
沈飞猎鹰,驾驶不当,行为,1485964800
沈飞猎鹰,起动系疑难故障,故障,1490889600
沈飞猎鹰,起动机,器件,1490889600
沈飞猎鹰,发动机,器件,1492704000
沈飞猎鹰,修理不当,行为,1492444800
沈飞猎鹰,不懂保养汽车,行为,1492617600
沈飞猎鹰,怠速不稳,故障,1491926400
沈飞猎鹰,充电指示灯,器件,1485964800
沈飞猎鹰,上次修理失当,行为,1490889600
海虹QYJ5,海虹QYJ5,装备,1499443200
海虹QYJ5,海虹QYJ5,装备,1483200000
海虹QYJ5,海虹QYJ5,装备,1491321600
海虹QYJ5,汽车摆头,故障,1499443200
海虹QYJ5,弹簧,器件,1499443200
海虹QYJ5,"发动机低速时的""吱吱""声",故障,1483200000
海虹QYJ5,没有阅读说明书,行为,1483200000
海虹QYJ5,活塞环折断,故障,1491321600
海虹QYJ5,活塞环,器件,1491321600
海虹QYJ5,不懂保养汽车,行为,1499443200
海虹QYJ5,发动机,器件,1483200000
海虹QYJ5,不懂保养汽车,行为,1491321600
燕京YJ6501,燕京YJ6501,装备,1484064000
燕京YJ6501,燕京YJ6501,装备,1498147200
燕京YJ6501,燕京YJ6501,装备,1496505600
燕京YJ6501,燕京YJ6501,装备,1488038400
燕京YJ6501,燕京YJ6501,装备,1503072000
燕京YJ6501,燕京YJ6501,装备,1497715200
燕京YJ6501,燕京YJ6501,装备,1489680000
燕京YJ6501,燕京YJ6501,装备,1497110400
燕京YJ6501,燕京YJ6501,装备,1499184000
燕京YJ6501,燕京YJ6501,装备,1499356800
燕京YJ6501,燕京YJ6501,装备,1493481600
燕京YJ6501,燕京YJ6501,装备,1488211200
燕京YJ6501,冒黑烟,故障,1484064000
燕京YJ6501,排气管,器件,1484064000
燕京YJ6501,启动困难,故障,1498147200
燕京YJ6501,点火开关,器件,1498147200
燕京YJ6501,发动机噪声大,故障,1496505600
燕京YJ6501,没有阅读说明书,行为,1496505600
燕京YJ6501,水温高,故障,1488038400
燕京YJ6501,节温器,器件,1488038400
燕京YJ6501,意外,行为,1503072000
燕京YJ6501,喷油器,器件,1503072000
燕京YJ6501,转向沉重,故障,1497715200
燕京YJ6501,轮胎,器件,1497715200
燕京YJ6501,意外,行为,1489680000
燕京YJ6501,风扇皮带,器件,1489680000
燕京YJ6501,驾驶不当,行为,1497110400
燕京YJ6501,喷油提前角,器件,1497110400
燕京YJ6501,排气管冒黑烟,故障,1499184000
燕京YJ6501,排气管,器件,1499184000
燕京YJ6501,制动阀漏气故障,故障,1499356800
燕京YJ6501,驾驶不当,行为,1499356800
燕京YJ6501,气门脚响,故障,1493481600
燕京YJ6501,气门,器件,1493481600
燕京YJ6501,水温高,故障,1488211200
燕京YJ6501,水温表,器件,1488211200
燕京YJ6501,修理不当,行为,1484064000
燕京YJ6501,修理不当,行为,1498147200
燕京YJ6501,发动机,器件,1496505600
燕京YJ6501,不懂保养汽车,行为,1488038400
燕京YJ6501,发动机动力不足,故障,1503072000
燕京YJ6501,责任心不强,行为,1497715200
燕京YJ6501,发动机故障,故障,1489680000
燕京YJ6501,发动机故障,故障,1497110400
燕京YJ6501,意外,行为,1499184000
燕京YJ6501,制动阀,器件,1499356800
燕京YJ6501,修理不当,行为,1493481600
燕京YJ6501,操作分心,行为,1488211200
爱丽舍,爱丽舍,装备,1498924800
爱丽舍,车间异味,故障,1498924800
爱丽舍,车内,器件,1498924800
爱丽舍,修理不当,行为,1498924800
猎豹飞腾,猎豹飞腾,装备,1500220800
猎豹飞腾,猎豹飞腾,装备,1500134400
猎豹飞腾,猎豹飞腾,装备,1494777600
猎豹飞腾,猎豹飞腾,装备,1484409600
猎豹飞腾,猎豹飞腾,装备,1499961600
猎豹飞腾,猎豹飞腾,装备,1495987200
猎豹飞腾,猎豹飞腾,装备,1497974400
猎豹飞腾,猎豹飞腾,装备,1491148800
猎豹飞腾,猎豹飞腾,装备,1486569600
猎豹飞腾,猎豹飞腾,装备,1491667200
猎豹飞腾,猎豹飞腾,装备,1494000000
猎豹飞腾,猎豹飞腾,装备,1490371200
猎豹飞腾,猎豹飞腾,装备,1493481600
猎豹飞腾,知道故障不修理,行为,1500220800
猎豹飞腾,螺栓,器件,1500220800
猎豹飞腾,意外,行为,1500220800
猎豹飞腾,排气门,器件,1500220800
猎豹飞腾,怠速不稳,故障,1500220800
猎豹飞腾,火花塞,器件,1500220800
猎豹飞腾,水温高,故障,1500134400
猎豹飞腾,水泵,器件,1500134400
猎豹飞腾,灯常亮,故障,1494777600
猎豹飞腾,线,器件,1494777600
猎豹飞腾,怠速不稳,故障,1484409600
猎豹飞腾,通气口,器件,1484409600
猎豹飞腾,输油泵故障,故障,1484409600
猎豹飞腾,输出泵,器件,1484409600
猎豹飞腾,责任心不强,行为,1484409600
猎豹飞腾,自动变速器不跳四档故障,故障,1499961600
猎豹飞腾,没有阅读说明书,行为,1499961600
猎豹飞腾,发动机故障,故障,1495987200
猎豹飞腾,螺栓,器件,1495987200
猎豹飞腾,发动机故障,故障,1497974400
猎豹飞腾,轴承盖螺栓,器件,1497974400
猎豹飞腾,刹车失灵,故障,1491148800
猎豹飞腾,刹车线,器件,1491148800
猎豹飞腾,消声器爆裂,故障,1486569600
猎豹飞腾,消声器,器件,1486569600
猎豹飞腾,发动机机油消耗量过大,故障,1491667200
猎豹飞腾,发动机,器件,1491667200
猎豹飞腾,经常不来油,故障,1494000000
猎豹飞腾,油箱,器件,1494000000
猎豹飞腾,发动机间歇性无法启动,故障,1490371200
猎豹飞腾,发动机,器件,1490371200
猎豹飞腾,修理不当,行为,1493481600
猎豹飞腾,保险丝,器件,1493481600
猎豹飞腾,发动机故障,故障,1500220800
猎豹飞腾,修理不当,行为,1500220800
猎豹飞腾,意外,行为,1500134400
猎豹飞腾,上次修理失当,行为,1494777600
猎豹飞腾,不定时检查车况,行为,1484409600
猎豹飞腾,修理不当,行为,1484409600
猎豹飞腾,分电器,器件,1484409600
猎豹飞腾,三元催化器,器件,1499961600
猎豹飞腾,修理不当,行为,1495987200
猎豹飞腾,上次修理失当,行为,1497974400
猎豹飞腾,不懂保养汽车,行为,1491148800
猎豹飞腾,不懂保养汽车,行为,1486569600
猎豹飞腾,不定时检查车况,行为,1491667200
猎豹飞腾,没有阅读说明书,行为,1494000000
猎豹飞腾,不定时检查车况,行为,1490371200
猎豹飞腾,不能启动,故障,1493481600
茶花KQC1042B,茶花KQC1042B,装备,1488729600
茶花KQC1042B,茶花KQC1042B,装备,1483545600
茶花KQC1042B,茶花KQC1042B,装备,1486224000
茶花KQC1042B,茶花KQC1042B,装备,1496160000
茶花KQC1042B,制动时熄火,故障,1488729600
茶花KQC1042B,真空阀,器件,1488729600
茶花KQC1042B,驾驶不当,行为,1483545600
茶花KQC1042B,发动机,器件,1483545600
茶花KQC1042B,中控门锁突然失灵故障,故障,1486224000
茶花KQC1042B,中控门锁,器件,1486224000
茶花KQC1042B,无法启动,故障,1496160000
茶花KQC1042B,操作分心,行为,1496160000
茶花KQC1042B,上次修理失当,行为,1488729600
茶花KQC1042B,制动气压不足,故障,1483545600
茶花KQC1042B,不懂保养汽车,行为,1486224000
茶花KQC1042B,发动机,器件,1496160000
解放CA1090,解放CA1090,装备,1488211200
解放CA1090,解放CA1090,装备,1496851200
解放CA1090,解放CA1090,装备,1488384000
解放CA1090,发动机不能起动,故障,1488211200
解放CA1090,意外,行为,1488211200
解放CA1090,踩制动踏板时大灯亮,故障,1496851200
解放CA1090,意外,行为,1496851200
解放CA1090,扭杆弹力失准与变速器故障,故障,1488384000
解放CA1090,操作分心,行为,1488384000
解放CA1090,发动机,器件,1488211200
解放CA1090,制动踏板,器件,1496851200
解放CA1090,扭杆与变速器,器件,1488384000
解放CA1090汽车,解放CA1090汽车,装备,1484236800
解放CA1090汽车,水箱开锅,故障,1484236800
解放CA1090汽车,水箱,器件,1484236800
解放CA1090汽车,意外,行为,1484236800
解放CA1091汽车,解放CA1091汽车,装备,1483545600
解放CA1091汽车,解放CA1091汽车,装备,1483718400
解放CA1091汽车,分电器盖窜气故障,故障,1483545600
解放CA1091汽车,没有阅读说明书,行为,1483545600
解放CA1091汽车,电枢轴脱焊造成起动机空转,故障,1483545600
解放CA1091汽车,电枢轴,器件,1483545600
解放CA1091汽车,万向十字轴磨损导致动力不足,故障,1483545600
解放CA1091汽车,驾驶不当,行为,1483545600
解放CA1091汽车,活塞环折断,故障,1483718400
解放CA1091汽车,活塞,器件,1483718400
解放CA1091汽车,机油尺屡次跳出,故障,1483718400
解放CA1091汽车,机油尺,器件,1483718400
解放CA1091汽车,驾驶不当,行为,1483718400
解放CA1091汽车,消音器,器件,1483718400
解放CA1091汽车,分电器盖,器件,1483545600
解放CA1091汽车,不懂保养汽车,行为,1483545600
解放CA1091汽车,万向十字轴,器件,1483545600
解放CA1091汽车,没有阅读说明书,行为,1483718400
解放CA1091汽车,不定时检查车况,行为,1483718400
解放CA1091汽车,消声器爆裂,故障,1483718400
解放CA1092汽车,解放CA1092汽车,装备,1484236800
解放CA1092汽车,发动机工作不良,故障,1484236800
解放CA1092汽车,燃爆限制器,器件,1484236800
解放CA1092汽车,修理不当,行为,1484236800
赛欧,赛欧,装备,1497974400
赛欧,点火困难,故障,1497974400
赛欧,操作分心,行为,1497974400
赛欧,喷油头,器件,1497974400
跃进NJ1041MS,跃进NJ1041MS,装备,1483200000
跃进NJ1041MS,跃进NJ1041MS,装备,1497888000
跃进NJ1041MS,跃进NJ1041MS,装备,1498838400
跃进NJ1041MS,跃进NJ1041MS,装备,1485964800
跃进NJ1041MS,跃进NJ1041MS,装备,1494172800
跃进NJ1041MS,跃进NJ1041MS,装备,1493740800
跃进NJ1041MS,跃进NJ1041MS,装备,1490457600
跃进NJ1041MS,跃进NJ1041MS,装备,1499270400
跃进NJ1041MS,操作分心,行为,1483200000
跃进NJ1041MS,混合气,器件,1483200000
跃进NJ1041MS,发动机工作不正常,故障,1497888000
跃进NJ1041MS,粗心,行为,1497888000
跃进NJ1041MS,意外,行为,1498838400
跃进NJ1041MS,点火开关,器件,1498838400
跃进NJ1041MS,发电机不发电故障,故障,1485964800
跃进NJ1041MS,知道故障不修理,行为,1485964800
跃进NJ1041MS,使用制动后不发电,故障,1494172800
跃进NJ1041MS,发电机,器件,1494172800
跃进NJ1041MS,制动阀漏气故障,故障,1493740800
跃进NJ1041MS,没有阅读说明书,行为,1493740800
跃进NJ1041MS,排气管冒黑烟,故障,1490457600
跃进NJ1041MS,操作分心,行为,1490457600
跃进NJ1041MS,发动机无法启动,故障,1499270400
跃进NJ1041MS,粗心,行为,1499270400
跃进NJ1041MS,怠速不稳,故障,1483200000
跃进NJ1041MS,发动机,器件,1497888000
跃进NJ1041MS,冷启动困难,故障,1498838400
跃进NJ1041MS,发电机,器件,1485964800
跃进NJ1041MS,不懂保养汽车,行为,1494172800
跃进NJ1041MS,制动阀,器件,1493740800
跃进NJ1041MS,排气管,器件,1490457600
跃进NJ1041MS,发动机,器件,1499270400
远达SCZ3090CA,远达SCZ3090CA,装备,1499961600
远达SCZ3090CA,远达SCZ3090CA,装备,1497110400
远达SCZ3090CA,空调压缩机跳动,故障,1499961600
远达SCZ3090CA,压力开关,器件,1499961600
远达SCZ3090CA,驾驶不当,行为,1497110400
远达SCZ3090CA,气门脚,器件,1497110400
远达SCZ3090CA,不懂保养汽车,行为,1499961600
远达SCZ3090CA,发动机故障,故障,1497110400
远达SCZ5090GJYEQ,远达SCZ5090GJYEQ,装备,1500048000
远达SCZ5090GJYEQ,远达SCZ5090GJYEQ,装备,1494259200
远达SCZ5090GJYEQ,远达SCZ5090GJYEQ,装备,1488988800
远达SCZ5090GJYEQ,化油器故障,故障,1500048000
远达SCZ5090GJYEQ,粗心,行为,1500048000
远达SCZ5090GJYEQ,蓄电池突然损坏,故障,1494259200
远达SCZ5090GJYEQ,蓄电池,器件,1494259200
远达SCZ5090GJYEQ,输油泵故障,故障,1488988800
远达SCZ5090GJYEQ,输出泵,器件,1488988800
远达SCZ5090GJYEQ,化油器,器件,1500048000
远达SCZ5090GJYEQ,不懂保养汽车,行为,1494259200
远达SCZ5090GJYEQ,粗心,行为,1488988800
远达SCZ5100,远达SCZ5100,装备,1497542400
远达SCZ5100,远达SCZ5100,装备,1485273600
远达SCZ5100,远达SCZ5100,装备,1488038400
远达SCZ5100,远达SCZ5100,装备,1491321600
远达SCZ5100,配气相位严重错乱,故障,1497542400
远达SCZ5100,粗心,行为,1497542400
远达SCZ5100,起动机无反应,故障,1485273600
远达SCZ5100,起动机,器件,1485273600
远达SCZ5100,汽油发动机故障,故障,1488038400
远达SCZ5100,粗心,行为,1488038400
远达SCZ5100,空调不制冷,故障,1491321600
远达SCZ5100,驾驶不当,行为,1491321600
远达SCZ5100,发动机,器件,1497542400
远达SCZ5100,不定时检查车况,行为,1485273600
远达SCZ5100,汽油发动机,器件,1488038400
远达SCZ5100,空调,器件,1491321600
铁马XC2200,铁马XC2200,装备,1486569600
铁马XC2200,脱档,故障,1486569600
铁马XC2200,操作分心,行为,1486569600
铁马XC2200,扁线束,器件,1486569600
铁马XC2200方舱车,铁马XC2200方舱车,装备,1494518400
铁马XC2200方舱车,铁马XC2200方舱车,装备,1484496000
铁马XC2200方舱车,铁马XC2200方舱车,装备,1499616000
铁马XC2200方舱车,熄火,故障,1494518400
铁马XC2200方舱车,分电器断电臂,器件,1494518400
铁马XC2200方舱车,故障灯闪烁,故障,1484496000
铁马XC2200方舱车,操作分心,行为,1484496000
铁马XC2200方舱车,知道故障不修理,行为,1499616000
铁马XC2200方舱车,螺栓,器件,1499616000
铁马XC2200方舱车,不懂保养汽车,行为,1494518400
铁马XC2200方舱车,发动机,器件,1484496000
铁马XC2200方舱车,发动机故障,故障,1499616000
铁马XC2200舟桥车,铁马XC2200舟桥车,装备,1483200000
铁马XC2200舟桥车,铁马XC2200舟桥车,装备,1493568000
铁马XC2200舟桥车,铁马XC2200舟桥车,装备,1489766400
铁马XC2200舟桥车,铁马XC2200舟桥车,装备,1489852800
铁马XC2200舟桥车,铁马XC2200舟桥车,装备,1484755200
铁马XC2200舟桥车,铁马XC2200舟桥车,装备,1494518400
铁马XC2200舟桥车,铁马XC2200舟桥车,装备,1488470400
铁马XC2200舟桥车,铁马XC2200舟桥车,装备,1496678400
铁马XC2200舟桥车,铁马XC2200舟桥车,装备,1496851200
铁马XC2200舟桥车,铁马XC2200舟桥车,装备,1491148800
铁马XC2200舟桥车,铁马XC2200舟桥车,装备,1488729600
铁马XC2200舟桥车,铁马XC2200舟桥车,装备,1490630400
铁马XC2200舟桥车,铁马XC2200舟桥车,装备,1490889600
铁马XC2200舟桥车,没有阅读说明书,行为,1483200000
铁马XC2200舟桥车,混合气,器件,1483200000
铁马XC2200舟桥车,驾驶不当,行为,1483200000
铁马XC2200舟桥车,启动困难,故障,1493568000
铁马XC2200舟桥车,喷油泵,器件,1493568000
铁马XC2200舟桥车,启动困难,故障,1489766400
铁马XC2200舟桥车,化油器,器件,1489766400
铁马XC2200舟桥车,责任心不强,行为,1489852800
铁马XC2200舟桥车,钢板弹簧栓,器件,1489852800
铁马XC2200舟桥车,启动困难,故障,1484755200
铁马XC2200舟桥车,保险丝,器件,1484755200
铁马XC2200舟桥车,意外,行为,1489766400
铁马XC2200舟桥车,钢板弹簧U型固定螺栓,器件,1489766400
铁马XC2200舟桥车,离合器异响,故障,1494518400
铁马XC2200舟桥车,离合器,器件,1494518400
铁马XC2200舟桥车,化油器保养不当,故障,1488470400
铁马XC2200舟桥车,知道故障不修理,行为,1488470400
铁马XC2200舟桥车,发动机异响,故障,1496678400
铁马XC2200舟桥车,知道故障不修理,行为,1496678400
铁马XC2200舟桥车,发动机异响,故障,1496851200
铁马XC2200舟桥车,粗心,行为,1496851200
铁马XC2200舟桥车,造成连续烧瓦,故障,1491148800
铁马XC2200舟桥车,轮轴螺孔,器件,1491148800
铁马XC2200舟桥车,没有阅读说明书,行为,1488729600
铁马XC2200舟桥车,混合气,器件,1488729600
铁马XC2200舟桥车,驾驶不当,行为,1490630400
铁马XC2200舟桥车,链条,器件,1490630400
铁马XC2200舟桥车,空调不致冷,故障,1490889600
铁马XC2200舟桥车,空调,器件,1490889600
铁马XC2200舟桥车,怠速不稳,故障,1483200000
铁马XC2200舟桥车,不懂保养汽车,行为,1493568000
铁马XC2200舟桥车,修理不当,行为,1489766400
铁马XC2200舟桥车,制动跑偏,故障,1489852800
铁马XC2200舟桥车,不懂保养汽车,行为,1484755200
铁马XC2200舟桥车,制动跑偏,故障,1489766400
铁马XC2200舟桥车,修理不当,行为,1494518400
铁马XC2200舟桥车,化油器,器件,1488470400
铁马XC2200舟桥车,发动机,器件,1496678400
铁马XC2200舟桥车,发动机,器件,1496851200
铁马XC2200舟桥车,操作分心,行为,1491148800
铁马XC2200舟桥车,怠速不稳,故障,1488729600
铁马XC2200舟桥车,无法启动故障,故障,1490630400
铁马XC2200舟桥车,没有阅读说明书,行为,1490889600
铁马XC2200载重车,铁马XC2200载重车,装备,1494604800
铁马XC2200载重车,铁马XC2200载重车,装备,1485014400
铁马XC2200载重车,铁马XC2200载重车,装备,1485100800
铁马XC2200载重车,铁马XC2200载重车,装备,1500220800
铁马XC2200载重车,铁马XC2200载重车,装备,1500393600
铁马XC2200载重车,铁马XC2200载重车,装备,1500134400
铁马XC2200载重车,铁马XC2200载重车,装备,1502294400
铁马XC2200载重车,铁马XC2200载重车,装备,1483200000
铁马XC2200载重车,铁马XC2200载重车,装备,1499616000
铁马XC2200载重车,铁马XC2200载重车,装备,1488470400
铁马XC2200载重车,铁马XC2200载重车,装备,1495555200
铁马XC2200载重车,铁马XC2200载重车,装备,1491235200
铁马XC2200载重车,铁马XC2200载重车,装备,1496678400
铁马XC2200载重车,铁马XC2200载重车,装备,1488384000
铁马XC2200载重车,启动困难,故障,1494604800
铁马XC2200载重车,发动机,器件,1494604800
铁马XC2200载重车,水温高,故障,1485014400
铁马XC2200载重车,节温器,器件,1485014400
铁马XC2200载重车,操作分心,行为,1485100800
铁马XC2200载重车,激磁二极管,器件,1485100800
铁马XC2200载重车,知道故障不修理,行为,1500220800
铁马XC2200载重车,电脑模块,器件,1500220800
铁马XC2200载重车,发动机回火,故障,1500393600
铁马XC2200载重车,知道故障不修理,行为,1500393600
铁马XC2200载重车,启动困难,故障,1500134400
铁马XC2200载重车,意外,行为,1500134400
铁马XC2200载重车,水温高,故障,1500134400
铁马XC2200载重车,水泵,器件,1500134400
铁马XC2200载重车,交流发电机充电电流不稳定,故障,1502294400
铁马XC2200载重车,传动皮带,器件,1502294400
铁马XC2200载重车,散热器开关,故障,1483200000
铁马XC2200载重车,散热器,器件,1483200000
铁马XC2200载重车,"起动困难 ",故障,1499616000
铁马XC2200载重车,起动机轴承,器件,1499616000
铁马XC2200载重车,发动机机油消耗量过大,故障,1488470400
铁马XC2200载重车,驾驶不当,行为,1488470400
铁马XC2200载重车,油泵破裂,故障,1495555200
铁马XC2200载重车,油泵,器件,1495555200
铁马XC2200载重车,冷启动困难,故障,1491235200
铁马XC2200载重车,点火开关,器件,1491235200
铁马XC2200载重车,化油器严重回火故障,故障,1496678400
铁马XC2200载重车,意外,行为,1496678400
铁马XC2200载重车,粗心,行为,1488384000
铁马XC2200载重车,汽油管路及汽油泵,器件,1488384000
铁马XC2200载重车,上次修理失当,行为,1494604800
铁马XC2200载重车,意外,行为,1485014400
铁马XC2200载重车,充电指示灯不熄灭,故障,1485100800
铁马XC2200载重车,熄火，发动机故障,故障,1500220800
铁马XC2200载重车,凸轮轴,器件,1500393600
铁马XC2200载重车,变速箱电脑,器件,1500134400
铁马XC2200载重车,不定时检查车况,行为,1500134400
铁马XC2200载重车,不定时检查车况,行为,1502294400
铁马XC2200载重车,操作分心,行为,1483200000
铁马XC2200载重车,责任心不强,行为,1499616000
铁马XC2200载重车,发动机,器件,1488470400
铁马XC2200载重车,操作分心,行为,1495555200
铁马XC2200载重车,不定时检查车况,行为,1491235200
铁马XC2200载重车,化油器,器件,1496678400
铁马XC2200载重车,排除气阻故障,故障,1488384000
长丰猎豹,长丰猎豹,装备,1491321600
长丰猎豹,长丰猎豹,装备,1496678400
长丰猎豹,长丰猎豹,装备,1490371200
长丰猎豹,长丰猎豹,装备,1469808000
长丰猎豹,长丰猎豹,装备,1493654400
长丰猎豹,长丰猎豹,装备,1497715200
长丰猎豹,长丰猎豹,装备,1495728000
长丰猎豹,离合器发料,故障,1491321600
长丰猎豹,责任心不强,行为,1491321600
长丰猎豹,没有阅读说明书,行为,1496678400
长丰猎豹,风扇叶片,器件,1496678400
长丰猎豹,熄火,故障,1490371200
长丰猎豹,责任心不强,行为,1490371200
长丰猎豹,熄火,故障,1469808000
长丰猎豹,油箱,器件,1469808000
长丰猎豹,没有阅读说明书,行为,1493654400
长丰猎豹,进气管,器件,1493654400
长丰猎豹,发动机故障,故障,1497715200
长丰猎豹,齿轮,器件,1497715200
长丰猎豹,操作分心,行为,1495728000
长丰猎豹,齿轮,器件,1495728000
长丰猎豹,离合器,器件,1491321600
长丰猎豹,水温高,故障,1496678400
长丰猎豹,启动机开关,器件,1490371200
长丰猎豹,上次修理失当,行为,1469808000
长丰猎豹,怠速不稳,故障,1493654400
长丰猎豹,修理不当,行为,1497715200
长丰猎豹,发动机故障,故障,1495728000
雪佛兰子弹头客车,雪佛兰子弹头客车,装备,1498060800
雪佛兰子弹头客车,故障灯无故亮起,故障,1498060800
雪佛兰子弹头客车,责任心不强,行为,1498060800
雪佛兰子弹头客车,故障灯,器件,1498060800
雪佛兰柯西,雪佛兰柯西,装备,1483718400
雪佛兰柯西,点火困难,故障,1483718400
雪佛兰柯西,喷油头,器件,1483718400
雪佛兰柯西,上次修理失当,行为,1483718400
风神蓝鸟,风神蓝鸟,装备,1494604800
风神蓝鸟,操作分心,行为,1494604800
风神蓝鸟,转换器,器件,1494604800
风神蓝鸟,动力不足,故障,1494604800
骊山LS6911,骊山LS6911,装备,1493395200
骊山LS6911,骊山LS6911,装备,1495900800
骊山LS6911,空调故障,故障,1493395200
骊山LS6911,空调,器件,1493395200
骊山LS6911,发动不着,故障,1495900800
骊山LS6911,发动机,器件,1495900800
骊山LS6911,修理不当,行为,1493395200
骊山LS6911,上次修理失当,行为,1495900800
黄河DD3090JFZ,黄河DD3090JFZ,装备,1503072000
黄河DD3090JFZ,黄河DD3090JFZ,装备,1497715200
黄河DD3090JFZ,没有阅读说明书,行为,1503072000
黄河DD3090JFZ,蓄电池,器件,1503072000
黄河DD3090JFZ,离合器异响,故障,1503072000
黄河DD3090JFZ,离合器异响,故障,1497715200
黄河DD3090JFZ,驾驶不当,行为,1497715200
黄河DD3090JFZ,发动机无法启动,故障,1503072000
黄河DD3090JFZ,分离轴承,器件,1503072000
黄河DD3090JFZ,从动盘,器件,1497715200
黄河DD5100GJY,黄河DD5100GJY,装备,1497715200
黄河DD5100GJY,怠速不稳且不易起动,故障,1497715200
黄河DD5100GJY,责任心不强,行为,1497715200
黄河DD5100GJY,发动机,器件,1497715200
黄河DD510GYY,黄河DD510GYY,装备,1493568000
黄河DD510GYY,黄河DD510GYY,装备,1494172800
黄河DD510GYY,黄河DD510GYY,装备,1500739200
黄河DD510GYY,缺门反复发响,故障,1493568000
黄河DD510GYY,责任心不强,行为,1493568000
黄河DD510GYY,发动机更换气缸后无法起动,故障,1494172800
黄河DD510GYY,意外,行为,1494172800
黄河DD510GYY,刚大修的发动机严重烧润滑铀,故障,1500739200
黄河DD510GYY,发动机,器件,1500739200
黄河DD510GYY,气门,器件,1493568000
黄河DD510GYY,发动机,器件,1494172800
黄河DD510GYY,上次修理失当,行为,1500739200
